location_id,date,latitude,longitude,elevation_m,slope_deg,rainfall_mm,rainfall_1d_mm,consecutive_rainy_days,consecutive_heavy_rain_days,landslide_probability,probability_percent,operating_threshold,model_decision,warning_status,risk_level,prediction_timestamp_utc
AIZ_GRID_002_23.336229_92.787113,2025-05-30,23.336229,92.787113,687.0,37.87282943725586,199.8891143798828,199.8891143798828,12.0,6.0,0.9650393993205698,96.5,0.47,1,WARNING,CRITICAL,2026-09-07T18:24:59.689167+00:00
AIZ_GRID_002_23.339144_92.786128,2025-05-30,23.339144,92.786128,700.0,9.49730396270752,199.8891143798828,199.8891143798828,12.0,6.0,0.9589048489457628,95.89,0.47,1,WARNING,CRITICAL,2026-09-07T18:24:59.689167+00:00
AIZ_GRID_002_23.341022_92.776761,2025-05-30,23.341022,92.776761,759.0,31.89004707336425,199.8891143798828,199.8891143798828,12.0,6.0,0.9979430128040022,99.79,0.47,1,WARNING,CRITICAL,2026-09-07T18:24:59.689167+00:00
AIZ_GRID_002_23.350187_92.778852,2025-05-30,23.350187,92.778852,834.0,32.65620803833008,199.8891143798828,199.8891143798828,12.0,6.0,0.9986085240691668,99.86,0.47,1,WARNING,CRITICAL,2026-09-07T18:24:59.689167+00:00
AIZ_GRID_002_23.353485_92.780193,2025-05-31,23.353485,92.780193,867.0,28.21599006652832,67.59369659423828,67.59369659423828,13.0,7.0,0.9936712977557066,99.37,0.47,1,WARNING,CRITICAL,2026-09-07T18:24:59.689167+00:00
AIZ_GRID_002_23.356389_92.770278,2024-05-28,23.356389,92.770278,1008.0,23.494129180908203,150.603515625,150.603515625,8.0,6.0,0.9993344887348352,99.93,0.47,1,WARNING,CRITICAL,2026-09-07T18:24:59.689167+00:00
AIZ_GRID_002_23.356944_92.770278,2024-05-28,23.356944,92.770278,1033.0,27.22526359558105,150.603515625,150.603515625,8.0,6.0,0.9996008316008316,99.96,0.47,1,WARNING,CRITICAL,2026-09-07T18:24:59.689167+00:00
AIZ_GRID_002_23.367366_92.767304,2025-06-01,23.367366,92.767304,1162.0,51.299564361572266,176.30020141601562,176.30020141601562,14.0,8.0,0.9861567342233292,98.62,0.47,1,WARNING,CRITICAL,2026-09-07T18:24:59.689167+00:00
AIZ_GRID_002_23.374999_92.775004,2020-01-21,23.374999,92.775004,1258.0,28.33089637756348,0.9925339818000792,0.9925339818000792,0.0,0.0,0.026942979419033,2.69,0.47,0,NO_WARNING,LOW,2026-09-07T18:24:59.689167+00:00
AIZ_GRID_002_23.374999_92.775004,2020-02-07,23.374999,92.775004,1258.0,28.33089637756348,0.0365497581660747,0.0365497581660747,0.0,0.0,0.2347790568605971,23.48,0.47,0,NO_WARNING,LOW,2026-09-07T18:24:59.689167+00:00
AIZ_GRID_002_23.374999_92.775004,2020-02-08,23.374999,92.775004,1258.0,28.33089637756348,0.3281731903553009,0.3281731903553009,0.0,0.0,0.0902045733908942,9.02,0.47,0,NO_WARNING,LOW,2026-09-07T18:24:59.689167+00:00
AIZ_GRID_002_23.374999_92.775004,2020-02-19,23.374999,92.775004,1258.0,28.33089637756348,0.812351644039154,0.812351644039154,0.0,0.0,0.0336843846068451,3.37,0.47,0,NO_WARNING,LOW,2026-09-07T18:24:59.689167+00:00
AIZ_GRID_002_23.374999_92.775004,2020-10-07,23.374999,92.775004,1258.0,28.33089637756348,21.32366943359375,21.32366943359375,10.0,0.0,0.1438742952763899,14.39,0.47,0,NO_WARNING,LOW,2026-09-07T18:24:59.689167+00:00
AIZ_GRID_002_23.374999_92.775004,2021-08-22,23.374999,92.775004,1258.0,28.33089637756348,14.780447959899902,14.780447959899902,12.0,0.0,0.2696365093620861,26.96,0.47,0,NO_WARNING,MODERATE,2026-09-07T18:24:59.689167+00:00
AIZ_GRID_002_23.374999_92.775004,2021-10-05,23.374999,92.775004,1258.0,28.33089637756348,0.6528074741363525,0.6528074741363525,0.0,0.0,0.0307807676591496,3.08,0.47,0,NO_WARNING,LOW,2026-09-07T18:24:59.689167+00:00
AIZ_GRID_002_23.374999_92.775004,2021-11-02,23.374999,92.775004,1258.0,28.33089637756348,1.5893511772155762,1.5893511772155762,2.0,0.0,0.0352083638700641,3.52,0.47,0,NO_WARNING,LOW,2026-09-07T18:24:59.689167+00:00
AIZ_GRID_002_23.374999_92.775004,2021-11-23,23.374999,92.775004,1258.0,28.33089637756348,1.2584608793258667,1.2584608793258667,11.0,0.0,0.322195554138985,32.22,0.47,0,NO_WARNING,MODERATE,2026-09-07T18:24:59.689167+00:00
AIZ_GRID_002_23.374999_92.775004,2022-02-20,23.374999,92.775004,1258.0,28.33089637756348,8.574366569519043,8.574366569519043,1.0,0.0,0.1081831234607615,10.82,0.47,0,NO_WARNING,LOW,2026-09-07T18:24:59.689167+00:00
AIZ_GRID_002_23.374999_92.775004,2022-05-20,23.374999,92.775004,1258.0,28.33089637756348,5.154891490936279,5.154891490936279,4.0,0.0,0.0400902358521281,4.01,0.47,0,NO_WARNING,LOW,2026-09-07T18:24:59.689167+00:00
AIZ_GRID_002_23.374999_92.775004,2023-03-09,23.374999,92.775004,1258.0,28.33089637756348,6.408621311187744,6.408621311187744,1.0,0.0,0.0487890959997578,4.88,0.47,0,NO_WARNING,LOW,2026-09-07T18:24:59.689167+00:00
AIZ_GRID_002_23.374999_92.775004,2023-07-30,23.374999,92.775004,1258.0,28.33089637756348,35.873023986816406,35.873023986816406,2.0,1.0,0.1694187343382518,16.94,0.47,0,NO_WARNING,LOW,2026-09-07T18:24:59.689167+00:00
AIZ_GRID_002_23.374999_92.775004,2024-02-25,23.374999,92.775004,1258.0,28.33089637756348,3.912947416305542,3.912947416305542,5.0,0.0,0.0639811211334703,6.4,0.47,0,NO_WARNING,LOW,2026-09-07T18:24:59.689167+00:00
AIZ_GRID_002_23.374999_92.775004,2024-06-05,23.374999,92.775004,1258.0,28.33089637756348,0.2318180352449417,0.2318180352449417,0.0,0.0,0.0835236010205085,8.35,0.47,0,NO_WARNING,LOW,2026-09-07T18:24:59.689167+00:00
AIZ_GRID_002_23.374999_92.775004,2024-06-18,23.374999,92.775004,1258.0,28.33089637756348,69.17212677001953,69.17212677001953,2.0,1.0,0.0951530473878596,9.52,0.47,0,NO_WARNING,LOW,2026-09-07T18:24:59.689167+00:00
AIZ_GRID_002_23.374999_92.775004,2024-06-21,23.374999,92.775004,1258.0,28.33089637756348,120.64723205566406,120.64723205566406,5.0,1.0,0.3078165123525267,30.78,0.47,0,NO_WARNING,MODERATE,2026-09-07T18:24:59.689167+00:00
AIZ_GRID_002_23.374999_92.775004,2025-02-06,23.374999,92.775004,1258.0,28.33089637756348,0.7428896427154541,0.7428896427154541,0.0,0.0,0.0316392376815828,3.16,0.47,0,NO_WARNING,LOW,2026-09-07T18:24:59.689167+00:00
AIZ_GRID_002_23.374999_92.775004,2025-02-13,23.374999,92.775004,1258.0,28.33089637756348,2.647874593734741,2.647874593734741,1.0,0.0,0.0202544962561265,2.03,0.47,0,NO_WARNING,LOW,2026-09-07T18:24:59.689167+00:00
AIZ_GRID_002_23.374999_92.775004,2025-05-26,23.374999,92.775004,1258.0,28.33089637756348,50.49693298339844,50.49693298339844,8.0,2.0,0.1998578867686342,19.99,0.47,0,NO_WARNING,LOW,2026-09-07T18:24:59.689167+00:00
AIZ_GRID_002_23.374999_92.775004,2025-06-29,23.374999,92.775004,1258.0,28.33089637756348,6.647763729095459,6.647763729095459,8.0,0.0,0.105955494519524,10.6,0.47,0,NO_WARNING,LOW,2026-09-07T18:24:59.689167+00:00
AIZ_GRID_002_23.379722_92.751667,2024-05-28,23.379722,92.751667,1289.0,28.54796981811523,150.603515625,150.603515625,8.0,6.0,0.9948872781128963,99.49,0.47,1,WARNING,CRITICAL,2026-09-07T18:24:59.689167+00:00
AIZ_GRID_002_23.391667_92.755278,2024-05-28,23.391667,92.755278,1306.0,29.517797470092773,150.603515625,150.603515625,8.0,6.0,0.9958859777227792,99.59,0.47,1,WARNING,CRITICAL,2026-09-07T18:24:59.689167+00:00
AIZ_GRID_004_23.424999_92.675004,2020-07-19,23.424999,92.675004,561.0,25.10403823852539,58.90023422241211,58.90023422241211,12.0,1.0,0.2200472423132462,22.0,0.47,0,NO_WARNING,LOW,2026-09-07T18:24:59.689167+00:00
AIZ_GRID_004_23.424999_92.675004,2021-07-15,23.424999,92.675004,561.0,25.10403823852539,0.7664101719856262,0.7664101719856262,0.0,0.0,0.000835032326263,0.08,0.47,0,NO_WARNING,LOW,2026-09-07T18:24:59.689167+00:00
AIZ_GRID_004_23.424999_92.675004,2021-10-29,23.424999,92.675004,561.0,25.10403823852539,0.4691939055919647,0.4691939055919647,0.0,0.0,0.0206152532189861,2.06,0.47,0,NO_WARNING,LOW,2026-09-07T18:24:59.689167+00:00
AIZ_GRID_004_23.424999_92.675004,2021-11-25,23.424999,92.675004,561.0,25.10403823852539,1.0396288633346558,1.0396288633346558,13.0,0.0,0.0920306365038929,9.2,0.47,0,NO_WARNING,LOW,2026-09-07T18:24:59.689167+00:00
AIZ_GRID_004_23.424999_92.675004,2022-05-23,23.424999,92.675004,561.0,25.10403823852539,26.1427001953125,26.1427001953125,7.0,2.0,0.0791210668888838,7.91,0.47,0,NO_WARNING,LOW,2026-09-07T18:24:59.689167+00:00
AIZ_GRID_004_23.424999_92.675004,2022-07-01,23.424999,92.675004,561.0,25.10403823852539,20.00699043273925,20.00699043273925,19.0,0.0,0.2798333385642511,27.98,0.47,0,NO_WARNING,MODERATE,2026-09-07T18:24:59.689167+00:00
AIZ_GRID_004_23.424999_92.675004,2022-07-26,23.424999,92.675004,561.0,25.10403823852539,12.134385108947754,12.134385108947754,7.0,0.0,0.061356111149948,6.14,0.47,0,NO_WARNING,LOW,2026-09-07T18:24:59.689167+00:00
AIZ_GRID_004_23.424999_92.675004,2022-09-06,23.424999,92.675004,561.0,25.10403823852539,8.706238746643066,8.706238746643066,4.0,0.0,0.0148952048216264,1.49,0.47,0,NO_WARNING,LOW,2026-09-07T18:24:59.689167+00:00
AIZ_GRID_004_23.424999_92.675004,2022-11-04,23.424999,92.675004,561.0,25.10403823852539,5.221610069274902,5.221610069274902,1.0,0.0,0.049635538153779,4.96,0.47,0,NO_WARNING,LOW,2026-09-07T18:24:59.689167+00:00
AIZ_GRID_004_23.424999_92.675004,2023-06-26,23.424999,92.675004,561.0,25.10403823852539,18.712804794311523,18.712804794311523,1.0,0.0,0.0178511875445496,1.79,0.47,0,NO_WARNING,LOW,2026-09-07T18:24:59.689167+00:00
AIZ_GRID_004_23.424999_92.675004,2023-07-08,23.424999,92.675004,561.0,25.10403823852539,6.275295257568359,6.275295257568359,5.0,0.0,0.0131888188628635,1.32,0.47,0,NO_WARNING,LOW,2026-09-07T18:24:59.689167+00:00
AIZ_GRID_004_23.424999_92.675004,2023-08-27,23.424999,92.675004,561.0,25.10403823852539,57.01834487915039,57.01834487915039,7.0,3.0,0.3690777393642676,36.91,0.47,0,NO_WARNING,MODERATE,2026-09-07T18:24:59.689167+00:00
AIZ_GRID_004_23.424999_92.675004,2023-12-14,23.424999,92.675004,561.0,25.10403823852539,0.9123627543449402,0.9123627543449402,0.0,0.0,0.0088747597018651,0.89,0.47,0,NO_WARNING,LOW,2026-09-07T18:24:59.689167+00:00
AIZ_GRID_004_23.424999_92.675004,2024-02-18,23.424999,92.675004,561.0,25.10403823852539,0.847285270690918,0.847285270690918,0.0,0.0,0.0035040097959338,0.35,0.47,0,NO_WARNING,LOW,2026-09-07T18:24:59.689167+00:00
AIZ_GRID_004_23.424999_92.675004,2024-03-28,23.424999,92.675004,561.0,25.10403823852539,33.6594352722168,33.6594352722168,1.0,1.0,0.0905472908878051,9.05,0.47,0,NO_WARNING,LOW,2026-09-07T18:24:59.689167+00:00
AIZ_GRID_004_23.424999_92.675004,2024-04-26,23.424999,92.675004,561.0,25.10403823852539,0.8089697957038879,0.8089697957038879,0.0,0.0,0.000835032326263,0.08,0.47,0,NO_WARNING,LOW,2026-09-07T18:24:59.689167+00:00
AIZ_GRID_004_23.424999_92.675004,2024-05-10,23.424999,92.675004,561.0,25.10403823852539,13.544317245483398,13.544317245483398,1.0,0.0,0.0133880381951019,1.34,0.47,0,NO_WARNING,LOW,2026-09-07T18:24:59.689167+00:00
AIZ_GRID_004_23.424999_92.675004,2024-10-05,23.424999,92.675004,561.0,25.10403823852539,0.8969941139221191,0.8969941139221191,0.0,0.0,0.0194599520488254,1.95,0.47,0,NO_WARNING,LOW,2026-09-07T18:24:59.689167+00:00
AIZ_GRID_004_23.424999_92.675004,2025-02-27,23.424999,92.675004,561.0,25.10403823852539,0.6882842779159546,0.6882842779159546,0.0,0.0,0.000835032326263,0.08,0.47,0,NO_WARNING,LOW,2026-09-07T18:24:59.689167+00:00
AIZ_GRID_004_23.424999_92.675004,2025-04-03,23.424999,92.675004,561.0,25.10403823852539,0.1145212575793266,0.1145212575793266,0.0,0.0,0.0154443887076195,1.54,0.47,0,NO_WARNING,LOW,2026-09-07T18:24:59.689167+00:00
AIZ_GRID_004_23.424999_92.675004,2025-06-27,23.424999,92.675004,561.0,25.10403823852539,1.062020182609558,1.062020182609558,20.0,0.0,0.0487635701061494,4.88,0.47,0,NO_WARNING,LOW,2026-09-07T18:24:59.689167+00:00
AIZ_GRID_004_23.443333_92.685278,2024-05-28,23.443333,92.685278,857.0,13.42956829071045,136.586669921875,136.586669921875,8.0,5.0,0.9853372949393312,98.53,0.47,1,WARNING,CRITICAL,2026-09-07T18:24:59.689167+00:00
AIZ_GRID_004_23.448056_92.683333,2024-05-28,23.448056,92.683333,863.0,19.51909446716309,136.586669921875,136.586669921875,8.0,5.0,0.9888625486132312,98.89,0.47,1,WARNING,CRITICAL,2026-09-07T18:24:59.689167+00:00
AIZ_GRID_005_23.416944_92.718056,2024-05-28,23.416944,92.718056,1086.0,32.3216667175293,147.24600219726562,147.24600219726562,8.0,6.0,1.0,100.0,0.47,1,WARNING,CRITICAL,2026-09-07T18:24:59.689167+00:00
AIZ_GRID_005_23.41_92.749444,2024-05-28,23.41,92.749444,1229.0,29.402381896972656,147.24600219726562,147.24600219726562,8.0,6.0,0.996050700843808,99.61,0.47,1,WARNING,CRITICAL,2026-09-07T18:24:59.689167+00:00
AIZ_GRID_005_23.424999_92.725004,2020-09-01,23.424999,92.725004,724.0,12.203960418701172,45.884159088134766,45.884159088134766,3.0,2.0,0.139388018854932,13.94,0.47,0,NO_WARNING,LOW,2026-09-07T18:24:59.689167+00:00
AIZ_GRID_005_23.424999_92.725004,2020-12-30,23.424999,92.725004,724.0,12.203960418701172,0.3323659300804138,0.3323659300804138,0.0,0.0,0.0874296825249421,8.74,0.47,0,NO_WARNING,LOW,2026-09-07T18:24:59.689167+00:00
AIZ_GRID_005_23.424999_92.725004,2021-01-15,23.424999,92.725004,724.0,12.203960418701172,0.3883646428585052,0.3883646428585052,0.0,0.0,0.1076669948211728,10.77,0.47,0,NO_WARNING,LOW,2026-09-07T18:24:59.689167+00:00
AIZ_GRID_005_23.424999_92.725004,2021-04-25,23.424999,92.725004,724.0,12.203960418701172,0.9866896867752076,0.9866896867752076,0.0,0.0,0.01826604046399,1.83,0.47,0,NO_WARNING,LOW,2026-09-07T18:24:59.689167+00:00
AIZ_GRID_005_23.424999_92.725004,2021-06-18,23.424999,92.725004,724.0,12.203960418701172,14.252226829528809,14.252226829528809,2.0,0.0,0.0420991150560703,4.21,0.47,0,NO_WARNING,LOW,2026-09-07T18:24:59.689167+00:00
AIZ_GRID_005_23.424999_92.725004,2021-12-10,23.424999,92.725004,724.0,12.203960418701172,0.0546193793416023,0.0546193793416023,0.0,0.0,0.086704638131529,8.67,0.47,0,NO_WARNING,LOW,2026-09-07T18:24:59.689167+00:00
AIZ_GRID_005_23.424999_92.725004,2021-12-18,23.424999,92.725004,724.0,12.203960418701172,0.4952053725719452,0.4952053725719452,0.0,0.0,0.01826604046399,1.83,0.47,0,NO_WARNING,LOW,2026-09-07T18:24:59.689167+00:00
AIZ_GRID_005_23.424999_92.725004,2021-12-19,23.424999,92.725004,724.0,12.203960418701172,0.4952053725719452,0.4952053725719452,0.0,0.0,0.01826604046399,1.83,0.47,0,NO_WARNING,LOW,2026-09-07T18:24:59.689167+00:00
AIZ_GRID_005_23.424999_92.725004,2021-12-28,23.424999,92.725004,724.0,12.203960418701172,0.3618977069854736,0.3618977069854736,0.0,0.0,0.1083474179467352,10.83,0.47,0,NO_WARNING,LOW,2026-09-07T18:24:59.689167+00:00
AIZ_GRID_005_23.424999_92.725004,2022-04-14,23.424999,92.725004,724.0,12.203960418701172,4.028541088104248,4.028541088104248,1.0,0.0,0.0333410878008532,3.33,0.47,0,NO_WARNING,LOW,2026-09-07T18:24:59.689167+00:00
AIZ_GRID_005_23.424999_92.725004,2022-10-04,23.424999,92.725004,724.0,12.203960418701172,18.203590393066406,18.203590393066406,6.0,0.0,0.184203725546111,18.42,0.47,0,NO_WARNING,LOW,2026-09-07T18:24:59.689167+00:00
AIZ_GRID_005_23.424999_92.725004,2023-12-28,23.424999,92.725004,724.0,12.203960418701172,0.6232357025146484,0.6232357025146484,0.0,0.0,0.0159302513390376,1.59,0.47,0,NO_WARNING,LOW,2026-09-07T18:24:59.689167+00:00
AIZ_GRID_005_23.424999_92.725004,2024-01-18,23.424999,92.725004,724.0,12.203960418701172,4.3576178550720215,4.3576178550720215,1.0,0.0,0.0535110322407855,5.35,0.47,0,NO_WARNING,LOW,2026-09-07T18:24:59.689167+00:00
AIZ_GRID_005_23.424999_92.725004,2024-03-29,23.424999,92.725004,724.0,12.203960418701172,5.140321254730225,5.140321254730225,2.0,0.0,0.0697807919262427,6.98,0.47,0,NO_WARNING,LOW,2026-09-07T18:24:59.689167+00:00
AIZ_GRID_005_23.424999_92.725004,2024-04-30,23.424999,92.725004,724.0,12.203960418701172,0.8425369262695312,0.8425369262695312,0.0,0.0,0.0167298342405977,1.67,0.47,0,NO_WARNING,LOW,2026-09-07T18:24:59.689167+00:00
AIZ_GRID_005_23.424999_92.725004,2024-08-31,23.424999,92.725004,724.0,12.203960418701172,72.32134246826172,72.32134246826172,20.0,1.0,0.4284455287281479,42.84,0.47,0,NO_WARNING,MODERATE,2026-09-07T18:24:59.689167+00:00
AIZ_GRID_005_23.424999_92.725004,2024-09-21,23.424999,92.725004,724.0,12.203960418701172,13.565730094909668,13.565730094909668,2.0,0.0,0.0687250016424395,6.87,0.47,0,NO_WARNING,LOW,2026-09-07T18:24:59.689167+00:00
AIZ_GRID_005_23.424999_92.725004,2025-06-15,23.424999,92.725004,724.0,12.203960418701172,57.59113311767578,57.59113311767578,8.0,2.0,0.2388734739897177,23.89,0.47,0,NO_WARNING,LOW,2026-09-07T18:24:59.689167+00:00
AIZ_GRID_005_23.427222_92.712778,2024-05-28,23.427222,92.712778,919.0,37.948974609375,147.24600219726562,147.24600219726562,8.0,6.0,1.0,100.0,0.47,1,WARNING,CRITICAL,2026-09-07T18:24:59.689167+00:00
AIZ_GRID_006_23.410771_92.753123,2024-05-28,23.410771,92.753123,1116.0,31.887178421020508,145.19252014160156,145.19252014160156,8.0,6.0,1.0,100.0,0.47,1,WARNING,CRITICAL,2026-09-07T18:24:59.689167+00:00
AIZ_GRID_006_23.424999_92.775004,2020-06-07,23.424999,92.775004,1121.0,26.242820739746097,1.3653839826583862,1.3653839826583862,6.0,0.0,0.063350577996958,6.34,0.47,0,NO_WARNING,LOW,2026-09-07T18:24:59.689167+00:00
AIZ_GRID_006_23.424999_92.775004,2020-08-03,23.424999,92.775004,1121.0,26.242820739746097,46.5384635925293,46.5384635925293,9.0,1.0,0.1369772090183149,13.7,0.47,0,NO_WARNING,LOW,2026-09-07T18:24:59.689167+00:00
AIZ_GRID_006_23.424999_92.775004,2020-11-02,23.424999,92.775004,1121.0,26.242820739746097,14.01244068145752,14.01244068145752,4.0,0.0,0.0801190211979356,8.01,0.47,0,NO_WARNING,LOW,2026-09-07T18:24:59.689167+00:00
AIZ_GRID_006_23.424999_92.775004,2020-11-24,23.424999,92.775004,1121.0,26.242820739746097,11.23943042755127,11.23943042755127,1.0,0.0,0.0230738023950531,2.31,0.47,0,NO_WARNING,LOW,2026-09-07T18:24:59.689167+00:00
AIZ_GRID_006_23.424999_92.775004,2021-01-10,23.424999,92.775004,1121.0,26.242820739746097,0.3851186037063598,0.3851186037063598,0.0,0.0,0.1713223110246399,17.13,0.47,0,NO_WARNING,LOW,2026-09-07T18:24:59.689167+00:00
AIZ_GRID_006_23.424999_92.775004,2021-01-28,23.424999,92.775004,1121.0,26.242820739746097,0.4120071530342102,0.4120071530342102,0.0,0.0,0.1003071998526219,10.03,0.47,0,NO_WARNING,LOW,2026-09-07T18:24:59.689167+00:00
AIZ_GRID_006_23.424999_92.775004,2021-11-04,23.424999,92.775004,1121.0,26.242820739746097,1.594720482826233,1.594720482826233,4.0,0.0,0.0378859652253451,3.79,0.47,0,NO_WARNING,LOW,2026-09-07T18:24:59.689167+00:00
AIZ_GRID_006_23.424999_92.775004,2022-06-16,23.424999,92.775004,1121.0,26.242820739746097,22.25127601623535,22.25127601623535,4.0,0.0,0.1898134196105031,18.98,0.47,0,NO_WARNING,LOW,2026-09-07T18:24:59.689167+00:00
AIZ_GRID_006_23.424999_92.775004,2022-10-04,23.424999,92.775004,1121.0,26.242820739746097,15.399471282958984,15.399471282958984,6.0,0.0,0.0893050903911225,8.93,0.47,0,NO_WARNING,LOW,2026-09-07T18:24:59.689167+00:00
AIZ_GRID_006_23.424999_92.775004,2022-10-24,23.424999,92.775004,1121.0,26.242820739746097,55.67961120605469,55.67961120605469,2.0,2.0,0.159222041764336,15.92,0.47,0,NO_WARNING,LOW,2026-09-07T18:24:59.689167+00:00
AIZ_GRID_006_23.424999_92.775004,2022-11-22,23.424999,92.775004,1121.0,26.242820739746097,0.979658544063568,0.979658544063568,0.0,0.0,0.0125877232106468,1.26,0.47,0,NO_WARNING,LOW,2026-09-07T18:24:59.689167+00:00
AIZ_GRID_006_23.424999_92.775004,2022-12-27,23.424999,92.775004,1121.0,26.242820739746097,9.883111000061035,9.883111000061035,1.0,0.0,0.0265414754380283,2.65,0.47,0,NO_WARNING,LOW,2026-09-07T18:24:59.689167+00:00
AIZ_GRID_006_23.424999_92.775004,2023-01-11,23.424999,92.775004,1121.0,26.242820739746097,0.3440600931644439,0.3440600931644439,0.0,0.0,0.0955024551803005,9.55,0.47,0,NO_WARNING,LOW,2026-09-07T18:24:59.689167+00:00
AIZ_GRID_006_23.424999_92.775004,2023-01-20,23.424999,92.775004,1121.0,26.242820739746097,0.4967628121376037,0.4967628121376037,0.0,0.0,0.0098673044278704,0.99,0.47,0,NO_WARNING,LOW,2026-09-07T18:24:59.689167+00:00
AIZ_GRID_006_23.424999_92.775004,2023-01-31,23.424999,92.775004,1121.0,26.242820739746097,1.497333288192749,1.497333288192749,1.0,0.0,0.0151712693018715,1.52,0.47,0,NO_WARNING,LOW,2026-09-07T18:24:59.689167+00:00
AIZ_GRID_006_23.424999_92.775004,2023-06-15,23.424999,92.775004,1121.0,26.242820739746097,24.16373443603516,24.16373443603516,3.0,0.0,0.1238599783022554,12.39,0.47,0,NO_WARNING,LOW,2026-09-07T18:24:59.689167+00:00
AIZ_GRID_006_23.424999_92.775004,2023-06-29,23.424999,92.775004,1121.0,26.242820739746097,0.4214024841785431,0.4214024841785431,0.0,0.0,0.0945568746691397,9.46,0.47,0,NO_WARNING,LOW,2026-09-07T18:24:59.689167+00:00
AIZ_GRID_006_23.424999_92.775004,2025-01-06,23.424999,92.775004,1121.0,26.242820739746097,0.1989367008209228,0.1989367008209228,0.0,0.0,0.1183122131793651,11.83,0.47,0,NO_WARNING,LOW,2026-09-07T18:24:59.689167+00:00
AIZ_GRID_006_23.424999_92.775004,2025-02-06,23.424999,92.775004,1121.0,26.242820739746097,0.6671853065490723,0.6671853065490723,0.0,0.0,0.0066656412262072,0.67,0.47,0,NO_WARNING,LOW,2026-09-07T18:24:59.689167+00:00
AIZ_GRID_006_23.424999_92.775004,2025-06-17,23.424999,92.775004,1121.0,26.242820739746097,39.13832473754883,39.13832473754883,10.0,4.0,0.4523086388233001,45.23,0.47,0,NO_WARNING,MODERATE,2026-09-07T18:24:59.689167+00:00
AIZ_GRID_006_23.431944_92.760833,2024-05-28,23.431944,92.760833,1475.0,26.61834716796875,145.19252014160156,145.19252014160156,8.0,6.0,0.9970563002246908,99.71,0.47,1,WARNING,CRITICAL,2026-09-07T18:24:59.689167+00:00
AIZ_GRID_006_23.432778_92.761111,2024-05-28,23.432778,92.761111,1513.0,19.981767654418945,145.19252014160156,145.19252014160156,8.0,6.0,0.9970116663656228,99.7,0.47,1,WARNING,CRITICAL,2026-09-07T18:24:59.689167+00:00
AIZ_GRID_006_23.441389_92.778889,2024-05-28,23.441389,92.778889,1340.0,27.899396896362305,145.19252014160156,145.19252014160156,8.0,6.0,0.9960103556453636,99.6,0.47,1,WARNING,CRITICAL,2026-09-07T18:24:59.689167+00:00
AIZ_GRID_008_23.450833_92.6825,2024-05-28,23.450833,92.6825,905.0,9.49730396270752,119.37982177734376,119.37982177734376,8.0,5.0,0.9824196346262096,98.24,0.47,1,WARNING,CRITICAL,2026-09-07T18:24:59.689167+00:00
AIZ_GRID_008_23.474999_92.675004,2020-02-13,23.474999,92.675004,511.0,23.73074722290039,0.8751627206802368,0.8751627206802368,0.0,0.0,0.0082494032220079,0.82,0.47,0,NO_WARNING,LOW,2026-09-07T18:24:59.689167+00:00
AIZ_GRID_008_23.474999_92.675004,2020-02-23,23.474999,92.675004,511.0,23.73074722290039,0.2439732104539871,0.2439732104539871,0.0,0.0,0.0,0.0,0.47,0,NO_WARNING,LOW,2026-09-07T18:24:59.689167+00:00
AIZ_GRID_008_23.474999_92.675004,2020-04-25,23.474999,92.675004,511.0,23.73074722290039,22.493328094482425,22.493328094482425,5.0,0.0,0.0308058533363146,3.08,0.47,0,NO_WARNING,LOW,2026-09-07T18:24:59.689167+00:00
AIZ_GRID_008_23.474999_92.675004,2020-06-08,23.474999,92.675004,511.0,23.73074722290039,1.2483196258544922,1.2483196258544922,11.0,0.0,0.071719897131884,7.17,0.47,0,NO_WARNING,LOW,2026-09-07T18:24:59.689167+00:00
AIZ_GRID_008_23.474999_92.675004,2020-06-27,23.474999,92.675004,511.0,23.73074722290039,54.48618316650391,54.48618316650391,3.0,1.0,0.0241251054803617,2.41,0.47,0,NO_WARNING,LOW,2026-09-07T18:24:59.689167+00:00
AIZ_GRID_008_23.474999_92.675004,2020-09-16,23.474999,92.675004,511.0,23.73074722290039,0.3941623568534851,0.3941623568534851,0.0,0.0,0.0052485171620138,0.52,0.47,0,NO_WARNING,LOW,2026-09-07T18:24:59.689167+00:00
AIZ_GRID_008_23.474999_92.675004,2020-11-03,23.474999,92.675004,511.0,23.73074722290039,0.0792689099907875,0.0792689099907875,0.0,0.0,0.0,0.0,0.47,0,NO_WARNING,LOW,2026-09-07T18:24:59.689167+00:00
AIZ_GRID_008_23.474999_92.675004,2021-03-19,23.474999,92.675004,511.0,23.73074722290039,0.7712522149085999,0.7712522149085999,0.0,0.0,0.0,0.0,0.47,0,NO_WARNING,LOW,2026-09-07T18:24:59.689167+00:00
AIZ_GRID_008_23.474999_92.675004,2021-05-02,23.474999,92.675004,511.0,23.73074722290039,8.786857604980469,8.786857604980469,3.0,0.0,0.0073858488364072,0.74,0.47,0,NO_WARNING,LOW,2026-09-07T18:24:59.689167+00:00
AIZ_GRID_008_23.474999_92.675004,2021-06-06,23.474999,92.675004,511.0,23.73074722290039,65.02763366699219,65.02763366699219,2.0,2.0,0.0624084432592558,6.24,0.47,0,NO_WARNING,LOW,2026-09-07T18:24:59.689167+00:00
AIZ_GRID_008_23.474999_92.675004,2021-11-01,23.474999,92.675004,511.0,23.73074722290039,0.2684950530529022,0.2684950530529022,0.0,0.0,0.0,0.0,0.47,0,NO_WARNING,LOW,2026-09-07T18:24:59.689167+00:00
AIZ_GRID_008_23.474999_92.675004,2021-12-04,23.474999,92.675004,511.0,23.73074722290039,10.475936889648438,10.475936889648438,1.0,0.0,0.0041249748047901,0.41,0.47,0,NO_WARNING,LOW,2026-09-07T18:24:59.689167+00:00
AIZ_GRID_008_23.474999_92.675004,2021-12-11,23.474999,92.675004,511.0,23.73074722290039,0.4340362548828125,0.4340362548828125,0.0,0.0,0.0156084558094956,1.56,0.47,0,NO_WARNING,LOW,2026-09-07T18:24:59.689167+00:00
AIZ_GRID_008_23.474999_92.675004,2022-01-27,23.474999,92.675004,511.0,23.73074722290039,2.1877403259277344,2.1877403259277344,2.0,0.0,0.0,0.0,0.47,0,NO_WARNING,LOW,2026-09-07T18:24:59.689167+00:00
AIZ_GRID_008_23.474999_92.675004,2022-04-30,23.474999,92.675004,511.0,23.73074722290039,7.382530212402344,7.382530212402344,1.0,0.0,0.0382663229675492,3.83,0.47,0,NO_WARNING,LOW,2026-09-07T18:24:59.689167+00:00
AIZ_GRID_008_23.474999_92.675004,2022-05-31,23.474999,92.675004,511.0,23.73074722290039,29.12736320495605,29.12736320495605,3.0,1.0,0.0207613850516119,2.08,0.47,0,NO_WARNING,LOW,2026-09-07T18:24:59.689167+00:00
AIZ_GRID_008_23.474999_92.675004,2022-08-02,23.474999,92.675004,511.0,23.73074722290039,80.74913787841797,80.74913787841797,4.0,1.0,0.0353923649262648,3.54,0.47,0,NO_WARNING,LOW,2026-09-07T18:24:59.689167+00:00
AIZ_GRID_008_23.474999_92.675004,2022-08-12,23.474999,92.675004,511.0,23.73074722290039,30.35999870300293,30.35999870300293,1.0,1.0,0.0152811540481579,1.53,0.47,0,NO_WARNING,LOW,2026-09-07T18:24:59.689167+00:00
AIZ_GRID_008_23.474999_92.675004,2022-09-23,23.474999,92.675004,511.0,23.73074722290039,32.16499710083008,32.16499710083008,3.0,2.0,0.2552471585025847,25.52,0.47,0,NO_WARNING,MODERATE,2026-09-07T18:24:59.689167+00:00
AIZ_GRID_008_23.474999_92.675004,2023-01-05,23.474999,92.675004,511.0,23.73074722290039,0.3869247138500213,0.3869247138500213,0.0,0.0,0.0021357374341069,0.21,0.47,0,NO_WARNING,LOW,2026-09-07T18:24:59.689167+00:00
AIZ_GRID_008_23.474999_92.675004,2023-06-05,23.474999,92.675004,511.0,23.73074722290039,78.9800796508789,78.9800796508789,1.0,1.0,0.0146221814129989,1.46,0.47,0,NO_WARNING,LOW,2026-09-07T18:24:59.689167+00:00
AIZ_GRID_008_23.474999_92.675004,2023-11-16,23.474999,92.675004,511.0,23.73074722290039,119.215576171875,119.215576171875,2.0,1.0,0.0052810255975755,0.53,0.47,0,NO_WARNING,LOW,2026-09-07T18:24:59.689167+00:00
AIZ_GRID_008_23.474999_92.675004,2023-12-16,23.474999,92.675004,511.0,23.73074722290039,0.837959885597229,0.837959885597229,0.0,0.0,0.0029353203356669,0.29,0.47,0,NO_WARNING,LOW,2026-09-07T18:24:59.689167+00:00
AIZ_GRID_008_23.474999_92.675004,2024-03-02,23.474999,92.675004,511.0,23.73074722290039,0.7830528616905212,0.7830528616905212,0.0,0.0,0.0,0.0,0.47,0,NO_WARNING,LOW,2026-09-07T18:24:59.689167+00:00
AIZ_GRID_008_23.474999_92.675004,2024-08-17,23.474999,92.675004,511.0,23.73074722290039,68.79900360107422,68.79900360107422,22.0,4.0,0.6103642140757122,61.04,0.47,1,WARNING,HIGH,2026-09-07T18:24:59.689167+00:00
AIZ_GRID_008_23.474999_92.675004,2025-05-15,23.474999,92.675004,511.0,23.73074722290039,0.3297586441040039,0.3297586441040039,0.0,0.0,0.0,0.0,0.47,0,NO_WARNING,LOW,2026-09-07T18:24:59.689167+00:00
AIZ_GRID_008_23.474999_92.675004,2025-06-06,23.474999,92.675004,511.0,23.73074722290039,4.255560398101807,4.255560398101807,19.0,0.0,0.0516818977687095,5.17,0.47,0,NO_WARNING,LOW,2026-09-07T18:24:59.689167+00:00
AIZ_GRID_008_23.474999_92.675004,2025-06-15,23.474999,92.675004,511.0,23.73074722290039,43.48501205444336,43.48501205444336,8.0,2.0,0.0228463470459554,2.28,0.47,0,NO_WARNING,LOW,2026-09-07T18:24:59.689167+00:00
AIZ_GRID_008_23.474999_92.675004,2025-06-22,23.474999,92.675004,511.0,23.73074722290039,161.6782684326172,161.6782684326172,15.0,1.0,0.2239615163124886,22.4,0.47,0,NO_WARNING,LOW,2026-09-07T18:24:59.689167+00:00
AIZ_GRID_009_23.467778_92.741111,2024-05-28,23.467778,92.741111,1337.0,49.54093170166016,125.5210418701172,125.5210418701172,8.0,6.0,0.9880481260180752,98.8,0.47,1,WARNING,CRITICAL,2026-09-07T18:24:59.689167+00:00
AIZ_GRID_009_23.468056_92.716389,2024-05-28,23.468056,92.716389,1123.0,32.27671813964844,125.5210418701172,125.5210418701172,8.0,6.0,0.9981357374341068,99.81,0.47,1,WARNING,CRITICAL,2026-09-07T18:24:59.689167+00:00
AIZ_GRID_009_23.4688_92.7208,2025-01-02,23.4688,92.7208,1141.0,25.37133026123047,0.4006854593753814,0.4006854593753814,0.0,0.0,0.4662451501090762,46.62,0.47,0,NO_WARNING,MODERATE,2026-09-07T18:24:59.689167+00:00
AIZ_GRID_009_23.469247_92.744068,2025-06-01,23.469247,92.744068,1357.0,20.974666595458984,183.15338134765625,183.15338134765625,14.0,8.0,0.97998109360618,98.0,0.47,1,WARNING,CRITICAL,2026-09-07T18:24:59.689167+00:00
AIZ_GRID_009_23.4725_92.714444,2024-05-28,23.4725,92.714444,1072.0,21.8457145690918,125.5210418701172,125.5210418701172,8.0,6.0,1.0,100.0,0.47,1,WARNING,CRITICAL,2026-09-07T18:24:59.689167+00:00
AIZ_GRID_009_23.474999_92.725004,2020-01-12,23.474999,92.725004,967.0,22.421056747436523,0.8659884333610535,0.8659884333610535,0.0,0.0,0.062659079130236,6.27,0.47,0,NO_WARNING,LOW,2026-09-07T18:24:59.689167+00:00
AIZ_GRID_009_23.474999_92.725004,2020-02-15,23.474999,92.725004,967.0,22.421056747436523,0.7664725184440613,0.7664725184440613,0.0,0.0,0.0268224921494625,2.68,0.47,0,NO_WARNING,LOW,2026-09-07T18:24:59.689167+00:00
AIZ_GRID_009_23.474999_92.725004,2020-05-03,23.474999,92.725004,967.0,22.421056747436523,3.135825634002685,3.135825634002685,2.0,0.0,0.0137179596223169,1.37,0.47,0,NO_WARNING,LOW,2026-09-07T18:24:59.689167+00:00
AIZ_GRID_009_23.474999_92.725004,2020-06-27,23.474999,92.725004,967.0,22.421056747436523,49.951454162597656,49.951454162597656,3.0,1.0,0.1688899701117645,16.89,0.47,0,NO_WARNING,LOW,2026-09-07T18:24:59.689167+00:00
AIZ_GRID_009_23.474999_92.725004,2020-10-03,23.474999,92.725004,967.0,22.421056747436523,54.25925827026367,54.25925827026367,6.0,2.0,0.1811470285134658,18.11,0.47,0,NO_WARNING,LOW,2026-09-07T18:24:59.689167+00:00
AIZ_GRID_009_23.474999_92.725004,2021-09-27,23.474999,92.725004,967.0,22.421056747436523,1.9348262548446653,1.9348262548446653,2.0,0.0,0.0101622517483202,1.02,0.47,0,NO_WARNING,LOW,2026-09-07T18:24:59.689167+00:00
AIZ_GRID_009_23.474999_92.725004,2022-02-12,23.474999,92.725004,967.0,22.421056747436523,0.9580726027488708,0.9580726027488708,0.0,0.0,0.0274119615203235,2.74,0.47,0,NO_WARNING,LOW,2026-09-07T18:24:59.689167+00:00
AIZ_GRID_009_23.474999_92.725004,2022-03-04,23.474999,92.725004,967.0,22.421056747436523,1.071848750114441,1.071848750114441,13.0,0.0,0.3344587901316255,33.45,0.47,0,NO_WARNING,MODERATE,2026-09-07T18:24:59.689167+00:00
AIZ_GRID_009_23.474999_92.725004,2022-07-17,23.474999,92.725004,967.0,22.421056747436523,68.04119110107422,68.04119110107422,4.0,1.0,0.24320498293737,24.32,0.47,0,NO_WARNING,LOW,2026-09-07T18:24:59.689167+00:00
AIZ_GRID_009_23.474999_92.725004,2022-10-19,23.474999,92.725004,967.0,22.421056747436523,4.040332794189453,4.040332794189453,4.0,0.0,0.0104523087828406,1.05,0.47,0,NO_WARNING,LOW,2026-09-07T18:24:59.689167+00:00
AIZ_GRID_009_23.474999_92.725004,2023-03-03,23.474999,92.725004,967.0,22.421056747436523,1.2732326984405518,1.2732326984405518,6.0,0.0,0.0597090340768147,5.97,0.47,0,NO_WARNING,LOW,2026-09-07T18:24:59.689167+00:00
AIZ_GRID_009_23.474999_92.725004,2023-04-04,23.474999,92.725004,967.0,22.421056747436523,0.4356584250926971,0.4356584250926971,0.0,0.0,0.1006454150621794,10.06,0.47,0,NO_WARNING,LOW,2026-09-07T18:24:59.689167+00:00
AIZ_GRID_009_23.474999_92.725004,2023-04-21,23.474999,92.725004,967.0,22.421056747436523,9.742743492126465,9.742743492126465,2.0,0.0,0.0505785324285045,5.06,0.47,0,NO_WARNING,LOW,2026-09-07T18:24:59.689167+00:00
AIZ_GRID_009_23.474999_92.725004,2023-04-29,23.474999,92.725004,967.0,22.421056747436523,1.1855347156524658,1.1855347156524658,1.0,0.0,0.0250862622663837,2.51,0.47,0,NO_WARNING,LOW,2026-09-07T18:24:59.689167+00:00
AIZ_GRID_009_23.474999_92.725004,2023-05-10,23.474999,92.725004,967.0,22.421056747436523,2.141318321228028,2.141318321228028,5.0,0.0,0.0134856646181693,1.35,0.47,0,NO_WARNING,LOW,2026-09-07T18:24:59.689167+00:00
AIZ_GRID_009_23.474999_92.725004,2023-05-16,23.474999,92.725004,967.0,22.421056747436523,11.54466152191162,11.54466152191162,5.0,0.0,0.1019078528072905,10.19,0.47,0,NO_WARNING,LOW,2026-09-07T18:24:59.689167+00:00
AIZ_GRID_009_23.474999_92.725004,2023-06-19,23.474999,92.725004,967.0,22.421056747436523,50.06696319580078,50.06696319580078,7.0,3.0,0.2487818425610067,24.88,0.47,0,NO_WARNING,LOW,2026-09-07T18:24:59.689167+00:00
AIZ_GRID_009_23.474999_92.725004,2023-07-30,23.474999,92.725004,967.0,22.421056747436523,41.69883346557617,41.69883346557617,1.0,1.0,0.1011280827195801,10.11,0.47,0,NO_WARNING,LOW,2026-09-07T18:24:59.689167+00:00
AIZ_GRID_009_23.474999_92.725004,2023-10-17,23.474999,92.725004,967.0,22.421056747436523,0.9637473225593568,0.9637473225593568,0.0,0.0,0.0230056146422746,2.3,0.47,0,NO_WARNING,LOW,2026-09-07T18:24:59.689167+00:00
AIZ_GRID_009_23.474999_92.725004,2023-11-21,23.474999,92.725004,967.0,22.421056747436523,4.806942462921143,4.806942462921143,2.0,0.0,0.0249283044376553,2.49,0.47,0,NO_WARNING,LOW,2026-09-07T18:24:59.689167+00:00
AIZ_GRID_009_23.474999_92.725004,2024-01-31,23.474999,92.725004,967.0,22.421056747436523,2.761115550994873,2.761115550994873,1.0,0.0,0.0189944749741263,1.9,0.47,0,NO_WARNING,LOW,2026-09-07T18:24:59.689167+00:00
AIZ_GRID_009_23.474999_92.725004,2024-07-18,23.474999,92.725004,967.0,22.421056747436523,6.647886753082275,6.647886753082275,6.0,0.0,0.06326461573733,6.33,0.47,0,NO_WARNING,LOW,2026-09-07T18:24:59.689167+00:00
AIZ_GRID_009_23.474999_92.725004,2025-02-01,23.474999,92.725004,967.0,22.421056747436523,0.5740148425102234,0.5740148425102234,0.0,0.0,0.0307579318228557,3.08,0.47,0,NO_WARNING,LOW,2026-09-07T18:24:59.689167+00:00
AIZ_GRID_009_23.474999_92.725004,2025-05-01,23.474999,92.725004,967.0,22.421056747436523,13.02029800415039,13.02029800415039,1.0,0.0,0.0937157225504256,9.37,0.47,0,NO_WARNING,LOW,2026-09-07T18:24:59.689167+00:00
AIZ_GRID_009_23.474999_92.725004,2025-05-14,23.474999,92.725004,967.0,22.421056747436523,9.650297164916992,9.650297164916992,9.0,0.0,0.1460120112498235,14.6,0.47,0,NO_WARNING,LOW,2026-09-07T18:24:59.689167+00:00
AIZ_GRID_009_23.474999_92.725004,2025-05-17,23.474999,92.725004,967.0,22.421056747436523,54.13398361206055,54.13398361206055,1.0,1.0,0.0438488461153468,4.38,0.47,0,NO_WARNING,LOW,2026-09-07T18:24:59.689167+00:00
AIZ_GRID_009_23.47_92.7215,2025-06-02,23.47,92.7215,1086.0,32.07890701293945,7.405479431152344,7.405479431152344,15.0,0.0,0.8989288212998149,89.89,0.47,1,WARNING,CRITICAL,2026-09-07T18:24:59.689167+00:00
AIZ_GRID_009_23.485556_92.703056,2024-05-28,23.485556,92.703056,971.0,18.54336929321289,125.5210418701172,125.5210418701172,8.0,6.0,0.9874497884571376,98.74,0.47,1,WARNING,CRITICAL,2026-09-07T18:24:59.689167+00:00
AIZ_GRID_009_23.4855_92.7033,2024-07-02,23.4855,92.7033,957.0,24.25544166564941,34.26607131958008,34.26607131958008,15.0,3.0,0.8559819169219179,85.6,0.47,1,WARNING,CRITICAL,2026-09-07T18:24:59.689167+00:00
AIZ_GRID_009_23.490833_92.705556,2024-05-28,23.490833,92.705556,1018.0,40.86216735839844,125.5210418701172,125.5210418701172,8.0,6.0,1.0,100.0,0.47,1,WARNING,CRITICAL,2026-09-07T18:24:59.689167+00:00
AIZ_GRID_009_23.4946_92.7044,2024-08-25,23.4946,92.7044,905.0,31.02042388916016,22.08466339111328,22.08466339111328,17.0,0.0,0.8187930854538618,81.88,0.47,1,WARNING,CRITICAL,2026-09-07T18:24:59.689167+00:00
AIZ_GRID_009_23.497222_92.703333,2024-05-28,23.497222,92.703333,922.0,28.264209747314453,125.5210418701172,125.5210418701172,8.0,6.0,0.9989353203356668,99.89,0.47,1,WARNING,CRITICAL,2026-09-07T18:24:59.689167+00:00
AIZ_GRID_009_23.498611_92.703889,2024-05-28,23.498611,92.703889,982.0,35.61542892456055,125.5210418701172,125.5210418701172,8.0,6.0,1.0,100.0,0.47,1,WARNING,CRITICAL,2026-09-07T18:24:59.689167+00:00
AIZ_GRID_009_23.499917_92.701361,2023-06-02,23.499917,92.701361,896.0,20.1423397064209,0.8890745043754578,0.8890745043754578,0.0,0.0,0.5070681063236887,50.71,0.47,1,WARNING,HIGH,2026-09-07T18:24:59.689167+00:00
AIZ_GRID_009_23.49_92.705556,2024-05-28,23.49,92.705556,1043.0,38.71343231201172,125.5210418701172,125.5210418701172,8.0,6.0,1.0,100.0,0.47,1,WARNING,CRITICAL,2026-09-07T18:24:59.689167+00:00
AIZ_GRID_011_23.505278_92.6975,2024-05-28,23.505278,92.6975,854.0,24.19708824157715,86.19194030761719,86.19194030761719,8.0,5.0,0.996099202550638,99.61,0.47,1,WARNING,CRITICAL,2026-09-07T18:24:59.689167+00:00
AIZ_GRID_011_23.506944_92.696389,2024-05-28,23.506944,92.696389,847.0,26.36637687683105,86.19194030761719,86.19194030761719,8.0,5.0,0.9924670302500548,99.25,0.47,1,WARNING,CRITICAL,2026-09-07T18:24:59.689167+00:00
AIZ_GRID_011_23.508611_92.698056,2024-05-28,23.508611,92.698056,840.0,25.545066833496097,86.19194030761719,86.19194030761719,8.0,5.0,0.9980865969358922,99.81,0.47,1,WARNING,CRITICAL,2026-09-07T18:24:59.689167+00:00
AIZ_GRID_011_23.510556_92.699722,2024-05-28,23.510556,92.699722,825.0,34.256961822509766,86.19194030761719,86.19194030761719,8.0,5.0,0.9988388486573478,99.88,0.47,1,WARNING,CRITICAL,2026-09-07T18:24:59.689167+00:00
AIZ_GRID_011_23.513611_92.698333,2024-05-28,23.513611,92.698333,806.0,28.70706367492676,86.19194030761719,86.19194030761719,8.0,5.0,0.9988388486573478,99.88,0.47,1,WARNING,CRITICAL,2026-09-07T18:24:59.689167+00:00
AIZ_GRID_011_23.514444_92.698056,2024-05-28,23.514444,92.698056,826.0,15.696943283081056,86.19194030761719,86.19194030761719,8.0,5.0,0.9855247880473056,98.55,0.47,1,WARNING,CRITICAL,2026-09-07T18:24:59.689167+00:00
AIZ_GRID_011_23.524999_92.675004,2020-01-24,23.524999,92.675004,287.0,18.75066566467285,0.891888439655304,0.891888439655304,0.0,0.0,0.0323761494892823,3.24,0.47,0,NO_WARNING,LOW,2026-09-07T18:24:59.689167+00:00
AIZ_GRID_011_23.524999_92.675004,2020-06-28,23.524999,92.675004,287.0,18.75066566467285,16.513866424560547,16.513866424560547,4.0,0.0,0.0759446187064257,7.59,0.47,0,NO_WARNING,LOW,2026-09-07T18:24:59.689167+00:00
AIZ_GRID_011_23.524999_92.675004,2020-10-06,23.524999,92.675004,287.0,18.75066566467285,1.371047854423523,1.371047854423523,9.0,0.0,0.0474562036109945,4.75,0.47,0,NO_WARNING,LOW,2026-09-07T18:24:59.689167+00:00
AIZ_GRID_011_23.524999_92.675004,2020-11-02,23.524999,92.675004,287.0,18.75066566467285,0.8753040432929993,0.8753040432929993,0.0,0.0,0.0109183806916786,1.09,0.47,0,NO_WARNING,LOW,2026-09-07T18:24:59.689167+00:00
AIZ_GRID_011_23.524999_92.675004,2020-11-27,23.524999,92.675004,287.0,18.75066566467285,3.25019907951355,3.25019907951355,1.0,0.0,0.0024020803001031,0.24,0.47,0,NO_WARNING,LOW,2026-09-07T18:24:59.689167+00:00
AIZ_GRID_011_23.524999_92.675004,2021-01-02,23.524999,92.675004,287.0,18.75066566467285,0.3238940238952636,0.3238940238952636,0.0,0.0,0.0013344887348353,0.13,0.47,0,NO_WARNING,LOW,2026-09-07T18:24:59.689167+00:00
AIZ_GRID_011_23.524999_92.675004,2021-09-06,23.524999,92.675004,287.0,18.75066566467285,0.6955612301826477,0.6955612301826477,0.0,0.0,0.0,0.0,0.47,0,NO_WARNING,LOW,2026-09-07T18:24:59.689167+00:00
AIZ_GRID_011_23.524999_92.675004,2021-09-17,23.524999,92.675004,287.0,18.75066566467285,47.655887603759766,47.655887603759766,11.0,5.0,0.3455612346563768,34.56,0.47,0,NO_WARNING,MODERATE,2026-09-07T18:24:59.689167+00:00
AIZ_GRID_011_23.524999_92.675004,2021-11-16,23.524999,92.675004,287.0,18.75066566467285,2.096524238586426,2.096524238586426,4.0,0.0,0.0015009746588693,0.15,0.47,0,NO_WARNING,LOW,2026-09-07T18:24:59.689167+00:00
AIZ_GRID_011_23.524999_92.675004,2021-12-24,23.524999,92.675004,287.0,18.75066566467285,0.3743305206298828,0.3743305206298828,0.0,0.0,0.0207338690897639,2.07,0.47,0,NO_WARNING,LOW,2026-09-07T18:24:59.689167+00:00
AIZ_GRID_011_23.524999_92.675004,2022-02-04,23.524999,92.675004,287.0,18.75066566467285,16.12551498413086,16.12551498413086,2.0,0.0,0.0496638340494171,4.97,0.47,0,NO_WARNING,LOW,2026-09-07T18:24:59.689167+00:00
AIZ_GRID_011_23.524999_92.675004,2023-02-11,23.524999,92.675004,287.0,18.75066566467285,0.5803113579750061,0.5803113579750061,0.0,0.0,0.0,0.0,0.47,0,NO_WARNING,LOW,2026-09-07T18:24:59.689167+00:00
AIZ_GRID_011_23.524999_92.675004,2023-12-17,23.524999,92.675004,287.0,18.75066566467285,0.8159551620483398,0.8159551620483398,0.0,0.0,0.0,0.0,0.47,0,NO_WARNING,LOW,2026-09-07T18:24:59.689167+00:00
AIZ_GRID_011_23.524999_92.675004,2024-03-13,23.524999,92.675004,287.0,18.75066566467285,1.7792675495147705,1.7792675495147705,3.0,0.0,0.0156995275257221,1.57,0.47,0,NO_WARNING,LOW,2026-09-07T18:24:59.689167+00:00
AIZ_GRID_011_23.524999_92.675004,2024-05-02,23.524999,92.675004,287.0,18.75066566467285,109.6534652709961,109.6534652709961,1.0,1.0,0.0499340805467495,4.99,0.47,0,NO_WARNING,LOW,2026-09-07T18:24:59.689167+00:00
AIZ_GRID_011_23.524999_92.675004,2024-05-26,23.524999,92.675004,287.0,18.75066566467285,98.73330688476562,98.73330688476562,6.0,3.0,0.2455745142522888,24.56,0.47,0,NO_WARNING,LOW,2026-09-07T18:24:59.689167+00:00
AIZ_GRID_011_23.524999_92.675004,2024-05-30,23.524999,92.675004,287.0,18.75066566467285,0.6575454473495483,0.6575454473495483,0.0,0.0,0.0,0.0,0.47,0,NO_WARNING,LOW,2026-09-07T18:24:59.689167+00:00
AIZ_GRID_011_23.524999_92.675004,2024-06-23,23.524999,92.675004,287.0,18.75066566467285,38.455684661865234,38.455684661865234,6.0,3.0,0.146600742441034,14.66,0.47,0,NO_WARNING,LOW,2026-09-07T18:24:59.689167+00:00
AIZ_GRID_011_23.524999_92.675004,2024-10-06,23.524999,92.675004,287.0,18.75066566467285,0.0745351463556289,0.0745351463556289,0.0,0.0,0.0021357374341069,0.21,0.47,0,NO_WARNING,LOW,2026-09-07T18:24:59.689167+00:00
AIZ_GRID_011_23.524999_92.675004,2025-01-16,23.524999,92.675004,287.0,18.75066566467285,0.4362585246562958,0.4362585246562958,0.0,0.0,0.0060060669847401,0.6,0.47,0,NO_WARNING,LOW,2026-09-07T18:24:59.689167+00:00
AIZ_GRID_011_23.524999_92.675004,2025-05-25,23.524999,92.675004,287.0,18.75066566467285,63.72938537597656,63.72938537597656,7.0,1.0,0.2160745044807295,21.61,0.47,0,NO_WARNING,LOW,2026-09-07T18:24:59.689167+00:00
AIZ_GRID_011_23.524999_92.675004,2025-06-09,23.524999,92.675004,287.0,18.75066566467285,60.462100982666016,60.462100982666016,2.0,2.0,0.1145211235159906,11.45,0.47,0,NO_WARNING,LOW,2026-09-07T18:24:59.689167+00:00
AIZ_GRID_011_23.526944_92.654444,2024-09-20,23.526944,92.654444,405.0,22.05249214172364,8.410600662231445,8.410600662231445,1.0,0.0,0.4447863175479579,44.48,0.47,0,NO_WARNING,MODERATE,2026-09-07T18:24:59.689167+00:00
AIZ_GRID_011_23.527778_92.698611,2024-05-28,23.527778,92.698611,820.0,23.66540145874023,86.19194030761719,86.19194030761719,8.0,5.0,0.9956240492625078,99.56,0.47,1,WARNING,CRITICAL,2026-09-07T18:24:59.689167+00:00
AIZ_GRID_011_23.528611_92.6975,2024-05-28,23.528611,92.6975,857.0,34.13237762451172,86.19194030761719,86.19194030761719,8.0,5.0,0.9930578840683798,99.31,0.47,1,WARNING,CRITICAL,2026-09-07T18:24:59.689167+00:00
AIZ_GRID_011_23.529722_92.696111,2023-08-03,23.529722,92.696111,813.0,37.58553314208984,8.926006317138672,8.926006317138672,6.0,0.0,0.8325247121250549,83.25,0.47,1,WARNING,CRITICAL,2026-09-07T18:24:59.689167+00:00
AIZ_GRID_011_23.530278_92.696667,2024-05-28,23.530278,92.696667,852.0,42.04297256469727,86.19194030761719,86.19194030761719,8.0,5.0,0.9979829794151488,99.8,0.47,1,WARNING,CRITICAL,2026-09-07T18:24:59.689167+00:00
AIZ_GRID_011_23.533333_92.697222,2023-08-02,23.533333,92.697222,825.0,39.73119354248047,56.55709457397461,56.55709457397461,5.0,1.0,0.8677037060425592,86.77,0.47,1,WARNING,CRITICAL,2026-09-07T18:24:59.689167+00:00
AIZ_GRID_011_23.535556_92.696944,2024-05-28,23.535556,92.696944,871.0,25.01380729675293,86.19194030761719,86.19194030761719,8.0,5.0,0.9873450520520776,98.73,0.47,1,WARNING,CRITICAL,2026-09-07T18:24:59.689167+00:00
AIZ_GRID_011_23.535_92.696944,2023-07-28,23.535,92.696944,827.0,46.80855178833008,0.827729344367981,0.827729344367981,0.0,0.0,0.7324944693963356,73.25,0.47,1,WARNING,HIGH,2026-09-07T18:24:59.689167+00:00
AIZ_GRID_011_23.536111_92.655278,2024-05-28,23.536111,92.655278,499.0,35.05294418334961,86.19194030761719,86.19194030761719,8.0,5.0,0.9240738146482468,92.41,0.47,1,WARNING,CRITICAL,2026-09-07T18:24:59.689167+00:00
AIZ_GRID_011_23.536111_92.697778,2024-05-28,23.536111,92.697778,891.0,36.53855514526367,86.19194030761719,86.19194030761719,8.0,5.0,0.9891631378372854,98.92,0.47,1,WARNING,CRITICAL,2026-09-07T18:24:59.689167+00:00
AIZ_GRID_011_23.536667_92.6975,2024-05-28,23.536667,92.6975,854.0,32.6060791015625,86.19194030761719,86.19194030761719,8.0,5.0,0.9965851114060974,99.66,0.47,1,WARNING,CRITICAL,2026-09-07T18:24:59.689167+00:00
AIZ_GRID_011_23.536944_92.6975,2024-05-28,23.536944,92.6975,834.0,27.686426162719727,86.19194030761719,86.19194030761719,8.0,5.0,0.9981733373921832,99.82,0.47,1,WARNING,CRITICAL,2026-09-07T18:24:59.689167+00:00
AIZ_GRID_011_23.537778_92.698333,2024-05-28,23.537778,92.698333,821.0,30.976280212402344,86.19194030761719,86.19194030761719,8.0,5.0,0.9988388486573478,99.88,0.47,1,WARNING,CRITICAL,2026-09-07T18:24:59.689167+00:00
AIZ_GRID_011_23.538889_92.6625,2024-05-28,23.538889,92.6625,622.0,17.99090576171875,86.19194030761719,86.19194030761719,8.0,5.0,0.9899057882963662,98.99,0.47,1,WARNING,CRITICAL,2026-09-07T18:24:59.689167+00:00
AIZ_GRID_011_23.539444_92.658889,2024-05-28,23.539444,92.658889,567.0,13.249390602111816,86.19194030761719,86.19194030761719,8.0,5.0,0.9844638588824702,98.45,0.47,1,WARNING,CRITICAL,2026-09-07T18:24:59.689167+00:00
AIZ_GRID_011_23.539444_92.665278,2024-05-28,23.539444,92.665278,621.0,26.114858627319336,86.19194030761719,86.19194030761719,8.0,5.0,0.9924668912240788,99.25,0.47,1,WARNING,CRITICAL,2026-09-07T18:24:59.689167+00:00
AIZ_GRID_011_23.539722_92.699444,2024-05-28,23.539722,92.699444,811.0,32.35097122192383,86.19194030761719,86.19194030761719,8.0,5.0,0.9988388486573478,99.88,0.47,1,WARNING,CRITICAL,2026-09-07T18:24:59.689167+00:00
AIZ_GRID_011_23.541667_92.664722,2023-08-12,23.541667,92.664722,707.0,17.52849578857422,12.668089866638184,12.668089866638184,3.0,0.0,0.4824259654176018,48.24,0.47,1,WARNING,HIGH,2026-09-07T18:24:59.689167+00:00
AIZ_GRID_011_23.542778_92.674722,2024-05-28,23.542778,92.674722,635.0,36.6032600402832,86.19194030761719,86.19194030761719,8.0,5.0,0.9932798561553746,99.33,0.47,1,WARNING,CRITICAL,2026-09-07T18:24:59.689167+00:00
AIZ_GRID_011_23.542778_92.676389,2024-05-28,23.542778,92.676389,660.0,18.54336929321289,86.19194030761719,86.19194030761719,8.0,5.0,0.9884209302800682,98.84,0.47,1,WARNING,CRITICAL,2026-09-07T18:24:59.689167+00:00
AIZ_GRID_011_23.543333_92.664722,2024-05-28,23.543333,92.664722,676.0,18.69658851623535,86.19194030761719,86.19194030761719,8.0,5.0,0.9805006015279222,98.05,0.47,1,WARNING,CRITICAL,2026-09-07T18:24:59.689167+00:00
AIZ_GRID_012_23.519444_92.700556,2024-09-25,23.519444,92.700556,805.0,25.67679786682129,66.24752807617188,66.24752807617188,6.0,1.0,0.8628784417041725,86.29,0.47,1,WARNING,CRITICAL,2026-09-07T18:24:59.689167+00:00
AIZ_GRID_012_23.519806_92.700667,2023-08-13,23.519806,92.700667,788.0,33.6378288269043,5.492700576782227,5.492700576782227,15.0,0.0,0.9289615322564616,92.9,0.47,1,WARNING,CRITICAL,2026-09-07T18:24:59.689167+00:00
AIZ_GRID_012_23.522778_92.702778,2024-05-28,23.522778,92.702778,807.0,24.79594039916992,85.41419982910156,85.41419982910156,8.0,6.0,0.9986024389533632,99.86,0.47,1,WARNING,CRITICAL,2026-09-07T18:24:59.689167+00:00
AIZ_GRID_012_23.524999_92.725004,2020-01-16,23.524999,92.725004,861.0,18.92451286315918,0.8181635737419128,0.8181635737419128,0.0,0.0,0.0152713165944014,1.53,0.47,0,NO_WARNING,LOW,2026-09-07T18:24:59.689167+00:00
AIZ_GRID_012_23.524999_92.725004,2020-01-17,23.524999,92.725004,861.0,18.92451286315918,0.8181635737419128,0.8181635737419128,0.0,0.0,0.0152713165944014,1.53,0.47,0,NO_WARNING,LOW,2026-09-07T18:24:59.689167+00:00
AIZ_GRID_012_23.524999_92.725004,2020-07-06,23.524999,92.725004,861.0,18.92451286315918,11.06698513031006,11.06698513031006,4.0,0.0,0.0527249581649282,5.27,0.47,0,NO_WARNING,LOW,2026-09-07T18:24:59.689167+00:00
AIZ_GRID_012_23.524999_92.725004,2020-08-13,23.524999,92.725004,861.0,18.92451286315918,8.820877075195312,8.820877075195312,1.0,0.0,0.1002792331522131,10.03,0.47,0,NO_WARNING,LOW,2026-09-07T18:24:59.689167+00:00
AIZ_GRID_012_23.524999_92.725004,2020-11-18,23.524999,92.725004,861.0,18.92451286315918,0.7664307951927185,0.7664307951927185,0.0,0.0,0.0128885714751521,1.29,0.47,0,NO_WARNING,LOW,2026-09-07T18:24:59.689167+00:00
AIZ_GRID_012_23.524999_92.725004,2021-01-14,23.524999,92.725004,861.0,18.92451286315918,0.2996677160263061,0.2996677160263061,0.0,0.0,0.054501673384459,5.45,0.47,0,NO_WARNING,LOW,2026-09-07T18:24:59.689167+00:00
AIZ_GRID_012_23.524999_92.725004,2021-02-27,23.524999,92.725004,861.0,18.92451286315918,1.0561764240264893,1.0561764240264893,2.0,0.0,0.0416751752836557,4.17,0.47,0,NO_WARNING,LOW,2026-09-07T18:24:59.689167+00:00
AIZ_GRID_012_23.524999_92.725004,2021-04-25,23.524999,92.725004,861.0,18.92451286315918,0.669608473777771,0.669608473777771,0.0,0.0,0.0164234230215337,1.64,0.47,0,NO_WARNING,LOW,2026-09-07T18:24:59.689167+00:00
AIZ_GRID_012_23.524999_92.725004,2022-03-06,23.524999,92.725004,861.0,18.92451286315918,1.1427477598190308,1.1427477598190308,1.0,0.0,0.045923196305625,4.59,0.47,0,NO_WARNING,LOW,2026-09-07T18:24:59.689167+00:00
AIZ_GRID_012_23.524999_92.725004,2022-09-07,23.524999,92.725004,861.0,18.92451286315918,2.420610189437866,2.420610189437866,3.0,0.0,0.0445575330438508,4.46,0.47,0,NO_WARNING,LOW,2026-09-07T18:24:59.689167+00:00
AIZ_GRID_012_23.524999_92.725004,2022-11-14,23.524999,92.725004,861.0,18.92451286315918,0.6826413869857788,0.6826413869857788,0.0,0.0,0.0134881026858667,1.35,0.47,0,NO_WARNING,LOW,2026-09-07T18:24:59.689167+00:00
AIZ_GRID_012_23.524999_92.725004,2023-06-26,23.524999,92.725004,861.0,18.92451286315918,27.706859588623047,27.706859588623047,14.0,1.0,0.2978893859958669,29.79,0.47,0,NO_WARNING,MODERATE,2026-09-07T18:24:59.689167+00:00
AIZ_GRID_012_23.524999_92.725004,2024-02-13,23.524999,92.725004,861.0,18.92451286315918,0.8688629269599915,0.8688629269599915,0.0,0.0,0.0645057723597974,6.45,0.47,0,NO_WARNING,LOW,2026-09-07T18:24:59.689167+00:00
AIZ_GRID_012_23.524999_92.725004,2024-02-14,23.524999,92.725004,861.0,18.92451286315918,0.8688629269599915,0.8688629269599915,0.0,0.0,0.0645057723597974,6.45,0.47,0,NO_WARNING,LOW,2026-09-07T18:24:59.689167+00:00
AIZ_GRID_012_23.524999_92.725004,2024-06-27,23.524999,92.725004,861.0,18.92451286315918,44.86212921142578,44.86212921142578,10.0,1.0,0.2195433733108609,21.95,0.47,0,NO_WARNING,LOW,2026-09-07T18:24:59.689167+00:00
AIZ_GRID_012_23.524999_92.725004,2024-07-08,23.524999,92.725004,861.0,18.92451286315918,8.809646606445312,8.809646606445312,3.0,0.0,0.0729002075619312,7.29,0.47,0,NO_WARNING,LOW,2026-09-07T18:24:59.689167+00:00
AIZ_GRID_012_23.524999_92.725004,2024-08-16,23.524999,92.725004,861.0,18.92451286315918,85.41845703125,85.41845703125,8.0,3.0,0.6498298845132225,64.98,0.47,1,WARNING,HIGH,2026-09-07T18:24:59.689167+00:00
AIZ_GRID_012_23.524999_92.725004,2024-08-27,23.524999,92.725004,861.0,18.92451286315918,7.3752827644348145,7.3752827644348145,19.0,0.0,0.3062808708050911,30.63,0.47,0,NO_WARNING,MODERATE,2026-09-07T18:24:59.689167+00:00
AIZ_GRID_012_23.524999_92.725004,2025-01-03,23.524999,92.725004,861.0,18.92451286315918,0.3304274082183838,0.3304274082183838,0.0,0.0,0.0556247509169263,5.56,0.47,0,NO_WARNING,LOW,2026-09-07T18:24:59.689167+00:00
AIZ_GRID_012_23.529444_92.729444,2024-05-28,23.529444,92.729444,989.0,25.722314834594727,85.41419982910156,85.41419982910156,8.0,6.0,0.999286685303534,99.93,0.47,1,WARNING,CRITICAL,2026-09-07T18:24:59.689167+00:00
AIZ_GRID_012_23.530833_92.730556,2024-05-28,23.530833,92.730556,996.0,32.23304748535156,85.41419982910156,85.41419982910156,8.0,6.0,0.9998311087439876,99.98,0.47,1,WARNING,CRITICAL,2026-09-07T18:24:59.689167+00:00
AIZ_GRID_012_23.530833_92.733333,2024-05-28,23.530833,92.733333,1061.0,25.50950050354004,85.41419982910156,85.41419982910156,8.0,6.0,0.9986211740383693,99.86,0.47,1,WARNING,CRITICAL,2026-09-07T18:24:59.689167+00:00
AIZ_GRID_012_23.531111_92.733611,2024-05-28,23.531111,92.733611,1048.0,26.59383773803711,85.41419982910156,85.41419982910156,8.0,6.0,0.9995460307929854,99.95,0.47,1,WARNING,CRITICAL,2026-09-07T18:24:59.689167+00:00
AIZ_GRID_012_23.532222_92.735,2024-05-28,23.532222,92.735,990.0,14.769588470458984,85.41419982910156,85.41419982910156,8.0,6.0,0.9959068210334202,99.59,0.47,1,WARNING,CRITICAL,2026-09-07T18:24:59.689167+00:00
AIZ_GRID_012_23.535556_92.723333,2024-05-28,23.535556,92.723333,914.0,8.517380714416504,85.41419982910156,85.41419982910156,8.0,6.0,0.9956851120264918,99.57,0.47,1,WARNING,CRITICAL,2026-09-07T18:24:59.689167+00:00
AIZ_GRID_012_23.538056_92.718611,2024-05-29,23.538056,92.718611,884.0,12.012615203857422,1.2931784391403198,1.2931784391403198,9.0,0.0,0.5448014817543598,54.48,0.47,1,WARNING,HIGH,2026-09-07T18:24:59.689167+00:00
AIZ_GRID_012_23.539861_92.700639,2023-08-06,23.539861,92.700639,856.0,23.523117065429688,67.69093322753906,67.69093322753906,8.0,2.0,0.9291206510159566,92.91,0.47,1,WARNING,CRITICAL,2026-09-07T18:24:59.689167+00:00
AIZ_GRID_012_23.540278_92.701389,2023-08-06,23.540278,92.701389,875.0,26.749317169189453,67.69093322753906,67.69093322753906,8.0,2.0,0.9221798896276326,92.22,0.47,1,WARNING,CRITICAL,2026-09-07T18:24:59.689167+00:00
AIZ_GRID_012_23.540278_92.701389,2024-05-28,23.540278,92.701389,875.0,26.749317169189453,85.41419982910156,85.41419982910156,8.0,6.0,0.9998311087439876,99.98,0.47,1,WARNING,CRITICAL,2026-09-07T18:24:59.689167+00:00
AIZ_GRID_012_23.541667_92.701944,2024-05-28,23.541667,92.701944,870.0,27.95377540588379,85.41419982910156,85.41419982910156,8.0,6.0,0.9998311087439876,99.98,0.47,1,WARNING,CRITICAL,2026-09-07T18:24:59.689167+00:00
AIZ_GRID_012_23.542778_92.703333,2024-05-28,23.542778,92.703333,899.0,30.19009780883789,85.41419982910156,85.41419982910156,8.0,6.0,0.9998311087439876,99.98,0.47,1,WARNING,CRITICAL,2026-09-07T18:24:59.689167+00:00
AIZ_GRID_012_23.543056_92.700556,2024-05-28,23.543056,92.700556,796.0,28.20966529846192,85.41419982910156,85.41419982910156,8.0,6.0,0.998148162783934,99.81,0.47,1,WARNING,CRITICAL,2026-09-07T18:24:59.689167+00:00
AIZ_GRID_012_23.543806_92.701361,2023-08-06,23.543806,92.701361,784.0,17.675397872924805,67.69093322753906,67.69093322753906,8.0,2.0,0.8553028382711002,85.53,0.47,1,WARNING,CRITICAL,2026-09-07T18:24:59.689167+00:00
AIZ_GRID_012_23.545_92.703333,2024-05-28,23.545,92.703333,863.0,28.738073348999023,85.41419982910156,85.41419982910156,8.0,6.0,0.9991468623938168,99.91,0.47,1,WARNING,CRITICAL,2026-09-07T18:24:59.689167+00:00
AIZ_GRID_012_23.548333_92.710833,2024-05-28,23.548333,92.710833,937.0,13.521445274353027,85.41419982910156,85.41419982910156,8.0,6.0,0.9959068210334202,99.59,0.47,1,WARNING,CRITICAL,2026-09-07T18:24:59.689167+00:00
AIZ_GRID_012_23.548889_92.705556,2024-05-28,23.548889,92.705556,919.0,29.59077835083008,85.41419982910156,85.41419982910156,8.0,6.0,0.9998311087439876,99.98,0.47,1,WARNING,CRITICAL,2026-09-07T18:24:59.689167+00:00
AIZ_GRID_012_23.5_92.701111,2023-08-09,23.5,92.701111,883.0,26.815889358520508,1.233054757118225,1.233054757118225,11.0,0.0,0.6845999142995874,68.46,0.47,1,WARNING,HIGH,2026-09-07T18:24:59.689167+00:00
AIZ_GRID_019_23.550278_92.704444,2024-05-28,23.550278,92.704444,826.0,30.67173194885254,75.02012634277344,75.02012634277344,8.0,5.0,1.0,100.0,0.47,1,WARNING,CRITICAL,2026-09-07T18:24:59.689167+00:00
AIZ_GRID_019_23.553889_92.704722,2024-05-28,23.553889,92.704722,825.0,11.157310485839844,75.02012634277344,75.02012634277344,8.0,5.0,0.9983287546501202,99.83,0.47,1,WARNING,CRITICAL,2026-09-07T18:24:59.689167+00:00
AIZ_GRID_019_23.554444_92.705278,2024-05-28,23.554444,92.705278,821.0,9.732787132263184,75.02012634277344,75.02012634277344,8.0,5.0,0.9996609315798686,99.97,0.47,1,WARNING,CRITICAL,2026-09-07T18:24:59.689167+00:00
AIZ_GRID_019_23.559444_92.708333,2023-07-06,23.559444,92.708333,786.0,15.769800186157228,1.7014544010162354,1.7014544010162354,3.0,0.0,0.4795385429744265,47.95,0.47,1,WARNING,HIGH,2026-09-07T18:24:59.689167+00:00
AIZ_GRID_019_23.55_92.704444,2024-05-28,23.55,92.704444,832.0,33.73912811279297,75.02012634277344,75.02012634277344,8.0,5.0,1.0,100.0,0.47,1,WARNING,CRITICAL,2026-09-07T18:24:59.689167+00:00
AIZ_GRID_019_23.5625_92.707778,2024-08-25,23.5625,92.707778,819.0,17.675397872924805,18.32470893859864,18.32470893859864,16.0,0.0,0.8795478901389294,87.95,0.47,1,WARNING,CRITICAL,2026-09-07T18:24:59.689167+00:00
AIZ_GRID_019_23.563889_92.708056,2024-05-28,23.563889,92.708056,838.0,40.77069854736328,75.02012634277344,75.02012634277344,8.0,5.0,1.0,100.0,0.47,1,WARNING,CRITICAL,2026-09-07T18:24:59.689167+00:00
AIZ_GRID_019_23.564167_92.708056,2024-05-28,23.564167,92.708056,855.0,30.7674617767334,75.02012634277344,75.02012634277344,8.0,5.0,1.0,100.0,0.47,1,WARNING,CRITICAL,2026-09-07T18:24:59.689167+00:00
AIZ_GRID_019_23.565556_92.7075,2024-07-19,23.565556,92.7075,832.0,34.170413970947266,11.365545272827148,11.365545272827148,7.0,0.0,0.8933932479282487,89.34,0.47,1,WARNING,CRITICAL,2026-09-07T18:24:59.689167+00:00
AIZ_GRID_019_23.565_92.707778,2024-05-28,23.565,92.707778,848.0,29.66044807434082,75.02012634277344,75.02012634277344,8.0,5.0,1.0,100.0,0.47,1,WARNING,CRITICAL,2026-09-07T18:24:59.689167+00:00
AIZ_GRID_019_23.566667_92.708889,2024-05-28,23.566667,92.708889,850.0,19.91641616821289,75.02012634277344,75.02012634277344,8.0,5.0,1.0,100.0,0.47,1,WARNING,CRITICAL,2026-09-07T18:24:59.689167+00:00
AIZ_GRID_019_23.570278_92.707222,2024-05-28,23.570278,92.707222,856.0,25.835494995117188,75.02012634277344,75.02012634277344,8.0,5.0,1.0,100.0,0.47,1,WARNING,CRITICAL,2026-09-07T18:24:59.689167+00:00
AIZ_GRID_019_23.570556_92.708889,2024-05-28,23.570556,92.708889,889.0,21.697189331054688,75.02012634277344,75.02012634277344,8.0,5.0,1.0,100.0,0.47,1,WARNING,CRITICAL,2026-09-07T18:24:59.689167+00:00
AIZ_GRID_019_23.571389_92.709722,2024-05-28,23.571389,92.709722,860.0,27.484453201293945,75.02012634277344,75.02012634277344,8.0,5.0,0.997137037824224,99.71,0.47,1,WARNING,CRITICAL,2026-09-07T18:24:59.689167+00:00
AIZ_GRID_019_23.571667_92.710833,2023-06-09,23.571667,92.710833,865.0,20.948665618896484,76.11323547363281,76.11323547363281,5.0,1.0,0.7425691125463,74.26,0.47,1,WARNING,HIGH,2026-09-07T18:24:59.689167+00:00
AIZ_GRID_019_23.574999_92.725004,2020-06-23,23.574999,92.725004,712.0,22.656633377075195,1.835082411766052,1.835082411766052,1.0,0.0,0.0076547800234871,0.77,0.47,0,NO_WARNING,LOW,2026-09-07T18:24:59.689167+00:00
AIZ_GRID_019_23.574999_92.725004,2020-07-27,23.574999,92.725004,712.0,22.656633377075195,5.649119853973389,5.649119853973389,1.0,0.0,0.0107693970677503,1.08,0.47,0,NO_WARNING,LOW,2026-09-07T18:24:59.689167+00:00
AIZ_GRID_019_23.574999_92.725004,2020-09-11,23.574999,92.725004,712.0,22.656633377075195,0.8394033312797546,0.8394033312797546,0.0,0.0,0.0058717980770015,0.59,0.47,0,NO_WARNING,LOW,2026-09-07T18:24:59.689167+00:00
AIZ_GRID_019_23.574999_92.725004,2020-09-26,23.574999,92.725004,712.0,22.656633377075195,3.800795078277588,3.800795078277588,1.0,0.0,0.0023796157018186,0.24,0.47,0,NO_WARNING,LOW,2026-09-07T18:24:59.689167+00:00
AIZ_GRID_019_23.574999_92.725004,2020-12-10,23.574999,92.725004,712.0,22.656633377075195,0.3990615308284759,0.3990615308284759,0.0,0.0,0.0255416135811666,2.55,0.47,0,NO_WARNING,LOW,2026-09-07T18:24:59.689167+00:00
AIZ_GRID_019_23.574999_92.725004,2021-01-14,23.574999,92.725004,712.0,22.656633377075195,0.2403420954942703,0.2403420954942703,0.0,0.0,0.0021034733256739,0.21,0.47,0,NO_WARNING,LOW,2026-09-07T18:24:59.689167+00:00
AIZ_GRID_019_23.574999_92.725004,2021-01-17,23.574999,92.725004,712.0,22.656633377075195,0.7335721254348755,0.7335721254348755,0.0,0.0,0.001335646140503,0.13,0.47,0,NO_WARNING,LOW,2026-09-07T18:24:59.689167+00:00
AIZ_GRID_019_23.574999_92.725004,2021-05-03,23.574999,92.725004,712.0,22.656633377075195,1.1402641534805298,1.1402641534805298,2.0,0.0,0.0049376321407538,0.49,0.47,0,NO_WARNING,LOW,2026-09-07T18:24:59.689167+00:00
AIZ_GRID_019_23.574999_92.725004,2021-05-09,23.574999,92.725004,712.0,22.656633377075195,2.365724802017212,2.365724802017212,1.0,0.0,0.00160175704445,0.16,0.47,0,NO_WARNING,LOW,2026-09-07T18:24:59.689167+00:00
AIZ_GRID_019_23.574999_92.725004,2021-11-17,23.574999,92.725004,712.0,22.656633377075195,1.6009994745254517,1.6009994745254517,5.0,0.0,0.0417086083566203,4.17,0.47,0,NO_WARNING,LOW,2026-09-07T18:24:59.689167+00:00
AIZ_GRID_019_23.574999_92.725004,2021-11-25,23.574999,92.725004,712.0,22.656633377075195,0.669418215751648,0.669418215751648,0.0,0.0,0.001335646140503,0.13,0.47,0,NO_WARNING,LOW,2026-09-07T18:24:59.689167+00:00
AIZ_GRID_019_23.574999_92.725004,2021-12-13,23.574999,92.725004,712.0,22.656633377075195,0.470222920179367,0.470222920179367,0.0,0.0,0.0134185634384769,1.34,0.47,0,NO_WARNING,LOW,2026-09-07T18:24:59.689167+00:00
AIZ_GRID_019_23.574999_92.725004,2021-12-20,23.574999,92.725004,712.0,22.656633377075195,0.4211313426494598,0.4211313426494598,0.0,0.0,0.0081635946761108,0.82,0.47,0,NO_WARNING,LOW,2026-09-07T18:24:59.689167+00:00
AIZ_GRID_019_23.574999_92.725004,2022-03-07,23.574999,92.725004,712.0,22.656633377075195,1.1740211248397827,1.1740211248397827,2.0,0.0,0.0020023118050868,0.2,0.47,0,NO_WARNING,LOW,2026-09-07T18:24:59.689167+00:00
AIZ_GRID_019_23.574999_92.725004,2022-06-27,23.574999,92.725004,712.0,22.656633377075195,0.4214327931404114,0.4214327931404114,0.0,0.0,0.0153687240822801,1.54,0.47,0,NO_WARNING,LOW,2026-09-07T18:24:59.689167+00:00
AIZ_GRID_019_23.574999_92.725004,2022-07-28,23.574999,92.725004,712.0,22.656633377075195,16.321916580200195,16.321916580200195,1.0,0.0,0.0552361111603347,5.52,0.47,0,NO_WARNING,LOW,2026-09-07T18:24:59.689167+00:00
AIZ_GRID_019_23.574999_92.725004,2022-08-12,23.574999,92.725004,712.0,22.656633377075195,11.06190586090088,11.06190586090088,1.0,0.0,0.0564621793207954,5.65,0.47,0,NO_WARNING,LOW,2026-09-07T18:24:59.689167+00:00
AIZ_GRID_019_23.574999_92.725004,2022-08-30,23.574999,92.725004,712.0,22.656633377075195,6.61994218826294,6.61994218826294,1.0,0.0,0.0135043545918711,1.35,0.47,0,NO_WARNING,LOW,2026-09-07T18:24:59.689167+00:00
AIZ_GRID_019_23.574999_92.725004,2023-01-17,23.574999,92.725004,712.0,22.656633377075195,0.3787815570831299,0.3787815570831299,0.0,0.0,0.0546039291732736,5.46,0.47,0,NO_WARNING,LOW,2026-09-07T18:24:59.689167+00:00
AIZ_GRID_019_23.574999_92.725004,2023-06-13,23.574999,92.725004,712.0,22.656633377075195,3.7287096977233887,3.7287096977233887,1.0,0.0,0.0023796157018186,0.24,0.47,0,NO_WARNING,LOW,2026-09-07T18:24:59.689167+00:00
AIZ_GRID_019_23.574999_92.725004,2023-07-12,23.574999,92.725004,712.0,22.656633377075195,8.228708267211914,8.228708267211914,5.0,0.0,0.0870541913109086,8.71,0.47,0,NO_WARNING,LOW,2026-09-07T18:24:59.689167+00:00
AIZ_GRID_019_23.574999_92.725004,2023-09-05,23.574999,92.725004,712.0,22.656633377075195,0.5847455859184265,0.5847455859184265,0.0,0.0,0.001335646140503,0.13,0.47,0,NO_WARNING,LOW,2026-09-07T18:24:59.689167+00:00
AIZ_GRID_019_23.574999_92.725004,2024-08-12,23.574999,92.725004,712.0,22.656633377075195,3.526494026184082,3.526494026184082,3.0,0.0,0.0220378684937177,2.2,0.47,0,NO_WARNING,LOW,2026-09-07T18:24:59.689167+00:00
AIZ_GRID_019_23.574999_92.725004,2024-12-26,23.574999,92.725004,712.0,22.656633377075195,0.1880383342504501,0.1880383342504501,0.0,0.0,0.036323819945835,3.63,0.47,0,NO_WARNING,LOW,2026-09-07T18:24:59.689167+00:00
AIZ_GRID_019_23.574999_92.725004,2025-02-17,23.574999,92.725004,712.0,22.656633377075195,0.2350486814975738,0.2350486814975738,0.0,0.0,0.0021034733256739,0.21,0.47,0,NO_WARNING,LOW,2026-09-07T18:24:59.689167+00:00
AIZ_GRID_019_23.576944_92.713056,2024-05-28,23.576944,92.713056,906.0,19.28753471374512,75.02012634277344,75.02012634277344,8.0,5.0,1.0,100.0,0.47,1,WARNING,CRITICAL,2026-09-07T18:24:59.689167+00:00
AIZ_GRID_019_23.577222_92.712222,2024-05-28,23.577222,92.712222,901.0,2.226734161376953,75.02012634277344,75.02012634277344,8.0,5.0,0.9997782909930716,99.98,0.47,1,WARNING,CRITICAL,2026-09-07T18:24:59.689167+00:00
AIZ_GRID_019_23.580278_92.715,2024-05-28,23.580278,92.715,919.0,17.647506713867188,75.02012634277344,75.02012634277344,8.0,5.0,1.0,100.0,0.47,1,WARNING,CRITICAL,2026-09-07T18:24:59.689167+00:00
AIZ_GRID_019_23.581389_92.714167,2024-05-28,23.581389,92.714167,910.0,27.45517921447754,75.02012634277344,75.02012634277344,8.0,5.0,1.0,100.0,0.47,1,WARNING,CRITICAL,2026-09-07T18:24:59.689167+00:00
AIZ_GRID_019_23.581766_92.713413,2025-05-30,23.581766,92.713413,867.0,36.09857177734375,107.77906799316406,107.77906799316406,12.0,6.0,0.9973344887348352,99.73,0.47,1,WARNING,CRITICAL,2026-09-07T18:24:59.689167+00:00
AIZ_GRID_019_23.583889_92.711667,2024-05-28,23.583889,92.711667,816.0,13.693663597106934,75.02012634277344,75.02012634277344,8.0,5.0,0.999882640586797,99.99,0.47,1,WARNING,CRITICAL,2026-09-07T18:24:59.689167+00:00
AIZ_GRID_019_23.583889_92.717222,2023-08-08,23.583889,92.717222,972.0,12.113170623779297,13.61323070526123,13.61323070526123,12.0,0.0,0.686561918763608,68.66,0.47,1,WARNING,HIGH,2026-09-07T18:24:59.689167+00:00
AIZ_GRID_019_23.585556_92.715833,2024-05-28,23.585556,92.715833,931.0,25.51914405822754,75.02012634277344,75.02012634277344,8.0,5.0,0.9993344887348352,99.93,0.47,1,WARNING,CRITICAL,2026-09-07T18:24:59.689167+00:00
AIZ_GRID_019_23.585833_92.716389,2024-05-28,23.585833,92.716389,957.0,15.89365005493164,75.02012634277344,75.02012634277344,8.0,5.0,1.0,100.0,0.47,1,WARNING,CRITICAL,2026-09-07T18:24:59.689167+00:00
AIZ_GRID_019_23.585917_92.717778,2023-07-25,23.585917,92.717778,958.0,10.6621675491333,12.609963417053224,12.609963417053224,10.0,0.0,0.5843894056356312,58.44,0.47,1,WARNING,HIGH,2026-09-07T18:24:59.689167+00:00
AIZ_GRID_019_23.586389_92.713889,2024-05-28,23.586389,92.713889,823.0,36.12057876586914,75.02012634277344,75.02012634277344,8.0,5.0,1.0,100.0,0.47,1,WARNING,CRITICAL,2026-09-07T18:24:59.689167+00:00
AIZ_GRID_019_23.586389_92.715833,2024-05-28,23.586389,92.715833,919.0,18.54336929321289,75.02012634277344,75.02012634277344,8.0,5.0,0.9996008316008316,99.96,0.47,1,WARNING,CRITICAL,2026-09-07T18:24:59.689167+00:00
AIZ_GRID_019_23.586944_92.7175,2024-05-28,23.586944,92.7175,950.0,29.43382835388184,75.02012634277344,75.02012634277344,8.0,5.0,1.0,100.0,0.47,1,WARNING,CRITICAL,2026-09-07T18:24:59.689167+00:00
AIZ_GRID_019_23.587222_92.713611,2024-05-28,23.587222,92.713611,827.0,28.28663825988769,75.02012634277344,75.02012634277344,8.0,5.0,1.0,100.0,0.47,1,WARNING,CRITICAL,2026-09-07T18:24:59.689167+00:00
AIZ_GRID_019_23.590278_92.715833,2024-05-28,23.590278,92.715833,782.0,20.421350479125977,75.02012634277344,75.02012634277344,8.0,5.0,1.0,100.0,0.47,1,WARNING,CRITICAL,2026-09-07T18:24:59.689167+00:00
AIZ_GRID_019_23.590556_92.716111,2024-05-28,23.590556,92.716111,770.0,21.52736473083496,75.02012634277344,75.02012634277344,8.0,5.0,1.0,100.0,0.47,1,WARNING,CRITICAL,2026-09-07T18:24:59.689167+00:00
AIZ_GRID_019_23.591944_92.750556,2024-05-28,23.591944,92.750556,693.0,18.351364135742188,75.02012634277344,75.02012634277344,8.0,5.0,0.9856976347663666,98.57,0.47,1,WARNING,CRITICAL,2026-09-07T18:24:59.689167+00:00
AIZ_GRID_019_23.5925_92.716667,2024-05-28,23.5925,92.716667,778.0,24.607479095458984,75.02012634277344,75.02012634277344,8.0,5.0,1.0,100.0,0.47,1,WARNING,CRITICAL,2026-09-07T18:24:59.689167+00:00
AIZ_GRID_019_23.595278_92.717222,2024-05-28,23.595278,92.717222,732.0,17.710098266601562,75.02012634277344,75.02012634277344,8.0,5.0,0.996184863944938,99.62,0.47,1,WARNING,CRITICAL,2026-09-07T18:24:59.689167+00:00
AIZ_GRID_019_23.599444_92.720194,2023-06-09,23.599444,92.720194,766.0,30.603565216064453,76.11323547363281,76.11323547363281,5.0,1.0,0.8196939622170774,81.97,0.47,1,WARNING,CRITICAL,2026-09-07T18:24:59.689167+00:00
AIZ_GRID_020_23.574999_92.825004,2020-02-03,23.574999,92.825004,624.0,24.16557502746582,0.5045044422149658,0.5045044422149658,0.0,0.0,0.001001300390117,0.1,0.47,0,NO_WARNING,LOW,2026-09-07T18:24:59.689167+00:00
AIZ_GRID_020_23.574999_92.825004,2021-02-13,23.574999,92.825004,624.0,24.16557502746582,0.4291255176067352,0.4291255176067352,0.0,0.0,0.0453651435626702,4.54,0.47,0,NO_WARNING,LOW,2026-09-07T18:24:59.689167+00:00
AIZ_GRID_020_23.574999_92.825004,2021-07-19,23.574999,92.825004,624.0,24.16557502746582,3.282856702804565,3.282856702804565,14.0,0.0,0.2304589778131683,23.05,0.47,0,NO_WARNING,LOW,2026-09-07T18:24:59.689167+00:00
AIZ_GRID_020_23.574999_92.825004,2021-08-01,23.574999,92.825004,624.0,24.16557502746582,35.39300537109375,35.39300537109375,1.0,1.0,0.0307998609596253,3.08,0.47,0,NO_WARNING,LOW,2026-09-07T18:24:59.689167+00:00
AIZ_GRID_020_23.574999_92.825004,2022-11-25,23.574999,92.825004,624.0,24.16557502746582,0.4572992324829101,0.4572992324829101,0.0,0.0,0.0642560398052729,6.43,0.47,0,NO_WARNING,LOW,2026-09-07T18:24:59.689167+00:00
AIZ_GRID_020_23.574999_92.825004,2023-09-08,23.574999,92.825004,624.0,24.16557502746582,22.81095695495605,22.81095695495605,3.0,0.0,0.0260649852650763,2.61,0.47,0,NO_WARNING,LOW,2026-09-07T18:24:59.689167+00:00
AIZ_GRID_020_23.574999_92.825004,2024-03-23,23.574999,92.825004,624.0,24.16557502746582,5.495492935180664,5.495492935180664,1.0,0.0,0.007059429716185,0.71,0.47,0,NO_WARNING,LOW,2026-09-07T18:24:59.689167+00:00
AIZ_GRID_020_23.586944_92.8175,2024-08-25,23.586944,92.8175,623.0,19.414628982543945,23.47799301147461,23.47799301147461,28.0,0.0,0.6235315353796371,62.35,0.47,1,WARNING,HIGH,2026-09-07T18:24:59.689167+00:00
AIZ_GRID_020_23.595_92.816111,2024-05-28,23.595,92.816111,590.0,35.0204963684082,75.91255950927734,75.91255950927734,8.0,6.0,0.9882503360373752,98.83,0.47,1,WARNING,CRITICAL,2026-09-07T18:24:59.689167+00:00
AIZ_GRID_025_23.605091_92.72184,2025-06-01,23.605091,92.72184,816.0,34.888572692871094,98.99248504638672,98.99248504638672,14.0,8.0,0.9761652014353316,97.62,0.47,1,WARNING,CRITICAL,2026-09-07T18:24:59.689167+00:00
AIZ_GRID_025_23.605556_92.725,2024-05-28,23.605556,92.725,894.0,25.476280212402344,66.76982879638672,66.76982879638672,9.0,5.0,1.0,100.0,0.47,1,WARNING,CRITICAL,2026-09-07T18:24:59.689167+00:00
AIZ_GRID_025_23.606667_92.723056,2024-05-28,23.606667,92.723056,933.0,7.602117538452148,66.76982879638672,66.76982879638672,9.0,5.0,1.0,100.0,0.47,1,WARNING,CRITICAL,2026-09-07T18:24:59.689167+00:00
AIZ_GRID_025_23.616111_92.717222,2024-05-28,23.616111,92.717222,904.0,17.45937156677246,66.76982879638672,66.76982879638672,9.0,5.0,1.0,100.0,0.47,1,WARNING,CRITICAL,2026-09-07T18:24:59.689167+00:00
AIZ_GRID_025_23.618611_92.726111,2024-05-28,23.618611,92.726111,807.0,24.19359397888184,66.76982879638672,66.76982879638672,9.0,5.0,1.0,100.0,0.47,1,WARNING,CRITICAL,2026-09-07T18:24:59.689167+00:00
AIZ_GRID_025_23.619167_92.7225,2024-05-28,23.619167,92.7225,841.0,30.48874282836914,66.76982879638672,66.76982879638672,9.0,5.0,0.9998949958982774,99.99,0.47,1,WARNING,CRITICAL,2026-09-07T18:24:59.689167+00:00
AIZ_GRID_025_23.619722_92.725278,2024-05-28,23.619722,92.725278,808.0,13.521445274353027,66.76982879638672,66.76982879638672,9.0,5.0,1.0,100.0,0.47,1,WARNING,CRITICAL,2026-09-07T18:24:59.689167+00:00
AIZ_GRID_025_23.61_92.720833,2024-05-28,23.61,92.720833,885.0,29.97786331176757,66.76982879638672,66.76982879638672,9.0,5.0,0.9998949958982774,99.99,0.47,1,WARNING,CRITICAL,2026-09-07T18:24:59.689167+00:00
AIZ_GRID_025_23.620278_92.725556,2024-05-28,23.620278,92.725556,781.0,10.557177543640137,66.76982879638672,66.76982879638672,9.0,5.0,0.9996008316008316,99.96,0.47,1,WARNING,CRITICAL,2026-09-07T18:24:59.689167+00:00
AIZ_GRID_025_23.620278_92.726111,2024-05-28,23.620278,92.726111,775.0,12.898162841796877,66.76982879638672,66.76982879638672,9.0,5.0,0.9996008316008316,99.96,0.47,1,WARNING,CRITICAL,2026-09-07T18:24:59.689167+00:00
AIZ_GRID_025_23.620833_92.7225,2024-05-28,23.620833,92.7225,819.0,16.471155166625977,66.76982879638672,66.76982879638672,9.0,5.0,0.9993344887348352,99.93,0.47,1,WARNING,CRITICAL,2026-09-07T18:24:59.689167+00:00
AIZ_GRID_025_23.621111_92.724444,2024-05-28,23.621111,92.724444,817.0,15.226140022277832,66.76982879638672,66.76982879638672,9.0,5.0,1.0,100.0,0.47,1,WARNING,CRITICAL,2026-09-07T18:24:59.689167+00:00
AIZ_GRID_025_23.621944_92.723056,2024-05-28,23.621944,92.723056,812.0,7.370669364929199,66.76982879638672,66.76982879638672,9.0,5.0,1.0,100.0,0.47,1,WARNING,CRITICAL,2026-09-07T18:24:59.689167+00:00
AIZ_GRID_025_23.622778_92.724444,2024-05-28,23.622778,92.724444,816.0,19.582061767578125,66.76982879638672,66.76982879638672,9.0,5.0,1.0,100.0,0.47,1,WARNING,CRITICAL,2026-09-07T18:24:59.689167+00:00
AIZ_GRID_025_23.624999_92.725004,2020-05-02,23.624999,92.725004,804.0,16.64626693725586,15.307159423828123,15.307159423828123,2.0,0.0,0.0255219432724843,2.55,0.47,0,NO_WARNING,LOW,2026-09-07T18:24:59.689167+00:00
AIZ_GRID_025_23.624999_92.725004,2021-02-22,23.624999,92.725004,804.0,16.64626693725586,0.4852791726589203,0.4852791726589203,0.0,0.0,0.0077630662354116,0.78,0.47,0,NO_WARNING,LOW,2026-09-07T18:24:59.689167+00:00
AIZ_GRID_025_23.624999_92.725004,2021-03-01,23.624999,92.725004,804.0,16.64626693725586,0.7062801718711853,0.7062801718711853,0.0,0.0,0.0039263024515898,0.39,0.47,0,NO_WARNING,LOW,2026-09-07T18:24:59.689167+00:00
AIZ_GRID_025_23.624999_92.725004,2021-06-10,23.624999,92.725004,804.0,16.64626693725586,80.80329895019531,80.80329895019531,4.0,3.0,0.2762388973724406,27.62,0.47,0,NO_WARNING,MODERATE,2026-09-07T18:24:59.689167+00:00
AIZ_GRID_025_23.624999_92.725004,2021-11-25,23.624999,92.725004,804.0,16.64626693725586,0.6125339865684509,0.6125339865684509,0.0,0.0,0.0025918137167545,0.26,0.47,0,NO_WARNING,LOW,2026-09-07T18:24:59.689167+00:00
AIZ_GRID_025_23.624999_92.725004,2022-01-28,23.624999,92.725004,804.0,16.64626693725586,1.6199374198913574,1.6199374198913574,3.0,0.0,0.1185987886845606,11.86,0.47,0,NO_WARNING,LOW,2026-09-07T18:24:59.689167+00:00
AIZ_GRID_025_23.624999_92.725004,2022-01-29,23.624999,92.725004,804.0,16.64626693725586,1.6199374198913574,1.6199374198913574,4.0,0.0,0.1031521088148579,10.32,0.47,0,NO_WARNING,LOW,2026-09-07T18:24:59.689167+00:00
AIZ_GRID_025_23.624999_92.725004,2022-05-02,23.624999,92.725004,804.0,16.64626693725586,3.239057302474976,3.239057302474976,3.0,0.0,0.0412912754194879,4.13,0.47,0,NO_WARNING,LOW,2026-09-07T18:24:59.689167+00:00
AIZ_GRID_025_23.624999_92.725004,2022-05-13,23.624999,92.725004,804.0,16.64626693725586,0.2550320029258728,0.2550320029258728,0.0,0.0,0.0213847035045687,2.14,0.47,0,NO_WARNING,LOW,2026-09-07T18:24:59.689167+00:00
AIZ_GRID_025_23.624999_92.725004,2022-08-02,23.624999,92.725004,804.0,16.64626693725586,39.9586296081543,39.9586296081543,2.0,1.0,0.0888307321860776,8.88,0.47,0,NO_WARNING,LOW,2026-09-07T18:24:59.689167+00:00
AIZ_GRID_025_23.624999_92.725004,2022-08-14,23.624999,92.725004,804.0,16.64626693725586,11.855003356933594,11.855003356933594,3.0,0.0,0.1034550682875023,10.35,0.47,0,NO_WARNING,LOW,2026-09-07T18:24:59.689167+00:00
AIZ_GRID_025_23.624999_92.725004,2022-10-17,23.624999,92.725004,804.0,16.64626693725586,14.523283004760742,14.523283004760742,2.0,0.0,0.0272205161070252,2.72,0.47,0,NO_WARNING,LOW,2026-09-07T18:24:59.689167+00:00
AIZ_GRID_025_23.624999_92.725004,2023-06-13,23.624999,92.725004,804.0,16.64626693725586,1.2608520984649658,1.2608520984649658,1.0,0.0,0.0323160248590095,3.23,0.47,0,NO_WARNING,LOW,2026-09-07T18:24:59.689167+00:00
AIZ_GRID_025_23.624999_92.725004,2023-09-18,23.624999,92.725004,804.0,16.64626693725586,33.907222747802734,33.907222747802734,2.0,2.0,0.149633135275104,14.96,0.47,0,NO_WARNING,LOW,2026-09-07T18:24:59.689167+00:00
AIZ_GRID_025_23.624999_92.725004,2023-11-03,23.624999,92.725004,804.0,16.64626693725586,0.4413135051727295,0.4413135051727295,0.0,0.0,0.0212598638708445,2.13,0.47,0,NO_WARNING,LOW,2026-09-07T18:24:59.689167+00:00
AIZ_GRID_025_23.624999_92.725004,2023-11-15,23.624999,92.725004,804.0,16.64626693725586,2.337387561798096,2.337387561798096,1.0,0.0,0.0370520398795709,3.71,0.47,0,NO_WARNING,LOW,2026-09-07T18:24:59.689167+00:00
AIZ_GRID_025_23.624999_92.725004,2023-12-18,23.624999,92.725004,804.0,16.64626693725586,0.694208562374115,0.694208562374115,0.0,0.0,0.0025918137167545,0.26,0.47,0,NO_WARNING,LOW,2026-09-07T18:24:59.689167+00:00
AIZ_GRID_025_23.624999_92.725004,2023-12-31,23.624999,92.725004,804.0,16.64626693725586,0.3954446315765381,0.3954446315765381,0.0,0.0,0.0313122442081418,3.13,0.47,0,NO_WARNING,LOW,2026-09-07T18:24:59.689167+00:00
AIZ_GRID_025_23.624999_92.725004,2024-01-29,23.624999,92.725004,804.0,16.64626693725586,0.3467320799827575,0.3467320799827575,0.0,0.0,0.016957430125626,1.7,0.47,0,NO_WARNING,LOW,2026-09-07T18:24:59.689167+00:00
AIZ_GRID_025_23.624999_92.725004,2024-02-18,23.624999,92.725004,804.0,16.64626693725586,0.6425840854644775,0.6425840854644775,0.0,0.0,0.0025918137167545,0.26,0.47,0,NO_WARNING,LOW,2026-09-07T18:24:59.689167+00:00
AIZ_GRID_025_23.624999_92.725004,2024-03-26,23.624999,92.725004,804.0,16.64626693725586,39.91834259033203,39.91834259033203,2.0,1.0,0.0918528134903687,9.19,0.47,0,NO_WARNING,LOW,2026-09-07T18:24:59.689167+00:00
AIZ_GRID_025_23.624999_92.725004,2024-07-08,23.624999,92.725004,804.0,16.64626693725586,3.729353427886963,3.729353427886963,3.0,0.0,0.0451612242911698,4.52,0.47,0,NO_WARNING,LOW,2026-09-07T18:24:59.689167+00:00
AIZ_GRID_025_23.624999_92.725004,2024-12-08,23.624999,92.725004,804.0,16.64626693725586,0.3384093046188354,0.3384093046188354,0.0,0.0,0.0148459507878361,1.48,0.47,0,NO_WARNING,LOW,2026-09-07T18:24:59.689167+00:00
AIZ_GRID_025_23.624999_92.725004,2025-02-05,23.624999,92.725004,804.0,16.64626693725586,0.3984228074550628,0.3984228074550628,0.0,0.0,0.0454629269455302,4.55,0.47,0,NO_WARNING,LOW,2026-09-07T18:24:59.689167+00:00
AIZ_GRID_025_23.624999_92.725004,2025-03-13,23.624999,92.725004,804.0,16.64626693725586,2.464718818664551,2.464718818664551,3.0,0.0,0.051520212573013,5.15,0.47,0,NO_WARNING,LOW,2026-09-07T18:24:59.689167+00:00
AIZ_GRID_025_23.624999_92.725004,2025-06-28,23.624999,92.725004,804.0,16.64626693725586,0.51286780834198,0.51286780834198,0.0,0.0,0.0062620915765422,0.63,0.47,0,NO_WARNING,LOW,2026-09-07T18:24:59.689167+00:00
AIZ_GRID_025_23.626111_92.726389,2024-05-28,23.626111,92.726389,780.0,32.59394836425781,66.76982879638672,66.76982879638672,9.0,5.0,0.9998949958982774,99.99,0.47,1,WARNING,CRITICAL,2026-09-07T18:24:59.689167+00:00
AIZ_GRID_025_23.628333_92.723333,2024-05-28,23.628333,92.723333,787.0,23.50261878967285,66.76982879638672,66.76982879638672,9.0,5.0,0.9993344887348352,99.93,0.47,1,WARNING,CRITICAL,2026-09-07T18:24:59.689167+00:00
AIZ_GRID_025_23.629722_92.725556,2024-05-28,23.629722,92.725556,794.0,23.18412399291992,66.76982879638672,66.76982879638672,9.0,5.0,0.9990013003901168,99.9,0.47,1,WARNING,CRITICAL,2026-09-07T18:24:59.689167+00:00
AIZ_GRID_025_23.62_92.724722,2024-05-28,23.62,92.724722,811.0,22.66691017150879,66.76982879638672,66.76982879638672,9.0,5.0,1.0,100.0,0.47,1,WARNING,CRITICAL,2026-09-07T18:24:59.689167+00:00
AIZ_GRID_025_23.630556_92.723056,2024-05-28,23.630556,92.723056,872.0,19.441648483276367,66.76982879638672,66.76982879638672,9.0,5.0,1.0,100.0,0.47,1,WARNING,CRITICAL,2026-09-07T18:24:59.689167+00:00
AIZ_GRID_025_23.631111_92.723889,2024-05-28,23.631111,92.723889,845.0,25.91125869750977,66.76982879638672,66.76982879638672,9.0,5.0,1.0,100.0,0.47,1,WARNING,CRITICAL,2026-09-07T18:24:59.689167+00:00
AIZ_GRID_025_23.6325_92.723889,2024-05-28,23.6325,92.723889,798.0,33.97532272338867,66.76982879638672,66.76982879638672,9.0,5.0,0.9976975449876658,99.77,0.47,1,WARNING,CRITICAL,2026-09-07T18:24:59.689167+00:00
AIZ_GRID_025_23.635_92.723611,2024-05-28,23.635,92.723611,835.0,38.7872200012207,66.76982879638672,66.76982879638672,9.0,5.0,0.9998949958982774,99.99,0.47,1,WARNING,CRITICAL,2026-09-07T18:24:59.689167+00:00
AIZ_GRID_025_23.6375_92.722778,2024-05-28,23.6375,92.722778,826.0,34.640350341796875,66.76982879638672,66.76982879638672,9.0,5.0,0.9998949958982774,99.99,0.47,1,WARNING,CRITICAL,2026-09-07T18:24:59.689167+00:00
AIZ_GRID_025_23.640833_92.724722,2024-05-28,23.640833,92.724722,842.0,26.116567611694336,66.76982879638672,66.76982879638672,9.0,5.0,1.0,100.0,0.47,1,WARNING,CRITICAL,2026-09-07T18:24:59.689167+00:00
AIZ_GRID_025_23.641667_92.724167,2024-05-28,23.641667,92.724167,811.0,23.095861434936523,66.76982879638672,66.76982879638672,9.0,5.0,1.0,100.0,0.47,1,WARNING,CRITICAL,2026-09-07T18:24:59.689167+00:00
AIZ_GRID_025_23.643333_92.734444,2024-05-28,23.643333,92.734444,720.0,14.505157470703123,66.76982879638672,66.76982879638672,9.0,5.0,0.9948566721809512,99.49,0.47,1,WARNING,CRITICAL,2026-09-07T18:24:59.689167+00:00
AIZ_GRID_025_23.643889_92.725833,2024-05-28,23.643889,92.725833,821.0,28.00108337402344,66.76982879638672,66.76982879638672,9.0,5.0,0.9998949958982774,99.99,0.47,1,WARNING,CRITICAL,2026-09-07T18:24:59.689167+00:00
AIZ_GRID_025_23.644444_92.725278,2024-05-28,23.644444,92.725278,826.0,20.1423397064209,66.76982879638672,66.76982879638672,9.0,5.0,1.0,100.0,0.47,1,WARNING,CRITICAL,2026-09-07T18:24:59.689167+00:00
AIZ_GRID_025_23.645556_92.724444,2024-05-28,23.645556,92.724444,807.0,31.02042388916016,66.76982879638672,66.76982879638672,9.0,5.0,0.9998949958982774,99.99,0.47,1,WARNING,CRITICAL,2026-09-07T18:24:59.689167+00:00
AIZ_GRID_025_23.646389_92.725278,2024-05-28,23.646389,92.725278,824.0,16.256122589111328,66.76982879638672,66.76982879638672,9.0,5.0,1.0,100.0,0.47,1,WARNING,CRITICAL,2026-09-07T18:24:59.689167+00:00
AIZ_GRID_025_23.646389_92.726389,2023-10-02,23.646389,92.726389,783.0,29.457958221435547,3.3877737522125244,3.3877737522125244,7.0,0.0,0.7582044153311672,75.82,0.47,1,WARNING,CRITICAL,2026-09-07T18:24:59.689167+00:00
AIZ_GRID_026_23.601111_92.758889,2024-05-26,23.601111,92.758889,575.0,24.1611557006836,68.87401580810547,68.87401580810547,6.0,3.0,0.7997786365740184,79.98,0.47,1,WARNING,CRITICAL,2026-09-07T18:24:59.689167+00:00
AIZ_GRID_026_23.614722_92.795833,2024-05-28,23.614722,92.795833,382.0,38.54449462890625,63.86432647705078,63.86432647705078,8.0,5.0,0.9905859842695952,99.06,0.47,1,WARNING,CRITICAL,2026-09-07T18:24:59.689167+00:00
AIZ_GRID_026_23.616111_92.797778,2024-05-28,23.616111,92.797778,407.0,28.669931411743164,63.86432647705078,63.86432647705078,8.0,5.0,0.9885894504741012,98.86,0.47,1,WARNING,CRITICAL,2026-09-07T18:24:59.689167+00:00
AIZ_GRID_026_23.618611_92.79,2024-05-28,23.618611,92.79,321.0,2.9555916786193848,63.86432647705078,63.86432647705078,8.0,5.0,0.9810982048421032,98.11,0.47,1,WARNING,CRITICAL,2026-09-07T18:24:59.689167+00:00
AIZ_GRID_026_23.623333_92.788889,2024-05-28,23.623333,92.788889,213.0,39.47304534912109,63.86432647705078,63.86432647705078,8.0,5.0,0.9854883510450358,98.55,0.47,1,WARNING,CRITICAL,2026-09-07T18:24:59.689167+00:00
AIZ_GRID_026_23.623611_92.788889,2024-08-28,23.623611,92.788889,221.0,41.08526992797852,9.152679443359377,9.152679443359377,32.0,0.0,0.6105311692159368,61.05,0.47,1,WARNING,HIGH,2026-09-07T18:24:59.689167+00:00
AIZ_GRID_026_23.624999_92.775004,2020-04-26,23.624999,92.775004,364.0,28.36828994750977,0.1198454797267913,0.1198454797267913,0.0,0.0,0.0097850880317209,0.98,0.47,0,NO_WARNING,LOW,2026-09-07T18:24:59.689167+00:00
AIZ_GRID_026_23.624999_92.775004,2020-09-01,23.624999,92.775004,364.0,28.36828994750977,8.045828819274902,8.045828819274902,2.0,0.0,0.0209372358673695,2.09,0.47,0,NO_WARNING,LOW,2026-09-07T18:24:59.689167+00:00
AIZ_GRID_026_23.624999_92.775004,2021-01-22,23.624999,92.775004,364.0,28.36828994750977,0.3806948065757751,0.3806948065757751,0.0,0.0,0.0419517781712475,4.2,0.47,0,NO_WARNING,LOW,2026-09-07T18:24:59.689167+00:00
AIZ_GRID_026_23.624999_92.775004,2021-07-21,23.624999,92.775004,364.0,28.36828994750977,5.120120525360107,5.120120525360107,10.0,0.0,0.1153037520989284,11.53,0.47,0,NO_WARNING,LOW,2026-09-07T18:24:59.689167+00:00
AIZ_GRID_026_23.624999_92.775004,2021-09-28,23.624999,92.775004,364.0,28.36828994750977,14.4424409866333,14.4424409866333,1.0,0.0,0.0173227560686984,1.73,0.47,0,NO_WARNING,LOW,2026-09-07T18:24:59.689167+00:00
AIZ_GRID_026_23.624999_92.775004,2023-10-18,23.624999,92.775004,364.0,28.36828994750977,0.1030514165759086,0.1030514165759086,0.0,0.0,0.0097850880317209,0.98,0.47,0,NO_WARNING,LOW,2026-09-07T18:24:59.689167+00:00
AIZ_GRID_026_23.624999_92.775004,2023-11-06,23.624999,92.775004,364.0,28.36828994750977,1.033048391342163,1.033048391342163,1.0,0.0,0.0027700362630981,0.28,0.47,0,NO_WARNING,LOW,2026-09-07T18:24:59.689167+00:00
AIZ_GRID_026_23.624999_92.775004,2023-11-09,23.624999,92.775004,364.0,28.36828994750977,0.172174721956253,0.172174721956253,0.0,0.0,0.0229407025647681,2.29,0.47,0,NO_WARNING,LOW,2026-09-07T18:24:59.689167+00:00
AIZ_GRID_026_23.624999_92.775004,2023-11-16,23.624999,92.775004,364.0,28.36828994750977,83.91985321044922,83.91985321044922,2.0,1.0,0.0257977054753785,2.58,0.47,0,NO_WARNING,LOW,2026-09-07T18:24:59.689167+00:00
AIZ_GRID_026_23.624999_92.775004,2023-12-18,23.624999,92.775004,364.0,28.36828994750977,0.6347532272338867,0.6347532272338867,0.0,0.0,0.0023599172761619,0.24,0.47,0,NO_WARNING,LOW,2026-09-07T18:24:59.689167+00:00
AIZ_GRID_026_23.624999_92.775004,2024-02-18,23.624999,92.775004,364.0,28.36828994750977,0.6906761527061462,0.6906761527061462,0.0,0.0,0.0023599172761619,0.24,0.47,0,NO_WARNING,LOW,2026-09-07T18:24:59.689167+00:00
AIZ_GRID_026_23.624999_92.775004,2024-02-23,23.624999,92.775004,364.0,28.36828994750977,5.390494346618652,5.390494346618652,3.0,0.0,0.0052432226435692,0.52,0.47,0,NO_WARNING,LOW,2026-09-07T18:24:59.689167+00:00
AIZ_GRID_026_23.624999_92.775004,2024-11-07,23.624999,92.775004,364.0,28.36828994750977,1.2011710405349731,1.2011710405349731,3.0,0.0,0.0027700362630981,0.28,0.47,0,NO_WARNING,LOW,2026-09-07T18:24:59.689167+00:00
AIZ_GRID_026_23.624999_92.775004,2025-01-03,23.624999,92.775004,364.0,28.36828994750977,0.2233034372329712,0.2233034372329712,0.0,0.0,0.0109421173743162,1.09,0.47,0,NO_WARNING,LOW,2026-09-07T18:24:59.689167+00:00
AIZ_GRID_026_23.624999_92.775004,2025-03-20,23.624999,92.775004,364.0,28.36828994750977,6.956801891326904,6.956801891326904,1.0,0.0,0.0008285793073547,0.08,0.47,0,NO_WARNING,LOW,2026-09-07T18:24:59.689167+00:00
AIZ_GRID_026_23.624999_92.775004,2025-04-06,23.624999,92.775004,364.0,28.36828994750977,8.399428367614746,8.399428367614746,1.0,0.0,0.0862764209536233,8.63,0.47,0,NO_WARNING,LOW,2026-09-07T18:24:59.689167+00:00
AIZ_GRID_026_23.624999_92.775004,2025-04-11,23.624999,92.775004,364.0,28.36828994750977,0.156991496682167,0.156991496682167,0.0,0.0,0.0134553658915086,1.35,0.47,0,NO_WARNING,LOW,2026-09-07T18:24:59.689167+00:00
AIZ_GRID_026_23.624999_92.775004,2025-04-19,23.624999,92.775004,364.0,28.36828994750977,0.0275678746402263,0.0275678746402263,0.0,0.0,0.0107863884218379,1.08,0.47,0,NO_WARNING,LOW,2026-09-07T18:24:59.689167+00:00
AIZ_GRID_026_23.624999_92.775004,2025-05-24,23.624999,92.775004,364.0,28.36828994750977,7.536727905273437,7.536727905273437,6.0,0.0,0.0196305519621137,1.96,0.47,0,NO_WARNING,LOW,2026-09-07T18:24:59.689167+00:00
AIZ_GRID_026_23.625278_92.786389,2024-05-28,23.625278,92.786389,189.0,12.226375579833984,63.86432647705078,63.86432647705078,8.0,5.0,0.9740022374152552,97.4,0.47,1,WARNING,CRITICAL,2026-09-07T18:24:59.689167+00:00
AIZ_GRID_027_23.608611_92.809722,2024-05-28,23.608611,92.809722,489.0,33.55191421508789,58.19657897949219,58.19657897949219,8.0,5.0,0.9861232697326262,98.61,0.47,1,WARNING,CRITICAL,2026-09-07T18:24:59.689167+00:00
AIZ_GRID_027_23.609722_92.809167,2024-05-28,23.609722,92.809167,528.0,29.707422256469727,58.19657897949219,58.19657897949219,8.0,5.0,0.9905858174060104,99.06,0.47,1,WARNING,CRITICAL,2026-09-07T18:24:59.689167+00:00
AIZ_GRID_027_23.611389_92.803333,2024-05-28,23.611389,92.803333,461.0,40.75917053222656,58.19657897949219,58.19657897949219,8.0,5.0,0.9849589496229813,98.5,0.47,1,WARNING,CRITICAL,2026-09-07T18:24:59.689167+00:00
AIZ_GRID_027_23.612222_92.805278,2024-05-28,23.612222,92.805278,442.0,29.87653160095215,58.19657897949219,58.19657897949219,8.0,5.0,0.9907525198266948,99.08,0.47,1,WARNING,CRITICAL,2026-09-07T18:24:59.689167+00:00
AIZ_GRID_027_23.613611_92.807778,2024-05-28,23.613611,92.807778,541.0,19.768285751342773,58.19657897949219,58.19657897949219,8.0,5.0,0.98729368170831,98.73,0.47,1,WARNING,CRITICAL,2026-09-07T18:24:59.689167+00:00
AIZ_GRID_027_23.624999_92.825004,2020-06-17,23.624999,92.825004,383.0,30.00912475585937,3.1389851570129395,3.1389851570129395,9.0,0.0,0.0449939568048306,4.5,0.47,0,NO_WARNING,LOW,2026-09-07T18:24:59.689167+00:00
AIZ_GRID_027_23.624999_92.825004,2021-01-28,23.624999,92.825004,383.0,30.00912475585937,0.2983121871948242,0.2983121871948242,0.0,0.0,0.0031137855321642,0.31,0.47,0,NO_WARNING,LOW,2026-09-07T18:24:59.689167+00:00
AIZ_GRID_027_23.624999_92.825004,2021-05-26,23.624999,92.825004,383.0,30.00912475585937,2.1892306804656982,2.1892306804656982,4.0,0.0,0.0109538353756131,1.1,0.47,0,NO_WARNING,LOW,2026-09-07T18:24:59.689167+00:00
AIZ_GRID_027_23.624999_92.825004,2021-06-23,23.624999,92.825004,383.0,30.00912475585937,4.612398147583008,4.612398147583008,2.0,0.0,0.0035584982865554,0.36,0.47,0,NO_WARNING,LOW,2026-09-07T18:24:59.689167+00:00
AIZ_GRID_027_23.624999_92.825004,2021-07-08,23.624999,92.825004,383.0,30.00912475585937,5.389378070831299,5.389378070831299,2.0,0.0,0.0035584982865554,0.36,0.47,0,NO_WARNING,LOW,2026-09-07T18:24:59.689167+00:00
AIZ_GRID_027_23.624999_92.825004,2021-07-09,23.624999,92.825004,383.0,30.00912475585937,55.094757080078125,55.094757080078125,3.0,1.0,0.0545405120761284,5.45,0.47,0,NO_WARNING,LOW,2026-09-07T18:24:59.689167+00:00
AIZ_GRID_027_23.624999_92.825004,2021-07-21,23.624999,92.825004,383.0,30.00912475585937,7.83237361907959,7.83237361907959,5.0,0.0,0.0255198348115547,2.55,0.47,0,NO_WARNING,LOW,2026-09-07T18:24:59.689167+00:00
AIZ_GRID_027_23.624999_92.825004,2022-01-04,23.624999,92.825004,383.0,30.00912475585937,0.282707154750824,0.282707154750824,0.0,0.0,0.005949248925869,0.59,0.47,0,NO_WARNING,LOW,2026-09-07T18:24:59.689167+00:00
AIZ_GRID_027_23.624999_92.825004,2022-02-14,23.624999,92.825004,383.0,30.00912475585937,0.5820375084877014,0.5820375084877014,0.0,0.0,0.0039248364000601,0.39,0.47,0,NO_WARNING,LOW,2026-09-07T18:24:59.689167+00:00
AIZ_GRID_027_23.624999_92.825004,2022-07-11,23.624999,92.825004,383.0,30.00912475585937,46.738651275634766,46.738651275634766,3.0,1.0,0.0429998449778605,4.3,0.47,0,NO_WARNING,LOW,2026-09-07T18:24:59.689167+00:00
AIZ_GRID_027_23.624999_92.825004,2022-11-11,23.624999,92.825004,383.0,30.00912475585937,0.3423932194709778,0.3423932194709778,0.0,0.0,0.0031137855321642,0.31,0.47,0,NO_WARNING,LOW,2026-09-07T18:24:59.689167+00:00
AIZ_GRID_027_23.624999_92.825004,2022-12-14,23.624999,92.825004,383.0,30.00912475585937,0.369523137807846,0.369523137807846,0.0,0.0,0.0043502063426503,0.44,0.47,0,NO_WARNING,LOW,2026-09-07T18:24:59.689167+00:00
AIZ_GRID_027_23.624999_92.825004,2023-01-24,23.624999,92.825004,383.0,30.00912475585937,0.3739703893661499,0.3739703893661499,0.0,0.0,0.0053515067327674,0.54,0.47,0,NO_WARNING,LOW,2026-09-07T18:24:59.689167+00:00
AIZ_GRID_027_23.624999_92.825004,2023-06-20,23.624999,92.825004,383.0,30.00912475585937,22.63302993774414,22.63302993774414,7.0,0.0,0.0353745275677055,3.54,0.47,0,NO_WARNING,LOW,2026-09-07T18:24:59.689167+00:00
AIZ_GRID_027_23.624999_92.825004,2023-09-11,23.624999,92.825004,383.0,30.00912475585937,29.31602096557617,29.31602096557617,2.0,1.0,0.0517550190088102,5.18,0.47,0,NO_WARNING,LOW,2026-09-07T18:24:59.689167+00:00
AIZ_GRID_027_23.624999_92.825004,2024-02-21,23.624999,92.825004,383.0,30.00912475585937,5.361072540283203,5.361072540283203,1.0,0.0,0.0089540798159126,0.9,0.47,0,NO_WARNING,LOW,2026-09-07T18:24:59.689167+00:00
AIZ_GRID_027_23.624999_92.825004,2024-02-23,23.624999,92.825004,383.0,30.00912475585937,5.361072540283203,5.361072540283203,3.0,0.0,0.0084278385677723,0.84,0.47,0,NO_WARNING,LOW,2026-09-07T18:24:59.689167+00:00
AIZ_GRID_027_23.624999_92.825004,2024-03-23,23.624999,92.825004,383.0,30.00912475585937,7.404174327850342,7.404174327850342,1.0,0.0,0.0413289898896518,4.13,0.47,0,NO_WARNING,LOW,2026-09-07T18:24:59.689167+00:00
AIZ_GRID_027_23.624999_92.825004,2024-05-20,23.624999,92.825004,383.0,30.00912475585937,0.0615152940154075,0.0615152940154075,0.0,0.0,0.0192547658143396,1.93,0.47,0,NO_WARNING,LOW,2026-09-07T18:24:59.689167+00:00
AIZ_GRID_027_23.624999_92.825004,2024-05-23,23.624999,92.825004,383.0,30.00912475585937,13.82196044921875,13.82196044921875,3.0,0.0,0.012788934731439,1.28,0.47,0,NO_WARNING,LOW,2026-09-07T18:24:59.689167+00:00
AIZ_GRID_027_23.624999_92.825004,2024-09-21,23.624999,92.825004,383.0,30.00912475585937,10.548884391784668,10.548884391784668,2.0,0.0,0.0177220600521924,1.77,0.47,0,NO_WARNING,LOW,2026-09-07T18:24:59.689167+00:00
AIZ_GRID_027_23.624999_92.825004,2024-10-04,23.624999,92.825004,383.0,30.00912475585937,4.602865219116211,4.602865219116211,4.0,0.0,0.0061606302775041,0.62,0.47,0,NO_WARNING,LOW,2026-09-07T18:24:59.689167+00:00
AIZ_GRID_027_23.624999_92.825004,2024-10-14,23.624999,92.825004,383.0,30.00912475585937,1.3556711673736572,1.3556711673736572,1.0,0.0,0.003447371306843,0.34,0.47,0,NO_WARNING,LOW,2026-09-07T18:24:59.689167+00:00
AIZ_GRID_027_23.624999_92.825004,2024-11-15,23.624999,92.825004,383.0,30.00912475585937,0.3611322045326233,0.3611322045326233,0.0,0.0,0.0043502063426503,0.44,0.47,0,NO_WARNING,LOW,2026-09-07T18:24:59.689167+00:00
AIZ_GRID_027_23.624999_92.825004,2024-12-02,23.624999,92.825004,383.0,30.00912475585937,0.4800258278846741,0.4800258278846741,0.0,0.0,0.0056397584490579,0.56,0.47,0,NO_WARNING,LOW,2026-09-07T18:24:59.689167+00:00
AIZ_GRID_027_23.624999_92.825004,2024-12-26,23.624999,92.825004,383.0,30.00912475585937,0.1634472906589508,0.1634472906589508,0.0,0.0,0.0232356616242237,2.32,0.47,0,NO_WARNING,LOW,2026-09-07T18:24:59.689167+00:00
AIZ_GRID_027_23.624999_92.825004,2024-12-30,23.624999,92.825004,383.0,30.00912475585937,0.1634472906589508,0.1634472906589508,0.0,0.0,0.0232356616242237,2.32,0.47,0,NO_WARNING,LOW,2026-09-07T18:24:59.689167+00:00
AIZ_GRID_027_23.624999_92.825004,2025-05-10,23.624999,92.825004,383.0,30.00912475585937,10.934999465942385,10.934999465942385,1.0,0.0,0.0332585702459824,3.33,0.47,0,NO_WARNING,LOW,2026-09-07T18:24:59.689167+00:00
AIZ_GRID_028_23.608611_92.850556,2024-05-28,23.608611,92.850556,1132.0,19.981767654418945,61.39087677001953,61.39087677001953,8.0,6.0,0.9964158756076128,99.64,0.47,1,WARNING,CRITICAL,2026-09-07T18:24:59.689167+00:00
AIZ_GRID_028_23.624999_92.875004,2020-04-29,23.624999,92.875004,467.0,23.672719955444336,0.0200365874916315,0.0200365874916315,0.0,0.0,0.0062724098507363,0.63,0.47,0,NO_WARNING,LOW,2026-09-07T18:24:59.689167+00:00
AIZ_GRID_028_23.624999_92.875004,2020-05-05,23.624999,92.875004,467.0,23.672719955444336,4.814956188201904,4.814956188201904,1.0,0.0,0.0,0.0,0.47,0,NO_WARNING,LOW,2026-09-07T18:24:59.689167+00:00
AIZ_GRID_028_23.624999_92.875004,2020-06-07,23.624999,92.875004,467.0,23.672719955444336,0.0804225876927375,0.0804225876927375,0.0,0.0,0.001001300390117,0.1,0.47,0,NO_WARNING,LOW,2026-09-07T18:24:59.689167+00:00
AIZ_GRID_028_23.624999_92.875004,2020-06-17,23.624999,92.875004,467.0,23.672719955444336,1.9133514165878296,1.9133514165878296,9.0,0.0,0.0097520407583424,0.98,0.47,0,NO_WARNING,LOW,2026-09-07T18:24:59.689167+00:00
AIZ_GRID_028_23.624999_92.875004,2020-08-27,23.624999,92.875004,467.0,23.672719955444336,2.2054102420806885,2.2054102420806885,5.0,0.0,0.0016988995251808,0.17,0.47,0,NO_WARNING,LOW,2026-09-07T18:24:59.689167+00:00
AIZ_GRID_028_23.624999_92.875004,2022-01-26,23.624999,92.875004,467.0,23.672719955444336,6.511205196380615,6.511205196380615,1.0,0.0,0.000121508600284,0.01,0.47,0,NO_WARNING,LOW,2026-09-07T18:24:59.689167+00:00
AIZ_GRID_028_23.624999_92.875004,2022-03-19,23.624999,92.875004,467.0,23.672719955444336,0.8004130721092224,0.8004130721092224,0.0,0.0,0.0,0.0,0.47,0,NO_WARNING,LOW,2026-09-07T18:24:59.689167+00:00
AIZ_GRID_028_23.624999_92.875004,2022-05-18,23.624999,92.875004,467.0,23.672719955444336,7.209902286529541,7.209902286529541,2.0,0.0,0.0083418561096925,0.83,0.47,0,NO_WARNING,LOW,2026-09-07T18:24:59.689167+00:00
AIZ_GRID_028_23.624999_92.875004,2022-07-21,23.624999,92.875004,467.0,23.672719955444336,14.70561408996582,14.70561408996582,1.0,0.0,0.0021238204053709,0.21,0.47,0,NO_WARNING,LOW,2026-09-07T18:24:59.689167+00:00
AIZ_GRID_028_23.624999_92.875004,2022-08-02,23.624999,92.875004,467.0,23.672719955444336,27.29790687561035,27.29790687561035,4.0,1.0,0.0133208753219048,1.33,0.47,0,NO_WARNING,LOW,2026-09-07T18:24:59.689167+00:00
AIZ_GRID_028_23.624999_92.875004,2022-11-08,23.624999,92.875004,467.0,23.672719955444336,0.4594348967075348,0.4594348967075348,0.0,0.0,0.0721736212404982,7.22,0.47,0,NO_WARNING,LOW,2026-09-07T18:24:59.689167+00:00
AIZ_GRID_028_23.624999_92.875004,2022-11-15,23.624999,92.875004,467.0,23.672719955444336,0.3812877237796783,0.3812877237796783,0.0,0.0,0.0186769209810496,1.87,0.47,0,NO_WARNING,LOW,2026-09-07T18:24:59.689167+00:00
AIZ_GRID_028_23.624999_92.875004,2022-12-04,23.624999,92.875004,467.0,23.672719955444336,0.5235520005226135,0.5235520005226135,0.0,0.0,0.0,0.0,0.47,0,NO_WARNING,LOW,2026-09-07T18:24:59.689167+00:00
AIZ_GRID_028_23.624999_92.875004,2023-06-10,23.624999,92.875004,467.0,23.672719955444336,4.571690082550049,4.571690082550049,6.0,0.0,0.0187040233427927,1.87,0.47,0,NO_WARNING,LOW,2026-09-07T18:24:59.689167+00:00
AIZ_GRID_028_23.624999_92.875004,2023-06-30,23.624999,92.875004,467.0,23.672719955444336,2.9333508014678955,2.9333508014678955,1.0,0.0,0.004003466204506,0.4,0.47,0,NO_WARNING,LOW,2026-09-07T18:24:59.689167+00:00
AIZ_GRID_028_23.624999_92.875004,2023-08-04,23.624999,92.875004,467.0,23.672719955444336,5.265180587768555,5.265180587768555,8.0,0.0,0.039298413598083,3.93,0.47,0,NO_WARNING,LOW,2026-09-07T18:24:59.689167+00:00
AIZ_GRID_028_23.624999_92.875004,2023-08-05,23.624999,92.875004,467.0,23.672719955444336,8.467033386230469,8.467033386230469,9.0,0.0,0.0607222477748412,6.07,0.47,0,NO_WARNING,LOW,2026-09-07T18:24:59.689167+00:00
AIZ_GRID_028_23.624999_92.875004,2023-08-26,23.624999,92.875004,467.0,23.672719955444336,25.102474212646484,25.102474212646484,2.0,1.0,0.0052727752583309,0.53,0.47,0,NO_WARNING,LOW,2026-09-07T18:24:59.689167+00:00
AIZ_GRID_028_23.624999_92.875004,2023-09-29,23.624999,92.875004,467.0,23.672719955444336,12.30413818359375,12.30413818359375,2.0,0.0,0.0062911734165365,0.63,0.47,0,NO_WARNING,LOW,2026-09-07T18:24:59.689167+00:00
AIZ_GRID_028_23.624999_92.875004,2023-12-30,23.624999,92.875004,467.0,23.672719955444336,0.4185419678688049,0.4185419678688049,0.0,0.0,0.0016008316008316,0.16,0.47,0,NO_WARNING,LOW,2026-09-07T18:24:59.689167+00:00
AIZ_GRID_028_23.624999_92.875004,2024-01-07,23.624999,92.875004,467.0,23.672719955444336,0.2726674973964691,0.2726674973964691,0.0,0.0,0.0,0.0,0.47,0,NO_WARNING,LOW,2026-09-07T18:24:59.689167+00:00
AIZ_GRID_028_23.624999_92.875004,2024-01-13,23.624999,92.875004,467.0,23.672719955444336,0.2579591870307922,0.2579591870307922,0.0,0.0,0.0,0.0,0.47,0,NO_WARNING,LOW,2026-09-07T18:24:59.689167+00:00
AIZ_GRID_028_23.624999_92.875004,2024-01-15,23.624999,92.875004,467.0,23.672719955444336,0.2579591870307922,0.2579591870307922,0.0,0.0,0.0,0.0,0.47,0,NO_WARNING,LOW,2026-09-07T18:24:59.689167+00:00
AIZ_GRID_028_23.624999_92.875004,2024-04-17,23.624999,92.875004,467.0,23.672719955444336,46.421661376953125,46.421661376953125,1.0,1.0,0.0008012486992715,0.08,0.47,0,NO_WARNING,LOW,2026-09-07T18:24:59.689167+00:00
AIZ_GRID_028_23.624999_92.875004,2024-04-26,23.624999,92.875004,467.0,23.672719955444336,12.425758361816406,12.425758361816406,1.0,0.0,0.0081463391508243,0.81,0.47,0,NO_WARNING,LOW,2026-09-07T18:24:59.689167+00:00
AIZ_GRID_028_23.624999_92.875004,2024-06-20,23.624999,92.875004,467.0,23.672719955444336,1.344995617866516,1.344995617866516,3.0,0.0,0.0,0.0,0.47,0,NO_WARNING,LOW,2026-09-07T18:24:59.689167+00:00
AIZ_GRID_028_23.624999_92.875004,2024-08-12,23.624999,92.875004,467.0,23.672719955444336,2.2057080268859863,2.2057080268859863,3.0,0.0,0.0,0.0,0.47,0,NO_WARNING,LOW,2026-09-07T18:24:59.689167+00:00
AIZ_GRID_028_23.624999_92.875004,2025-02-19,23.624999,92.875004,467.0,23.672719955444336,0.3180435299873352,0.3180435299873352,0.0,0.0,0.0,0.0,0.47,0,NO_WARNING,LOW,2026-09-07T18:24:59.689167+00:00
AIZ_GRID_028_23.624999_92.875004,2025-03-15,23.624999,92.875004,467.0,23.672719955444336,2.6473500728607178,2.6473500728607178,5.0,0.0,0.0016988995251808,0.17,0.47,0,NO_WARNING,LOW,2026-09-07T18:24:59.689167+00:00
AIZ_GRID_028_23.624999_92.875004,2025-03-20,23.624999,92.875004,467.0,23.672719955444336,3.4140164852142334,3.4140164852142334,1.0,0.0,0.0,0.0,0.47,0,NO_WARNING,LOW,2026-09-07T18:24:59.689167+00:00
AIZ_GRID_028_23.634722_92.855,2023-07-11,23.634722,92.855,1049.0,19.414628982543945,38.5731201171875,38.5731201171875,4.0,1.0,0.6812261830586538,68.12,0.47,1,WARNING,HIGH,2026-09-07T18:24:59.689167+00:00
AIZ_GRID_032_23.654167_92.69,2024-05-28,23.654167,92.69,871.0,23.85238265991211,61.86429214477539,61.86429214477539,11.0,5.0,1.0,100.0,0.47,1,WARNING,CRITICAL,2026-09-07T18:24:59.689167+00:00
AIZ_GRID_032_23.657778_92.674444,2024-05-28,23.657778,92.674444,962.0,10.850753784179688,61.86429214477539,61.86429214477539,11.0,5.0,0.9986678230702516,99.87,0.47,1,WARNING,CRITICAL,2026-09-07T18:24:59.689167+00:00
AIZ_GRID_032_23.660556_92.672778,2024-05-28,23.660556,92.672778,1033.0,19.149185180664062,61.86429214477539,61.86429214477539,11.0,5.0,1.0,100.0,0.47,1,WARNING,CRITICAL,2026-09-07T18:24:59.689167+00:00
AIZ_GRID_032_23.660833_92.672778,2024-05-28,23.660833,92.672778,1034.0,12.26225471496582,61.86429214477539,61.86429214477539,11.0,5.0,1.0,100.0,0.47,1,WARNING,CRITICAL,2026-09-07T18:24:59.689167+00:00
AIZ_GRID_032_23.674999_92.675004,2020-03-20,23.674999,92.675004,929.0,10.597792625427246,1.3124459981918335,1.3124459981918335,6.0,0.0,0.0614899736344653,6.15,0.47,0,NO_WARNING,LOW,2026-09-07T18:24:59.689167+00:00
AIZ_GRID_032_23.674999_92.675004,2020-05-07,23.674999,92.675004,929.0,10.597792625427246,3.3448407649993896,3.3448407649993896,3.0,0.0,0.0137911856598506,1.38,0.47,0,NO_WARNING,LOW,2026-09-07T18:24:59.689167+00:00
AIZ_GRID_032_23.674999_92.675004,2020-10-03,23.674999,92.675004,929.0,10.597792625427246,37.8867416381836,37.8867416381836,6.0,1.0,0.0926904525714136,9.27,0.47,0,NO_WARNING,LOW,2026-09-07T18:24:59.689167+00:00
AIZ_GRID_032_23.674999_92.675004,2021-10-21,23.674999,92.675004,929.0,10.597792625427246,27.128124237060547,27.128124237060547,2.0,1.0,0.0139463763381753,1.39,0.47,0,NO_WARNING,LOW,2026-09-07T18:24:59.689167+00:00
AIZ_GRID_032_23.674999_92.675004,2022-01-13,23.674999,92.675004,929.0,10.597792625427246,0.2296387702226638,0.2296387702226638,0.0,0.0,0.0001603832534888,0.02,0.47,0,NO_WARNING,LOW,2026-09-07T18:24:59.689167+00:00
AIZ_GRID_032_23.674999_92.675004,2022-01-31,23.674999,92.675004,929.0,10.597792625427246,0.7691718339920044,0.7691718339920044,0.0,0.0,0.0001603832534888,0.02,0.47,0,NO_WARNING,LOW,2026-09-07T18:24:59.689167+00:00
AIZ_GRID_032_23.674999_92.675004,2022-03-06,23.674999,92.675004,929.0,10.597792625427246,1.266036033630371,1.266036033630371,1.0,0.0,0.0070736585500079,0.71,0.47,0,NO_WARNING,LOW,2026-09-07T18:24:59.689167+00:00
AIZ_GRID_032_23.674999_92.675004,2022-05-21,23.674999,92.675004,929.0,10.597792625427246,34.054874420166016,34.054874420166016,5.0,1.0,0.0860964395815996,8.61,0.47,0,NO_WARNING,LOW,2026-09-07T18:24:59.689167+00:00
AIZ_GRID_032_23.674999_92.675004,2022-09-25,23.674999,92.675004,929.0,10.597792625427246,32.57325744628906,32.57325744628906,5.0,1.0,0.1212125378016027,12.12,0.47,0,NO_WARNING,LOW,2026-09-07T18:24:59.689167+00:00
AIZ_GRID_032_23.674999_92.675004,2022-11-28,23.674999,92.675004,929.0,10.597792625427246,0.273924320936203,0.273924320936203,0.0,0.0,0.0001603832534888,0.02,0.47,0,NO_WARNING,LOW,2026-09-07T18:24:59.689167+00:00
AIZ_GRID_032_23.674999_92.675004,2023-01-23,23.674999,92.675004,929.0,10.597792625427246,0.3293482959270477,0.3293482959270477,0.0,0.0,0.0001603832534888,0.02,0.47,0,NO_WARNING,LOW,2026-09-07T18:24:59.689167+00:00
AIZ_GRID_032_23.674999_92.675004,2023-01-31,23.674999,92.675004,929.0,10.597792625427246,0.2708193063735962,0.2708193063735962,0.0,0.0,0.0001603832534888,0.02,0.47,0,NO_WARNING,LOW,2026-09-07T18:24:59.689167+00:00
AIZ_GRID_032_23.674999_92.675004,2023-02-13,23.674999,92.675004,929.0,10.597792625427246,0.3714863955974579,0.3714863955974579,0.0,0.0,0.0269296091098686,2.69,0.47,0,NO_WARNING,LOW,2026-09-07T18:24:59.689167+00:00
AIZ_GRID_032_23.674999_92.675004,2023-03-03,23.674999,92.675004,929.0,10.597792625427246,0.7829249501228333,0.7829249501228333,0.0,0.0,0.0001603832534888,0.02,0.47,0,NO_WARNING,LOW,2026-09-07T18:24:59.689167+00:00
AIZ_GRID_032_23.674999_92.675004,2023-04-18,23.674999,92.675004,929.0,10.597792625427246,0.4441885948181152,0.4441885948181152,0.0,0.0,0.0059663985473835,0.6,0.47,0,NO_WARNING,LOW,2026-09-07T18:24:59.689167+00:00
AIZ_GRID_032_23.674999_92.675004,2023-12-13,23.674999,92.675004,929.0,10.597792625427246,0.7989870309829712,0.7989870309829712,0.0,0.0,0.0001603832534888,0.02,0.47,0,NO_WARNING,LOW,2026-09-07T18:24:59.689167+00:00
AIZ_GRID_032_23.674999_92.675004,2024-03-12,23.674999,92.675004,929.0,10.597792625427246,2.5733792781829834,2.5733792781829834,2.0,0.0,0.0034194428431556,0.34,0.47,0,NO_WARNING,LOW,2026-09-07T18:24:59.689167+00:00
AIZ_GRID_032_23.674999_92.675004,2024-04-07,23.674999,92.675004,929.0,10.597792625427246,5.8626017570495605,5.8626017570495605,1.0,0.0,0.028081413181411,2.81,0.47,0,NO_WARNING,LOW,2026-09-07T18:24:59.689167+00:00
AIZ_GRID_032_23.674999_92.675004,2024-04-21,23.674999,92.675004,929.0,10.597792625427246,9.321837425231934,9.321837425231934,1.0,0.0,0.0221191496347215,2.21,0.47,0,NO_WARNING,LOW,2026-09-07T18:24:59.689167+00:00
AIZ_GRID_032_23.674999_92.675004,2024-11-12,23.674999,92.675004,929.0,10.597792625427246,1.6461893320083618,1.6461893320083618,1.0,0.0,0.0316052124453191,3.16,0.47,0,NO_WARNING,LOW,2026-09-07T18:24:59.689167+00:00
AIZ_GRID_032_23.674999_92.675004,2025-01-31,23.674999,92.675004,929.0,10.597792625427246,0.25545534491539,0.25545534491539,0.0,0.0,0.0001603832534888,0.02,0.47,0,NO_WARNING,LOW,2026-09-07T18:24:59.689167+00:00
AIZ_GRID_032_23.674999_92.675004,2025-05-16,23.674999,92.675004,929.0,10.597792625427246,0.3251079022884369,0.3251079022884369,0.0,0.0,0.0001603832534888,0.02,0.47,0,NO_WARNING,LOW,2026-09-07T18:24:59.689167+00:00
AIZ_GRID_033_23.651389_92.726944,2024-05-28,23.651389,92.726944,787.0,18.351364135742188,63.3528938293457,63.3528938293457,11.0,5.0,1.0,100.0,0.47,1,WARNING,CRITICAL,2026-09-07T18:24:59.689167+00:00
AIZ_GRID_033_23.653889_92.724444,2024-05-28,23.653889,92.724444,746.0,30.547348022460938,63.3528938293457,63.3528938293457,11.0,5.0,0.9995009746588692,99.95,0.47,1,WARNING,CRITICAL,2026-09-07T18:24:59.689167+00:00
AIZ_GRID_033_23.654167_92.717778,2024-05-28,23.654167,92.717778,893.0,36.9641227722168,63.3528938293457,63.3528938293457,11.0,5.0,1.0,100.0,0.47,1,WARNING,CRITICAL,2026-09-07T18:24:59.689167+00:00
AIZ_GRID_033_23.655278_92.726944,2024-05-28,23.655278,92.726944,829.0,18.79589080810547,63.3528938293457,63.3528938293457,11.0,5.0,0.9917452367999126,99.17,0.47,1,WARNING,CRITICAL,2026-09-07T18:24:59.689167+00:00
AIZ_GRID_033_23.655306_92.7025,2022-04-05,23.655306,92.7025,907.0,28.334793090820312,0.188479945063591,0.188479945063591,0.0,0.0,0.5453628690325609,54.54,0.47,1,WARNING,HIGH,2026-09-07T18:24:59.689167+00:00
AIZ_GRID_033_23.655_92.714444,2024-05-28,23.655,92.714444,888.0,22.506441116333008,63.3528938293457,63.3528938293457,11.0,5.0,1.0,100.0,0.47,1,WARNING,CRITICAL,2026-09-07T18:24:59.689167+00:00
AIZ_GRID_033_23.658611_92.705833,2024-05-28,23.658611,92.705833,878.0,13.473954200744627,63.3528938293457,63.3528938293457,11.0,5.0,1.0,100.0,0.47,1,WARNING,CRITICAL,2026-09-07T18:24:59.689167+00:00
AIZ_GRID_033_23.660278_92.726944,2024-05-28,23.660278,92.726944,850.0,31.568431854248047,63.3528938293457,63.3528938293457,11.0,5.0,1.0,100.0,0.47,1,WARNING,CRITICAL,2026-09-07T18:24:59.689167+00:00
AIZ_GRID_033_23.660556_92.725278,2024-05-28,23.660556,92.725278,857.0,26.40682029724121,63.3528938293457,63.3528938293457,11.0,5.0,0.9950013003901168,99.5,0.47,1,WARNING,CRITICAL,2026-09-07T18:24:59.689167+00:00
AIZ_GRID_033_23.664167_92.720556,2024-05-28,23.664167,92.720556,1064.0,19.5496826171875,63.3528938293457,63.3528938293457,11.0,5.0,1.0,100.0,0.47,1,WARNING,CRITICAL,2026-09-07T18:24:59.689167+00:00
AIZ_GRID_033_23.666667_92.723889,2024-05-28,23.666667,92.723889,851.0,52.93409729003906,63.3528938293457,63.3528938293457,11.0,5.0,1.0,100.0,0.47,1,WARNING,CRITICAL,2026-09-07T18:24:59.689167+00:00
AIZ_GRID_033_23.666944_92.721944,2024-05-28,23.666944,92.721944,958.0,33.46065139770508,63.3528938293457,63.3528938293457,11.0,5.0,1.0,100.0,0.47,1,WARNING,CRITICAL,2026-09-07T18:24:59.689167+00:00
AIZ_GRID_033_23.66_92.726389,2024-05-28,23.66,92.726389,872.0,29.110328674316406,63.3528938293457,63.3528938293457,11.0,5.0,1.0,100.0,0.47,1,WARNING,CRITICAL,2026-09-07T18:24:59.689167+00:00
AIZ_GRID_033_23.671389_92.723611,2024-05-28,23.671389,92.723611,979.0,31.806421279907227,63.3528938293457,63.3528938293457,11.0,5.0,1.0,100.0,0.47,1,WARNING,CRITICAL,2026-09-07T18:24:59.689167+00:00
AIZ_GRID_033_23.672069_92.709929,2024-05-28,23.672069,92.709929,996.0,14.350937843322754,63.3528938293457,63.3528938293457,11.0,5.0,1.0,100.0,0.47,1,WARNING,CRITICAL,2026-09-07T18:24:59.689167+00:00
AIZ_GRID_033_23.673889_92.714722,2024-05-28,23.673889,92.714722,1002.0,30.271915435791016,63.3528938293457,63.3528938293457,11.0,5.0,1.0,100.0,0.47,1,WARNING,CRITICAL,2026-09-07T18:24:59.689167+00:00
AIZ_GRID_033_23.674444_92.714722,2024-05-28,23.674444,92.714722,995.0,26.133516311645508,63.3528938293457,63.3528938293457,11.0,5.0,0.999001300390117,99.9,0.47,1,WARNING,CRITICAL,2026-09-07T18:24:59.689167+00:00
AIZ_GRID_033_23.674722_92.717222,2024-05-28,23.674722,92.717222,1106.0,12.113170623779297,63.3528938293457,63.3528938293457,11.0,5.0,1.0,100.0,0.47,1,WARNING,CRITICAL,2026-09-07T18:24:59.689167+00:00
AIZ_GRID_033_23.674999_92.725004,2020-04-18,23.674999,92.725004,693.0,16.65552520751953,36.359954833984375,36.359954833984375,4.0,2.0,0.0871186511053653,8.71,0.47,0,NO_WARNING,LOW,2026-09-07T18:24:59.689167+00:00
AIZ_GRID_033_23.674999_92.725004,2020-09-25,23.674999,92.725004,693.0,16.65552520751953,0.2409930378198623,0.2409930378198623,0.0,0.0,0.0089840653301899,0.9,0.47,0,NO_WARNING,LOW,2026-09-07T18:24:59.689167+00:00
AIZ_GRID_033_23.674999_92.725004,2020-11-27,23.674999,92.725004,693.0,16.65552520751953,1.555182933807373,1.555182933807373,1.0,0.0,0.0047139988006377,0.47,0.47,0,NO_WARNING,LOW,2026-09-07T18:24:59.689167+00:00
AIZ_GRID_033_23.674999_92.725004,2021-01-01,23.674999,92.725004,693.0,16.65552520751953,0.2190055400133133,0.2190055400133133,0.0,0.0,0.0111198027642968,1.11,0.47,0,NO_WARNING,LOW,2026-09-07T18:24:59.689167+00:00
AIZ_GRID_033_23.674999_92.725004,2021-03-06,23.674999,92.725004,693.0,16.65552520751953,1.1036559343338013,1.1036559343338013,1.0,0.0,0.0024476559346415,0.24,0.47,0,NO_WARNING,LOW,2026-09-07T18:24:59.689167+00:00
AIZ_GRID_033_23.674999_92.725004,2021-03-10,23.674999,92.725004,693.0,16.65552520751953,1.1353305578231812,1.1353305578231812,5.0,0.0,0.0266038348799739,2.66,0.47,0,NO_WARNING,LOW,2026-09-07T18:24:59.689167+00:00
AIZ_GRID_033_23.674999_92.725004,2021-08-03,23.674999,92.725004,693.0,16.65552520751953,1.7317919731140137,1.7317919731140137,3.0,0.0,0.0534841778597493,5.35,0.47,0,NO_WARNING,LOW,2026-09-07T18:24:59.689167+00:00
AIZ_GRID_033_23.674999_92.725004,2021-08-22,23.674999,92.725004,693.0,16.65552520751953,0.1741398125886917,0.1741398125886917,0.0,0.0,0.0113198544551423,1.13,0.47,0,NO_WARNING,LOW,2026-09-07T18:24:59.689167+00:00
AIZ_GRID_033_23.674999_92.725004,2021-09-27,23.674999,92.725004,693.0,16.65552520751953,0.5918294191360474,0.5918294191360474,0.0,0.0,0.0014775779901516,0.15,0.47,0,NO_WARNING,LOW,2026-09-07T18:24:59.689167+00:00
AIZ_GRID_033_23.674999_92.725004,2022-08-13,23.674999,92.725004,693.0,16.65552520751953,14.137829780578612,14.137829780578612,2.0,0.0,0.0250769661615427,2.51,0.47,0,NO_WARNING,LOW,2026-09-07T18:24:59.689167+00:00
AIZ_GRID_033_23.674999_92.725004,2022-08-14,23.674999,92.725004,693.0,16.65552520751953,12.084301948547363,12.084301948547363,3.0,0.0,0.0824266142728267,8.24,0.47,0,NO_WARNING,LOW,2026-09-07T18:24:59.689167+00:00
AIZ_GRID_033_23.674999_92.725004,2022-09-24,23.674999,92.725004,693.0,16.65552520751953,5.572192668914795,5.572192668914795,4.0,0.0,0.0291019133434453,2.91,0.47,0,NO_WARNING,LOW,2026-09-07T18:24:59.689167+00:00
AIZ_GRID_033_23.674999_92.725004,2022-10-26,23.674999,92.725004,693.0,16.65552520751953,0.4548310041427612,0.4548310041427612,0.0,0.0,0.023000691453013,2.3,0.47,0,NO_WARNING,LOW,2026-09-07T18:24:59.689167+00:00
AIZ_GRID_033_23.674999_92.725004,2023-06-06,23.674999,92.725004,693.0,16.65552520751953,16.87814712524414,16.87814712524414,2.0,0.0,0.0486330543786192,4.86,0.47,0,NO_WARNING,LOW,2026-09-07T18:24:59.689167+00:00
AIZ_GRID_033_23.674999_92.725004,2024-03-10,23.674999,92.725004,693.0,16.65552520751953,0.7267609238624573,0.7267609238624573,0.0,0.0,0.0014775779901516,0.15,0.47,0,NO_WARNING,LOW,2026-09-07T18:24:59.689167+00:00
AIZ_GRID_033_23.674999_92.725004,2024-08-06,23.674999,92.725004,693.0,16.65552520751953,60.548118591308594,60.548118591308594,10.0,2.0,0.3468651897073576,34.69,0.47,0,NO_WARNING,MODERATE,2026-09-07T18:24:59.689167+00:00
AIZ_GRID_033_23.674999_92.725004,2024-12-02,23.674999,92.725004,693.0,16.65552520751953,0.5998197793960571,0.5998197793960571,0.0,0.0,0.0014775779901516,0.15,0.47,0,NO_WARNING,LOW,2026-09-07T18:24:59.689167+00:00
AIZ_GRID_033_23.675833_92.715,2024-05-28,23.675833,92.715,992.0,20.369962692260746,63.3528938293457,63.3528938293457,11.0,5.0,1.0,100.0,0.47,1,WARNING,CRITICAL,2026-09-07T18:24:59.689167+00:00
AIZ_GRID_033_23.676111_92.719722,2024-05-28,23.676111,92.719722,1003.0,41.29151916503906,63.3528938293457,63.3528938293457,11.0,5.0,1.0,100.0,0.47,1,WARNING,CRITICAL,2026-09-07T18:24:59.689167+00:00
AIZ_GRID_033_23.676944_92.717222,2024-05-28,23.676944,92.717222,1095.0,35.12616729736328,63.3528938293457,63.3528938293457,11.0,5.0,1.0,100.0,0.47,1,WARNING,CRITICAL,2026-09-07T18:24:59.689167+00:00
AIZ_GRID_033_23.678056_92.72,2024-05-28,23.678056,92.72,996.0,33.00326156616211,63.3528938293457,63.3528938293457,11.0,5.0,1.0,100.0,0.47,1,WARNING,CRITICAL,2026-09-07T18:24:59.689167+00:00
AIZ_GRID_033_23.680278_92.724722,2024-05-28,23.680278,92.724722,920.0,27.81185913085937,63.3528938293457,63.3528938293457,11.0,5.0,1.0,100.0,0.47,1,WARNING,CRITICAL,2026-09-07T18:24:59.689167+00:00
AIZ_GRID_033_23.681436_92.721442,2024-05-28,23.681436,92.721442,1017.0,29.33857727050781,63.3528938293457,63.3528938293457,11.0,5.0,1.0,100.0,0.47,1,WARNING,CRITICAL,2026-09-07T18:24:59.689167+00:00
AIZ_GRID_033_23.683611_92.722778,2024-05-28,23.683611,92.722778,924.0,31.2247314453125,63.3528938293457,63.3528938293457,11.0,5.0,1.0,100.0,0.47,1,WARNING,CRITICAL,2026-09-07T18:24:59.689167+00:00
AIZ_GRID_033_23.684301_92.715511,2024-05-28,23.684301,92.715511,1033.0,24.405174255371097,63.3528938293457,63.3528938293457,11.0,5.0,1.0,100.0,0.47,1,WARNING,CRITICAL,2026-09-07T18:24:59.689167+00:00
AIZ_GRID_033_23.686803_92.725199,2025-05-29,23.686803,92.725199,873.0,42.61337661743164,34.87441635131836,34.87441635131836,11.0,5.0,0.847882618709903,84.79,0.47,1,WARNING,CRITICAL,2026-09-07T18:24:59.689167+00:00
AIZ_GRID_033_23.687433_92.721292,2024-05-28,23.687433,92.721292,1091.0,19.252243041992188,63.3528938293457,63.3528938293457,11.0,5.0,1.0,100.0,0.47,1,WARNING,CRITICAL,2026-09-07T18:24:59.689167+00:00
AIZ_GRID_033_23.689167_92.720556,2024-07-02,23.689167,92.720556,1032.0,24.37499237060547,14.71131992340088,14.71131992340088,15.0,0.0,0.9379748876169972,93.8,0.47,1,WARNING,CRITICAL,2026-09-07T18:24:59.689167+00:00
AIZ_GRID_033_23.692778_92.720556,2024-05-28,23.692778,92.720556,989.0,23.36318588256836,63.3528938293457,63.3528938293457,11.0,5.0,1.0,100.0,0.47,1,WARNING,CRITICAL,2026-09-07T18:24:59.689167+00:00
AIZ_GRID_033_23.693333_92.720556,2024-05-28,23.693333,92.720556,970.0,33.75522232055664,63.3528938293457,63.3528938293457,11.0,5.0,1.0,100.0,0.47,1,WARNING,CRITICAL,2026-09-07T18:24:59.689167+00:00
AIZ_GRID_033_23.693611_92.7225,2024-06-28,23.693611,92.7225,867.0,34.92423248291016,1.6128575801849363,1.6128575801849363,11.0,0.0,0.8361220500624087,83.61,0.47,1,WARNING,CRITICAL,2026-09-07T18:24:59.689167+00:00
AIZ_GRID_033_23.697778_92.719444,2024-09-20,23.697778,92.719444,1007.0,38.66463851928711,2.932873487472534,2.932873487472534,1.0,0.0,0.7694229664818254,76.94,0.47,1,WARNING,CRITICAL,2026-09-07T18:24:59.689167+00:00
AIZ_GRID_033_23.698056_92.722778,2024-07-02,23.698056,92.722778,869.0,32.23304748535156,14.71131992340088,14.71131992340088,15.0,0.0,0.9879578340356368,98.8,0.47,1,WARNING,CRITICAL,2026-09-07T18:24:59.689167+00:00
AIZ_GRID_033_23.699444_92.719722,2024-05-28,23.699444,92.719722,1073.0,18.351364135742188,63.3528938293457,63.3528938293457,11.0,5.0,1.0,100.0,0.47,1,WARNING,CRITICAL,2026-09-07T18:24:59.689167+00:00
AIZ_GRID_033_23.699722_92.716944,2024-05-28,23.699722,92.716944,1031.0,30.935073852539062,63.3528938293457,63.3528938293457,11.0,5.0,1.0,100.0,0.47,1,WARNING,CRITICAL,2026-09-07T18:24:59.689167+00:00
AIZ_GRID_033_23.699722_92.7175,2024-06-20,23.699722,92.7175,1021.0,42.90288162231445,1.7874211072921753,1.7874211072921753,3.0,0.0,0.8808934693344364,88.09,0.47,1,WARNING,CRITICAL,2026-09-07T18:24:59.689167+00:00
AIZ_GRID_033_23.69_92.723611,2024-05-28,23.69,92.723611,877.0,16.040876388549805,63.3528938293457,63.3528938293457,11.0,5.0,1.0,100.0,0.47,1,WARNING,CRITICAL,2026-09-07T18:24:59.689167+00:00
AIZ_GRID_036_23.661944_92.854167,2024-11-12,23.661944,92.854167,844.0,19.49338150024414,0.430397093296051,0.430397093296051,0.0,0.0,0.4889744717934993,48.9,0.47,1,WARNING,HIGH,2026-09-07T18:24:59.689167+00:00
AIZ_GRID_036_23.674999_92.875004,2021-01-02,23.674999,92.875004,513.0,33.69331741333008,0.2240521907806396,0.2240521907806396,0.0,0.0,0.0352769241754913,3.53,0.47,0,NO_WARNING,LOW,2026-09-07T18:24:59.689167+00:00
AIZ_GRID_036_23.674999_92.875004,2021-03-07,23.674999,92.875004,513.0,33.69331741333008,1.242933750152588,1.242933750152588,2.0,0.0,0.0152768225679288,1.53,0.47,0,NO_WARNING,LOW,2026-09-07T18:24:59.689167+00:00
AIZ_GRID_036_23.674999_92.875004,2021-07-11,23.674999,92.875004,513.0,33.69331741333008,0.2005838900804519,0.2005838900804519,0.0,0.0,0.1159148133269848,11.59,0.47,0,NO_WARNING,LOW,2026-09-07T18:24:59.689167+00:00
AIZ_GRID_036_23.674999_92.875004,2021-07-31,23.674999,92.875004,513.0,33.69331741333008,0.1675024926662445,0.1675024926662445,0.0,0.0,0.0611455215420718,6.11,0.47,0,NO_WARNING,LOW,2026-09-07T18:24:59.689167+00:00
AIZ_GRID_036_23.674999_92.875004,2021-12-26,23.674999,92.875004,513.0,33.69331741333008,0.270794540643692,0.270794540643692,0.0,0.0,0.0305168937190401,3.05,0.47,0,NO_WARNING,LOW,2026-09-07T18:24:59.689167+00:00
AIZ_GRID_036_23.674999_92.875004,2022-01-13,23.674999,92.875004,513.0,33.69331741333008,0.0310228317975997,0.0310228317975997,0.0,0.0,0.0523123353268855,5.23,0.47,0,NO_WARNING,LOW,2026-09-07T18:24:59.689167+00:00
AIZ_GRID_036_23.674999_92.875004,2022-05-09,23.674999,92.875004,513.0,33.69331741333008,27.13900184631348,27.13900184631348,1.0,1.0,0.0437205879492315,4.37,0.47,0,NO_WARNING,LOW,2026-09-07T18:24:59.689167+00:00
AIZ_GRID_036_23.674999_92.875004,2022-05-24,23.674999,92.875004,513.0,33.69331741333008,28.6273193359375,28.6273193359375,8.0,1.0,0.0566013001751708,5.66,0.47,0,NO_WARNING,LOW,2026-09-07T18:24:59.689167+00:00
AIZ_GRID_036_23.674999_92.875004,2022-08-20,23.674999,92.875004,513.0,33.69331741333008,13.778620719909668,13.778620719909668,3.0,0.0,0.0246210411476774,2.46,0.47,0,NO_WARNING,LOW,2026-09-07T18:24:59.689167+00:00
AIZ_GRID_036_23.674999_92.875004,2022-11-13,23.674999,92.875004,513.0,33.69331741333008,0.368023008108139,0.368023008108139,0.0,0.0,0.0779261616431221,7.79,0.47,0,NO_WARNING,LOW,2026-09-07T18:24:59.689167+00:00
AIZ_GRID_036_23.674999_92.875004,2023-01-01,23.674999,92.875004,513.0,33.69331741333008,0.229205921292305,0.229205921292305,0.0,0.0,0.0283020809046397,2.83,0.47,0,NO_WARNING,LOW,2026-09-07T18:24:59.689167+00:00
AIZ_GRID_036_23.674999_92.875004,2023-01-05,23.674999,92.875004,513.0,33.69331741333008,0.229205921292305,0.229205921292305,0.0,0.0,0.0283020809046397,2.83,0.47,0,NO_WARNING,LOW,2026-09-07T18:24:59.689167+00:00
AIZ_GRID_036_23.674999_92.875004,2023-05-31,23.674999,92.875004,513.0,33.69331741333008,33.36547088623047,33.36547088623047,2.0,2.0,0.2528187783674209,25.28,0.47,0,NO_WARNING,MODERATE,2026-09-07T18:24:59.689167+00:00
AIZ_GRID_036_23.674999_92.875004,2023-07-03,23.674999,92.875004,513.0,33.69331741333008,0.2602643966674804,0.2602643966674804,0.0,0.0,0.0281811045940877,2.82,0.47,0,NO_WARNING,LOW,2026-09-07T18:24:59.689167+00:00
AIZ_GRID_036_23.674999_92.875004,2023-08-27,23.674999,92.875004,513.0,33.69331741333008,15.984416961669922,15.984416961669922,3.0,0.0,0.0049551687032052,0.5,0.47,0,NO_WARNING,LOW,2026-09-07T18:24:59.689167+00:00
AIZ_GRID_036_23.674999_92.875004,2023-09-12,23.674999,92.875004,513.0,33.69331741333008,24.16238784790039,24.16238784790039,3.0,0.0,0.0045095557080323,0.45,0.47,0,NO_WARNING,LOW,2026-09-07T18:24:59.689167+00:00
AIZ_GRID_036_23.674999_92.875004,2024-01-06,23.674999,92.875004,513.0,33.69331741333008,0.5205380320549011,0.5205380320549011,0.0,0.0,0.0526343468836698,5.26,0.47,0,NO_WARNING,LOW,2026-09-07T18:24:59.689167+00:00
AIZ_GRID_036_23.674999_92.875004,2024-03-30,23.674999,92.875004,513.0,33.69331741333008,40.382320404052734,40.382320404052734,6.0,1.0,0.1379817144770171,13.8,0.47,0,NO_WARNING,LOW,2026-09-07T18:24:59.689167+00:00
AIZ_GRID_036_23.674999_92.875004,2024-06-14,23.674999,92.875004,513.0,33.69331741333008,2.307567596435547,2.307567596435547,9.0,0.0,0.0416828908281065,4.17,0.47,0,NO_WARNING,LOW,2026-09-07T18:24:59.689167+00:00
AIZ_GRID_036_23.674999_92.875004,2024-09-08,23.674999,92.875004,513.0,33.69331741333008,2.5555343627929688,2.5555343627929688,30.0,0.0,0.1018476236778778,10.18,0.47,0,NO_WARNING,LOW,2026-09-07T18:24:59.689167+00:00
AIZ_GRID_036_23.674999_92.875004,2024-09-21,23.674999,92.875004,513.0,33.69331741333008,10.475625038146973,10.475625038146973,2.0,0.0,0.0144593363521334,1.45,0.47,0,NO_WARNING,LOW,2026-09-07T18:24:59.689167+00:00
AIZ_GRID_036_23.674999_92.875004,2025-04-29,23.674999,92.875004,513.0,33.69331741333008,2.0003232955932617,2.0003232955932617,2.0,0.0,0.0126438776306714,1.26,0.47,0,NO_WARNING,LOW,2026-09-07T18:24:59.689167+00:00
AIZ_GRID_036_23.674999_92.875004,2025-05-06,23.674999,92.875004,513.0,33.69331741333008,1.6357954740524292,1.6357954740524292,1.0,0.0,0.0187215951188146,1.87,0.47,0,NO_WARNING,LOW,2026-09-07T18:24:59.689167+00:00
AIZ_GRID_036_23.674999_92.875004,2025-06-13,23.674999,92.875004,513.0,33.69331741333008,6.343782901763916,6.343782901763916,1.0,0.0,0.0142379875874944,1.42,0.47,0,NO_WARNING,LOW,2026-09-07T18:24:59.689167+00:00
AIZ_GRID_036_23.674999_92.875004,2025-06-20,23.674999,92.875004,513.0,33.69331741333008,0.6966391205787659,0.6966391205787659,0.0,0.0,0.0419630346096838,4.2,0.47,0,NO_WARNING,LOW,2026-09-07T18:24:59.689167+00:00
AIZ_GRID_036_23.682778_92.8575,2024-05-28,23.682778,92.8575,954.0,31.85177993774414,62.55226135253906,62.55226135253906,8.0,3.0,0.9933363735330488,99.33,0.47,1,WARNING,CRITICAL,2026-09-07T18:24:59.689167+00:00
AIZ_GRID_036_23.683056_92.8575,2024-05-28,23.683056,92.8575,968.0,20.1423397064209,62.55226135253906,62.55226135253906,8.0,3.0,0.9805462613352148,98.05,0.47,1,WARNING,CRITICAL,2026-09-07T18:24:59.689167+00:00
AIZ_GRID_036_23.684167_92.857083,2021-10-09,23.684167,92.857083,959.0,15.467188835144045,0.0074202185496687,0.0074202185496687,0.0,0.0,0.4654120884344202,46.54,0.47,0,NO_WARNING,MODERATE,2026-09-07T18:24:59.689167+00:00
AIZ_GRID_036_23.686389_92.858333,2024-05-28,23.686389,92.858333,930.0,29.90041923522949,62.55226135253906,62.55226135253906,8.0,3.0,0.9940018847982136,99.4,0.47,1,WARNING,CRITICAL,2026-09-07T18:24:59.689167+00:00
AIZ_GRID_036_23.694722_92.859722,2024-05-28,23.694722,92.859722,947.0,18.589183807373047,62.55226135253906,62.55226135253906,8.0,3.0,0.9560443121693866,95.6,0.47,1,WARNING,CRITICAL,2026-09-07T18:24:59.689167+00:00
AIZ_GRID_040_23.724999_92.675004,2020-03-01,23.724999,92.675004,602.0,16.792776107788086,0.6908667087554932,0.6908667087554932,0.0,0.0,0.0044990516422567,0.45,0.47,0,NO_WARNING,LOW,2026-09-07T18:24:59.689167+00:00
AIZ_GRID_040_23.724999_92.675004,2020-03-20,23.724999,92.675004,602.0,16.792776107788086,1.39805805683136,1.39805805683136,6.0,0.0,0.0408640361494524,4.09,0.47,0,NO_WARNING,LOW,2026-09-07T18:24:59.689167+00:00
AIZ_GRID_040_23.724999_92.675004,2020-05-19,23.724999,92.675004,602.0,16.792776107788086,73.7811279296875,73.7811279296875,1.0,1.0,0.0299416665957584,2.99,0.47,0,NO_WARNING,LOW,2026-09-07T18:24:59.689167+00:00
AIZ_GRID_040_23.724999_92.675004,2020-07-09,23.724999,92.675004,602.0,16.792776107788086,5.296014308929443,5.296014308929443,2.0,0.0,0.0357468616265518,3.57,0.47,0,NO_WARNING,LOW,2026-09-07T18:24:59.689167+00:00
AIZ_GRID_040_23.724999_92.675004,2021-06-14,23.724999,92.675004,602.0,16.792776107788086,2.1221094131469727,2.1221094131469727,7.0,0.0,0.0359186802935862,3.59,0.47,0,NO_WARNING,LOW,2026-09-07T18:24:59.689167+00:00
AIZ_GRID_040_23.724999_92.675004,2021-09-12,23.724999,92.675004,602.0,16.792776107788086,0.7728103995323181,0.7728103995323181,0.0,0.0,0.0044990516422567,0.45,0.47,0,NO_WARNING,LOW,2026-09-07T18:24:59.689167+00:00
AIZ_GRID_040_23.724999_92.675004,2022-04-10,23.724999,92.675004,602.0,16.792776107788086,6.056019306182861,6.056019306182861,1.0,0.0,0.0116417175383306,1.16,0.47,0,NO_WARNING,LOW,2026-09-07T18:24:59.689167+00:00
AIZ_GRID_040_23.724999_92.675004,2022-05-08,23.724999,92.675004,602.0,16.792776107788086,0.3581491410732269,0.3581491410732269,0.0,0.0,0.0277224053774364,2.77,0.47,0,NO_WARNING,LOW,2026-09-07T18:24:59.689167+00:00
AIZ_GRID_040_23.724999_92.675004,2022-06-14,23.724999,92.675004,602.0,16.792776107788086,8.615638732910156,8.615638732910156,2.0,0.0,0.0987456641192295,9.87,0.47,0,NO_WARNING,LOW,2026-09-07T18:24:59.689167+00:00
AIZ_GRID_040_23.724999_92.675004,2022-08-24,23.724999,92.675004,602.0,16.792776107788086,0.4060322642326355,0.4060322642326355,0.0,0.0,0.0377309354648371,3.77,0.47,0,NO_WARNING,LOW,2026-09-07T18:24:59.689167+00:00
AIZ_GRID_040_23.724999_92.675004,2022-11-29,23.724999,92.675004,602.0,16.792776107788086,0.5194687247276306,0.5194687247276306,0.0,0.0,0.0087705265104706,0.88,0.47,0,NO_WARNING,LOW,2026-09-07T18:24:59.689167+00:00
AIZ_GRID_040_23.724999_92.675004,2023-05-20,23.724999,92.675004,602.0,16.792776107788086,2.340493440628052,2.340493440628052,2.0,0.0,0.000973955988909,0.1,0.47,0,NO_WARNING,LOW,2026-09-07T18:24:59.689167+00:00
AIZ_GRID_040_23.724999_92.675004,2024-01-26,23.724999,92.675004,602.0,16.792776107788086,0.1708805412054062,0.1708805412054062,0.0,0.0,0.016791870165161,1.68,0.47,0,NO_WARNING,LOW,2026-09-07T18:24:59.689167+00:00
AIZ_GRID_040_23.724999_92.675004,2024-05-22,23.724999,92.675004,602.0,16.792776107788086,3.6675641536712646,3.6675641536712646,5.0,0.0,0.0181332679594379,1.81,0.47,0,NO_WARNING,LOW,2026-09-07T18:24:59.689167+00:00
AIZ_GRID_040_23.724999_92.675004,2024-08-16,23.724999,92.675004,602.0,16.792776107788086,33.06956481933594,33.06956481933594,20.0,2.0,0.3521687706568008,35.22,0.47,0,NO_WARNING,MODERATE,2026-09-07T18:24:59.689167+00:00
AIZ_GRID_040_23.724999_92.675004,2024-09-04,23.724999,92.675004,602.0,16.792776107788086,1.589102864265442,1.589102864265442,6.0,0.0,0.0358902858144288,3.59,0.47,0,NO_WARNING,LOW,2026-09-07T18:24:59.689167+00:00
AIZ_GRID_040_23.724999_92.675004,2025-01-21,23.724999,92.675004,602.0,16.792776107788086,0.3452544212341308,0.3452544212341308,0.0,0.0,0.0185944192545496,1.86,0.47,0,NO_WARNING,LOW,2026-09-07T18:24:59.689167+00:00
AIZ_GRID_040_23.724999_92.675004,2025-04-06,23.724999,92.675004,602.0,16.792776107788086,2.382763385772705,2.382763385772705,1.0,0.0,0.000973955988909,0.1,0.47,0,NO_WARNING,LOW,2026-09-07T18:24:59.689167+00:00
AIZ_GRID_040_23.724999_92.675004,2025-05-12,23.724999,92.675004,602.0,16.792776107788086,3.969060659408569,3.969060659408569,3.0,0.0,0.0101585884049094,1.02,0.47,0,NO_WARNING,LOW,2026-09-07T18:24:59.689167+00:00
AIZ_GRID_040_23.724999_92.675004,2025-05-15,23.724999,92.675004,602.0,16.792776107788086,0.8454630374908447,0.8454630374908447,0.0,0.0,0.0058335403770921,0.58,0.47,0,NO_WARNING,LOW,2026-09-07T18:24:59.689167+00:00
AIZ_GRID_040_23.726694_92.695194,2024-05-28,23.726694,92.695194,903.0,27.686426162719727,59.88376998901367,59.88376998901367,11.0,5.0,0.9998082554419864,99.98,0.47,1,WARNING,CRITICAL,2026-09-07T18:24:59.689167+00:00
AIZ_GRID_040_23.733056_92.699444,2024-05-28,23.733056,92.699444,910.0,28.78240394592285,59.88376998901367,59.88376998901367,11.0,5.0,0.9998082554419864,99.98,0.47,1,WARNING,CRITICAL,2026-09-07T18:24:59.689167+00:00
AIZ_GRID_040_23.733611_92.693889,2024-05-28,23.733611,92.693889,891.0,24.97211647033692,59.88376998901367,59.88376998901367,11.0,5.0,0.9998082554419864,99.98,0.47,1,WARNING,CRITICAL,2026-09-07T18:24:59.689167+00:00
AIZ_GRID_040_23.733861_92.694917,2024-05-28,23.733861,92.694917,899.0,28.761680603027344,59.88376998901367,59.88376998901367,11.0,5.0,0.9998082554419864,99.98,0.47,1,WARNING,CRITICAL,2026-09-07T18:24:59.689167+00:00
AIZ_GRID_040_23.734722_92.695,2024-05-28,23.734722,92.695,922.0,12.168827056884766,59.88376998901367,59.88376998901367,11.0,5.0,0.991572819889231,99.16,0.47,1,WARNING,CRITICAL,2026-09-07T18:24:59.689167+00:00
AIZ_GRID_040_23.735833_92.697778,2024-05-28,23.735833,92.697778,979.0,23.251510620117188,59.88376998901367,59.88376998901367,11.0,5.0,0.9998082554419864,99.98,0.47,1,WARNING,CRITICAL,2026-09-07T18:24:59.689167+00:00
AIZ_GRID_040_23.7375_92.694444,2024-05-28,23.7375,92.694444,1007.0,24.476747512817383,59.88376998901367,59.88376998901367,11.0,5.0,0.9998082554419864,99.98,0.47,1,WARNING,CRITICAL,2026-09-07T18:24:59.689167+00:00
AIZ_GRID_040_23.738575_92.694194,2024-05-28,23.738575,92.694194,974.0,28.89985084533692,59.88376998901367,59.88376998901367,11.0,5.0,0.9998082554419864,99.98,0.47,1,WARNING,CRITICAL,2026-09-07T18:24:59.689167+00:00
AIZ_GRID_040_23.738889_92.696389,2024-05-28,23.738889,92.696389,1042.0,28.00108337402344,59.88376998901367,59.88376998901367,11.0,5.0,0.9998082554419864,99.98,0.47,1,WARNING,CRITICAL,2026-09-07T18:24:59.689167+00:00
AIZ_GRID_040_23.739472_92.696667,2024-05-28,23.739472,92.696667,1040.0,24.626888275146484,59.88376998901367,59.88376998901367,11.0,5.0,0.9998082554419864,99.98,0.47,1,WARNING,CRITICAL,2026-09-07T18:24:59.689167+00:00
AIZ_GRID_040_23.740278_92.697222,2024-05-28,23.740278,92.697222,1035.0,23.32939910888672,59.88376998901367,59.88376998901367,11.0,5.0,0.9998082554419864,99.98,0.47,1,WARNING,CRITICAL,2026-09-07T18:24:59.689167+00:00
AIZ_GRID_040_23.740667_92.693361,2024-05-28,23.740667,92.693361,933.0,20.926502227783203,59.88376998901367,59.88376998901367,11.0,5.0,0.9998082554419864,99.98,0.47,1,WARNING,CRITICAL,2026-09-07T18:24:59.689167+00:00
AIZ_GRID_040_23.741167_92.694556,2024-05-28,23.741167,92.694556,948.0,28.23966407775879,59.88376998901367,59.88376998901367,11.0,5.0,0.9998082554419864,99.98,0.47,1,WARNING,CRITICAL,2026-09-07T18:24:59.689167+00:00
AIZ_GRID_040_23.744722_92.692778,2024-05-28,23.744722,92.692778,984.0,19.768285751342773,59.88376998901367,59.88376998901367,11.0,5.0,0.9998082554419864,99.98,0.47,1,WARNING,CRITICAL,2026-09-07T18:24:59.689167+00:00
AIZ_GRID_040_23.749167_92.694167,2024-05-28,23.749167,92.694167,816.0,27.463850021362305,59.88376998901367,59.88376998901367,11.0,5.0,0.999586546435058,99.96,0.47,1,WARNING,CRITICAL,2026-09-07T18:24:59.689167+00:00
AIZ_GRID_040_23.749722_92.698333,2024-05-28,23.749722,92.698333,632.0,8.904701232910156,59.88376998901367,59.88376998901367,11.0,5.0,0.9790455624489038,97.9,0.47,1,WARNING,CRITICAL,2026-09-07T18:24:59.689167+00:00
AIZ_GRID_041_23.700269_92.718168,2025-05-13,23.700269,92.718168,1066.0,38.4525260925293,0.0458841472864151,0.0458841472864151,0.0,0.0,0.7017172235132131,70.17,0.47,1,WARNING,HIGH,2026-09-07T18:24:59.689167+00:00
AIZ_GRID_041_23.700278_92.716111,2024-05-28,23.700278,92.716111,1018.0,27.70359992980957,61.116661071777344,61.116661071777344,11.0,5.0,1.0,100.0,0.47,1,WARNING,CRITICAL,2026-09-07T18:24:59.689167+00:00
AIZ_GRID_041_23.701667_92.719444,2021-06-13,23.701667,92.719444,1027.0,37.87282943725586,36.307373046875,36.307373046875,6.0,1.0,0.8446525311002631,84.47,0.47,1,WARNING,CRITICAL,2026-09-07T18:24:59.689167+00:00
AIZ_GRID_041_23.7025_92.721389,2024-07-02,23.7025,92.721389,853.0,36.096439361572266,13.865400314331056,13.865400314331056,16.0,0.0,0.989644153306695,98.96,0.47,1,WARNING,CRITICAL,2026-09-07T18:24:59.689167+00:00
AIZ_GRID_041_23.702778_92.720833,2024-07-02,23.702778,92.720833,872.0,31.38419532775879,13.865400314331056,13.865400314331056,16.0,0.0,0.9916458902496224,99.16,0.47,1,WARNING,CRITICAL,2026-09-07T18:24:59.689167+00:00
AIZ_GRID_041_23.703056_92.720556,2024-05-28,23.703056,92.720556,868.0,33.295074462890625,61.116661071777344,61.116661071777344,11.0,5.0,1.0,100.0,0.47,1,WARNING,CRITICAL,2026-09-07T18:24:59.689167+00:00
AIZ_GRID_041_23.704167_92.712222,2024-05-28,23.704167,92.712222,1070.0,32.48820877075195,61.116661071777344,61.116661071777344,11.0,5.0,1.0,100.0,0.47,1,WARNING,CRITICAL,2026-09-07T18:24:59.689167+00:00
AIZ_GRID_041_23.704167_92.72,2024-05-28,23.704167,92.72,884.0,42.60014343261719,61.116661071777344,61.116661071777344,11.0,5.0,1.0,100.0,0.47,1,WARNING,CRITICAL,2026-09-07T18:24:59.689167+00:00
AIZ_GRID_041_23.705278_92.711389,2024-05-28,23.705278,92.711389,1060.0,34.32509994506836,61.116661071777344,61.116661071777344,11.0,5.0,1.0,100.0,0.47,1,WARNING,CRITICAL,2026-09-07T18:24:59.689167+00:00
AIZ_GRID_041_23.706389_92.720556,2024-05-28,23.706389,92.720556,892.0,40.88198471069336,61.116661071777344,61.116661071777344,11.0,5.0,1.0,100.0,0.47,1,WARNING,CRITICAL,2026-09-07T18:24:59.689167+00:00
AIZ_GRID_041_23.706667_92.714444,2024-05-28,23.706667,92.714444,1027.0,31.610700607299805,61.116661071777344,61.116661071777344,11.0,5.0,1.0,100.0,0.47,1,WARNING,CRITICAL,2026-09-07T18:24:59.689167+00:00
AIZ_GRID_041_23.708278_92.717111,2022-07-23,23.708278,92.717111,1014.0,25.04520797729492,21.80142402648925,21.80142402648925,4.0,0.0,0.5094292311521892,50.94,0.47,1,WARNING,HIGH,2026-09-07T18:24:59.689167+00:00
AIZ_GRID_041_23.709722_92.722222,2024-05-28,23.709722,92.722222,930.0,46.35157775878906,61.116661071777344,61.116661071777344,11.0,5.0,1.0,100.0,0.47,1,WARNING,CRITICAL,2026-09-07T18:24:59.689167+00:00
AIZ_GRID_041_23.7104_92.722378,2024-05-28,23.7104,92.722378,963.0,39.10588073730469,61.116661071777344,61.116661071777344,11.0,5.0,1.0,100.0,0.47,1,WARNING,CRITICAL,2026-09-07T18:24:59.689167+00:00
AIZ_GRID_041_23.711389_92.724444,2024-05-28,23.711389,92.724444,922.0,25.768310546875,61.116661071777344,61.116661071777344,11.0,5.0,1.0,100.0,0.47,1,WARNING,CRITICAL,2026-09-07T18:24:59.689167+00:00
AIZ_GRID_041_23.713056_92.708958,2024-05-28,23.713056,92.708958,986.0,12.032991409301758,61.116661071777344,61.116661071777344,11.0,5.0,1.0,100.0,0.47,1,WARNING,CRITICAL,2026-09-07T18:24:59.689167+00:00
AIZ_GRID_041_23.714444_92.728611,2024-05-28,23.714444,92.728611,845.0,19.51909446716309,61.116661071777344,61.116661071777344,11.0,5.0,1.0,100.0,0.47,1,WARNING,CRITICAL,2026-09-07T18:24:59.689167+00:00
AIZ_GRID_041_23.714464_92.711464,2024-05-28,23.714464,92.711464,996.0,28.428613662719727,61.116661071777344,61.116661071777344,11.0,5.0,1.0,100.0,0.47,1,WARNING,CRITICAL,2026-09-07T18:24:59.689167+00:00
AIZ_GRID_041_23.715231_92.715292,2024-05-28,23.715231,92.715292,1022.0,21.22980499267578,61.116661071777344,61.116661071777344,11.0,5.0,1.0,100.0,0.47,1,WARNING,CRITICAL,2026-09-07T18:24:59.689167+00:00
AIZ_GRID_041_23.715714_92.726597,2024-05-28,23.715714,92.726597,853.0,24.651403427124023,61.116661071777344,61.116661071777344,11.0,5.0,1.0,100.0,0.47,1,WARNING,CRITICAL,2026-09-07T18:24:59.689167+00:00
AIZ_GRID_041_23.71577_92.713172,2025-06-01,23.71577,92.713172,957.0,35.85724639892578,89.9756851196289,89.9756851196289,14.0,8.0,0.9663430906348656,96.63,0.47,1,WARNING,CRITICAL,2026-09-07T18:24:59.689167+00:00
AIZ_GRID_041_23.715811_92.70935,2024-05-28,23.715811,92.70935,905.0,34.40541458129883,61.116661071777344,61.116661071777344,11.0,5.0,1.0,100.0,0.47,1,WARNING,CRITICAL,2026-09-07T18:24:59.689167+00:00
AIZ_GRID_041_23.715833_92.72,2024-05-28,23.715833,92.72,1041.0,16.08530616760254,61.116661071777344,61.116661071777344,11.0,5.0,1.0,100.0,0.47,1,WARNING,CRITICAL,2026-09-07T18:24:59.689167+00:00
AIZ_GRID_041_23.71595_92.708794,2024-05-28,23.71595,92.708794,909.0,40.60223007202149,61.116661071777344,61.116661071777344,11.0,5.0,1.0,100.0,0.47,1,WARNING,CRITICAL,2026-09-07T18:24:59.689167+00:00
AIZ_GRID_041_23.716389_92.721111,2024-05-28,23.716389,92.721111,997.0,17.73926544189453,61.116661071777344,61.116661071777344,11.0,5.0,1.0,100.0,0.47,1,WARNING,CRITICAL,2026-09-07T18:24:59.689167+00:00
AIZ_GRID_041_23.716889_92.720833,2022-07-26,23.716889,92.720833,1016.0,31.827539443969727,5.787805557250977,5.787805557250977,7.0,0.0,0.8828686004857703,88.29,0.47,1,WARNING,CRITICAL,2026-09-07T18:24:59.689167+00:00
AIZ_GRID_041_23.716972_92.708172,2024-05-28,23.716972,92.708172,912.0,31.827539443969727,61.116661071777344,61.116661071777344,11.0,5.0,1.0,100.0,0.47,1,WARNING,CRITICAL,2026-09-07T18:24:59.689167+00:00
AIZ_GRID_041_23.717217_92.707778,2024-05-28,23.717217,92.707778,923.0,35.23633575439453,61.116661071777344,61.116661071777344,11.0,5.0,1.0,100.0,0.47,1,WARNING,CRITICAL,2026-09-07T18:24:59.689167+00:00
AIZ_GRID_041_23.717356_92.707533,2024-05-28,23.717356,92.707533,914.0,39.87944793701172,61.116661071777344,61.116661071777344,11.0,5.0,1.0,100.0,0.47,1,WARNING,CRITICAL,2026-09-07T18:24:59.689167+00:00
AIZ_GRID_041_23.717408_92.706442,2024-05-28,23.717408,92.706442,906.0,16.752363204956055,61.116661071777344,61.116661071777344,11.0,5.0,1.0,100.0,0.47,1,WARNING,CRITICAL,2026-09-07T18:24:59.689167+00:00
AIZ_GRID_041_23.717553_92.716826,2025-05-31,23.717553,92.716826,1012.0,22.38055419921875,58.03012466430664,58.03012466430664,13.0,7.0,0.990604143817436,99.06,0.47,1,WARNING,CRITICAL,2026-09-07T18:24:59.689167+00:00
AIZ_GRID_041_23.7175_92.706667,2024-05-28,23.7175,92.706667,912.0,12.113170623779297,61.116661071777344,61.116661071777344,11.0,5.0,1.0,100.0,0.47,1,WARNING,CRITICAL,2026-09-07T18:24:59.689167+00:00
AIZ_GRID_041_23.7175_92.719722,2023-09-19,23.7175,92.719722,1099.0,26.87264060974121,41.3531379699707,41.3531379699707,4.0,3.0,0.7109048780532945,71.09,0.47,1,WARNING,HIGH,2026-09-07T18:24:59.689167+00:00
AIZ_GRID_041_23.718658_92.723353,2024-05-28,23.718658,92.723353,940.0,33.2645263671875,61.116661071777344,61.116661071777344,11.0,5.0,1.0,100.0,0.47,1,WARNING,CRITICAL,2026-09-07T18:24:59.689167+00:00
AIZ_GRID_041_23.71_92.716111,2024-05-28,23.71,92.716111,934.0,28.097299575805664,61.116661071777344,61.116661071777344,11.0,5.0,1.0,100.0,0.47,1,WARNING,CRITICAL,2026-09-07T18:24:59.689167+00:00
AIZ_GRID_041_23.722769_92.70665,2024-05-28,23.722769,92.70665,953.0,38.04790878295898,61.116661071777344,61.116661071777344,11.0,5.0,1.0,100.0,0.47,1,WARNING,CRITICAL,2026-09-07T18:24:59.689167+00:00
AIZ_GRID_041_23.723278_92.702222,2022-05-21,23.723278,92.702222,912.0,34.640350341796875,27.94134330749512,27.94134330749512,5.0,1.0,0.8294245616166591,82.94,0.47,1,WARNING,CRITICAL,2026-09-07T18:24:59.689167+00:00
AIZ_GRID_041_23.724283_92.707378,2024-05-28,23.724283,92.707378,988.0,26.4307918548584,61.116661071777344,61.116661071777344,11.0,5.0,0.9970013003901168,99.7,0.47,1,WARNING,CRITICAL,2026-09-07T18:24:59.689167+00:00
AIZ_GRID_041_23.724999_92.725004,2020-06-17,23.724999,92.725004,902.0,8.836584091186523,8.491333961486816,8.491333961486816,9.0,0.0,0.0960426249354446,9.6,0.47,0,NO_WARNING,LOW,2026-09-07T18:24:59.689167+00:00
AIZ_GRID_041_23.724999_92.725004,2021-01-28,23.724999,92.725004,902.0,8.836584091186523,0.2602356672286987,0.2602356672286987,0.0,0.0,0.0018054899384205,0.18,0.47,0,NO_WARNING,LOW,2026-09-07T18:24:59.689167+00:00
AIZ_GRID_041_23.724999_92.725004,2021-02-19,23.724999,92.725004,902.0,8.836584091186523,1.004062533378601,1.004062533378601,1.0,0.0,0.0067154006526444,0.67,0.47,0,NO_WARNING,LOW,2026-09-07T18:24:59.689167+00:00
AIZ_GRID_041_23.724999_92.725004,2021-03-14,23.724999,92.725004,902.0,8.836584091186523,1.2386953830718994,1.2386953830718994,9.0,0.0,0.1889142137263733,18.89,0.47,0,NO_WARNING,LOW,2026-09-07T18:24:59.689167+00:00
AIZ_GRID_041_23.724999_92.725004,2021-07-27,23.724999,92.725004,902.0,8.836584091186523,9.766559600830078,9.766559600830078,16.0,0.0,0.2942114735719051,29.42,0.47,0,NO_WARNING,MODERATE,2026-09-07T18:24:59.689167+00:00
AIZ_GRID_041_23.724999_92.725004,2021-11-29,23.724999,92.725004,902.0,8.836584091186523,0.6052142977714539,0.6052142977714539,0.0,0.0,0.0023966808149864,0.24,0.47,0,NO_WARNING,LOW,2026-09-07T18:24:59.689167+00:00
AIZ_GRID_041_23.724999_92.725004,2022-06-24,23.724999,92.725004,902.0,8.836584091186523,2.780880212783813,2.780880212783813,12.0,0.0,0.1962404486865282,19.62,0.47,0,NO_WARNING,LOW,2026-09-07T18:24:59.689167+00:00
AIZ_GRID_041_23.724999_92.725004,2022-08-06,23.724999,92.725004,902.0,8.836584091186523,3.347977638244629,3.347977638244629,2.0,0.0,0.0098448619447809,0.98,0.47,0,NO_WARNING,LOW,2026-09-07T18:24:59.689167+00:00
AIZ_GRID_041_23.724999_92.725004,2022-10-31,23.724999,92.725004,902.0,8.836584091186523,0.5666093826293945,0.5666093826293945,0.0,0.0,0.0023966808149864,0.24,0.47,0,NO_WARNING,LOW,2026-09-07T18:24:59.689167+00:00
AIZ_GRID_041_23.724999_92.725004,2022-12-25,23.724999,92.725004,902.0,8.836584091186523,0.3025863766670227,0.3025863766670227,0.0,0.0,0.0018054899384205,0.18,0.47,0,NO_WARNING,LOW,2026-09-07T18:24:59.689167+00:00
AIZ_GRID_041_23.724999_92.725004,2023-02-23,23.724999,92.725004,902.0,8.836584091186523,0.4024310708045959,0.4024310708045959,0.0,0.0,0.0700363922997867,7.0,0.47,0,NO_WARNING,LOW,2026-09-07T18:24:59.689167+00:00
AIZ_GRID_041_23.724999_92.725004,2023-03-08,23.724999,92.725004,902.0,8.836584091186523,0.9178825616836548,0.9178825616836548,0.0,0.0,0.0244325148086641,2.44,0.47,0,NO_WARNING,LOW,2026-09-07T18:24:59.689167+00:00
AIZ_GRID_041_23.724999_92.725004,2023-03-30,23.724999,92.725004,902.0,8.836584091186523,13.685773849487305,13.685773849487305,3.0,0.0,0.059787691878268,5.98,0.47,0,NO_WARNING,LOW,2026-09-07T18:24:59.689167+00:00
AIZ_GRID_041_23.724999_92.725004,2023-07-26,23.724999,92.725004,902.0,8.836584091186523,22.986099243164062,22.986099243164062,2.0,0.0,0.016790188412308,1.68,0.47,0,NO_WARNING,LOW,2026-09-07T18:24:59.689167+00:00
AIZ_GRID_041_23.724999_92.725004,2023-11-03,23.724999,92.725004,902.0,8.836584091186523,0.468964546918869,0.468964546918869,0.0,0.0,0.0075337186392104,0.75,0.47,0,NO_WARNING,LOW,2026-09-07T18:24:59.689167+00:00
AIZ_GRID_041_23.724999_92.725004,2024-03-08,23.724999,92.725004,902.0,8.836584091186523,0.6956912279129028,0.6956912279129028,0.0,0.0,0.0033979812051035,0.34,0.47,0,NO_WARNING,LOW,2026-09-07T18:24:59.689167+00:00
AIZ_GRID_041_23.724999_92.725004,2024-03-31,23.724999,92.725004,902.0,8.836584091186523,3.0856034755706787,3.0856034755706787,4.0,0.0,0.0208674462863302,2.09,0.47,0,NO_WARNING,LOW,2026-09-07T18:24:59.689167+00:00
AIZ_GRID_041_23.724999_92.725004,2024-10-06,23.724999,92.725004,902.0,8.836584091186523,0.0970230624079704,0.0970230624079704,0.0,0.0,0.0162191325929502,1.62,0.47,0,NO_WARNING,LOW,2026-09-07T18:24:59.689167+00:00
AIZ_GRID_041_23.724999_92.725004,2024-10-11,23.724999,92.725004,902.0,8.836584091186523,44.3112907409668,44.3112907409668,1.0,1.0,0.0571493218782691,5.71,0.47,0,NO_WARNING,LOW,2026-09-07T18:24:59.689167+00:00
AIZ_GRID_041_23.724999_92.725004,2024-12-14,23.724999,92.725004,902.0,8.836584091186523,0.326450914144516,0.326450914144516,0.0,0.0,0.0035966795162865,0.36,0.47,0,NO_WARNING,LOW,2026-09-07T18:24:59.689167+00:00
AIZ_GRID_041_23.724999_92.725004,2025-05-16,23.724999,92.725004,902.0,8.836584091186523,0.2650699317455292,0.2650699317455292,0.0,0.0,0.0018054899384205,0.18,0.47,0,NO_WARNING,LOW,2026-09-07T18:24:59.689167+00:00
AIZ_GRID_041_23.724999_92.725004,2025-06-14,23.724999,92.725004,902.0,8.836584091186523,29.59305763244629,29.59305763244629,2.0,1.0,0.0614561311665704,6.15,0.47,0,NO_WARNING,LOW,2026-09-07T18:24:59.689167+00:00
AIZ_GRID_041_23.729422_92.716596,2025-05-31,23.729422,92.716596,1042.0,35.8038215637207,58.03012466430664,58.03012466430664,13.0,7.0,0.992781613539818,99.28,0.47,1,WARNING,CRITICAL,2026-09-07T18:24:59.689167+00:00
AIZ_GRID_041_23.731111_92.702222,2024-05-28,23.731111,92.702222,877.0,14.595784187316896,61.116661071777344,61.116661071777344,11.0,5.0,1.0,100.0,0.47,1,WARNING,CRITICAL,2026-09-07T18:24:59.689167+00:00
AIZ_GRID_041_23.731111_92.703889,2024-05-28,23.731111,92.703889,882.0,28.0842399597168,61.116661071777344,61.116661071777344,11.0,5.0,1.0,100.0,0.47,1,WARNING,CRITICAL,2026-09-07T18:24:59.689167+00:00
AIZ_GRID_041_23.731328_92.708219,2024-05-28,23.731328,92.708219,889.0,15.226140022277832,61.116661071777344,61.116661071777344,11.0,5.0,1.0,100.0,0.47,1,WARNING,CRITICAL,2026-09-07T18:24:59.689167+00:00
AIZ_GRID_041_23.731944_92.75,2024-05-28,23.731944,92.75,931.0,39.39154052734375,61.116661071777344,61.116661071777344,11.0,5.0,1.0,100.0,0.47,1,WARNING,CRITICAL,2026-09-07T18:24:59.689167+00:00
AIZ_GRID_041_23.732222_92.75,2024-05-28,23.732222,92.75,929.0,35.276466369628906,61.116661071777344,61.116661071777344,11.0,5.0,1.0,100.0,0.47,1,WARNING,CRITICAL,2026-09-07T18:24:59.689167+00:00
AIZ_GRID_041_23.733056_92.75,2024-07-22,23.733056,92.75,967.0,33.75522232055664,4.600348949432373,4.600348949432373,10.0,0.0,0.8951034294706249,89.51,0.47,1,WARNING,CRITICAL,2026-09-07T18:24:59.689167+00:00
AIZ_GRID_041_23.733333_92.705278,2024-05-28,23.733333,92.705278,949.0,18.31635856628418,61.116661071777344,61.116661071777344,11.0,5.0,1.0,100.0,0.47,1,WARNING,CRITICAL,2026-09-07T18:24:59.689167+00:00
AIZ_GRID_041_23.736944_92.715,2024-07-02,23.736944,92.715,1096.0,39.189720153808594,13.865400314331056,13.865400314331056,16.0,0.0,0.9648137792602656,96.48,0.47,1,WARNING,CRITICAL,2026-09-07T18:24:59.689167+00:00
AIZ_GRID_041_23.738889_92.714722,2024-08-21,23.738889,92.714722,1091.0,38.11953353881836,41.42348098754883,41.42348098754883,9.0,3.0,0.8616195304033003,86.16,0.47,1,WARNING,CRITICAL,2026-09-07T18:24:59.689167+00:00
AIZ_GRID_041_23.739444_92.714722,2024-05-28,23.739444,92.714722,1066.0,48.21201705932617,61.116661071777344,61.116661071777344,11.0,5.0,1.0,100.0,0.47,1,WARNING,CRITICAL,2026-09-07T18:24:59.689167+00:00
AIZ_GRID_041_23.740833_92.741111,2024-05-28,23.740833,92.741111,950.0,30.864177703857425,61.116661071777344,61.116661071777344,11.0,5.0,1.0,100.0,0.47,1,WARNING,CRITICAL,2026-09-07T18:24:59.689167+00:00
AIZ_GRID_041_23.741908_92.741614,2021-06-11,23.741908,92.741614,888.0,22.519908905029297,55.06258010864258,55.06258010864258,4.0,2.0,0.6576816953202906,65.77,0.47,1,WARNING,HIGH,2026-09-07T18:24:59.689167+00:00
AIZ_GRID_041_23.741944_92.713056,2024-08-21,23.741944,92.713056,920.0,24.52652359008789,41.42348098754883,41.42348098754883,9.0,3.0,0.7154619814730928,71.55,0.47,1,WARNING,HIGH,2026-09-07T18:24:59.689167+00:00
AIZ_GRID_041_23.74247_92.705587,2025-05-31,23.74247,92.705587,918.0,32.49155807495117,58.03012466430664,58.03012466430664,13.0,7.0,0.9917829139299352,99.18,0.47,1,WARNING,CRITICAL,2026-09-07T18:24:59.689167+00:00
AIZ_GRID_041_23.743889_92.712222,2024-07-20,23.743889,92.712222,820.0,29.562744140625,13.813645362854004,13.813645362854004,8.0,0.0,0.8090143162237592,80.9,0.47,1,WARNING,CRITICAL,2026-09-07T18:24:59.689167+00:00
AIZ_GRID_041_23.745802_92.717053,2025-06-01,23.745802,92.717053,915.0,32.2030029296875,89.9756851196289,89.9756851196289,14.0,8.0,0.9626242592168904,96.26,0.47,1,WARNING,CRITICAL,2026-09-07T18:24:59.689167+00:00
AIZ_GRID_041_23.747222_92.718056,2024-07-02,23.747222,92.718056,951.0,36.59699249267578,13.865400314331056,13.865400314331056,16.0,0.0,0.9898924626563164,98.99,0.47,1,WARNING,CRITICAL,2026-09-07T18:24:59.689167+00:00
AIZ_GRID_041_23.748611_92.738611,2024-05-28,23.748611,92.738611,965.0,24.01010513305664,61.116661071777344,61.116661071777344,11.0,5.0,1.0,100.0,0.47,1,WARNING,CRITICAL,2026-09-07T18:24:59.689167+00:00
AIZ_GRID_041_23.749167_92.7375,2024-06-30,23.749167,92.7375,1027.0,29.58232879638672,49.81818771362305,49.81818771362305,14.0,1.0,0.7387788571802401,73.88,0.47,1,WARNING,HIGH,2026-09-07T18:24:59.689167+00:00
AIZ_GRID_041_23.74_92.715,2024-05-28,23.74,92.715,1065.0,40.31692123413086,61.116661071777344,61.116661071777344,11.0,5.0,1.0,100.0,0.47,1,WARNING,CRITICAL,2026-09-07T18:24:59.689167+00:00
AIZ_GRID_042_23.719722_92.797778,2024-05-28,23.719722,92.797778,220.0,23.86218643188477,58.08712768554688,58.08712768554688,11.0,6.0,0.9929307032075484,99.29,0.47,1,WARNING,CRITICAL,2026-09-07T18:24:59.689167+00:00
AIZ_GRID_042_23.721389_92.799444,2024-07-02,23.721389,92.799444,204.0,22.36122703552246,13.351113319396973,13.351113319396973,15.0,0.0,0.8940998513810656,89.41,0.47,1,WARNING,CRITICAL,2026-09-07T18:24:59.689167+00:00
AIZ_GRID_042_23.722222_92.798611,2024-05-28,23.722222,92.798611,197.0,13.943257331848145,58.08712768554688,58.08712768554688,11.0,6.0,0.9936863912392938,99.37,0.47,1,WARNING,CRITICAL,2026-09-07T18:24:59.689167+00:00
AIZ_GRID_042_23.724999_92.775004,2020-06-05,23.724999,92.775004,913.0,14.976007461547852,10.054014205932615,10.054014205932615,4.0,0.0,0.0294407245248715,2.94,0.47,0,NO_WARNING,LOW,2026-09-07T18:24:59.689167+00:00
AIZ_GRID_042_23.724999_92.775004,2020-06-07,23.724999,92.775004,913.0,14.976007461547852,0.1048254966735839,0.1048254966735839,0.0,0.0,0.0198568926844125,1.99,0.47,0,NO_WARNING,LOW,2026-09-07T18:24:59.689167+00:00
AIZ_GRID_042_23.724999_92.775004,2021-02-04,23.724999,92.775004,913.0,14.976007461547852,0.31036576628685,0.31036576628685,0.0,0.0,0.002200495308719,0.22,0.47,0,NO_WARNING,LOW,2026-09-07T18:24:59.689167+00:00
AIZ_GRID_042_23.724999_92.775004,2021-02-07,23.724999,92.775004,913.0,14.976007461547852,0.3190741539001465,0.3190741539001465,0.0,0.0,0.0048694727783897,0.49,0.47,0,NO_WARNING,LOW,2026-09-07T18:24:59.689167+00:00
AIZ_GRID_042_23.724999_92.775004,2021-06-02,23.724999,92.775004,913.0,14.976007461547852,0.0090378709137439,0.0090378709137439,0.0,0.0,0.2700190933278594,27.0,0.47,0,NO_WARNING,MODERATE,2026-09-07T18:24:59.689167+00:00
AIZ_GRID_042_23.724999_92.775004,2021-08-31,23.724999,92.775004,913.0,14.976007461547852,39.12940216064453,39.12940216064453,6.0,2.0,0.1491670288670866,14.92,0.47,0,NO_WARNING,LOW,2026-09-07T18:24:59.689167+00:00
AIZ_GRID_042_23.724999_92.775004,2021-09-11,23.724999,92.775004,913.0,14.976007461547852,26.6450424194336,26.6450424194336,5.0,1.0,0.0664181612600021,6.64,0.47,0,NO_WARNING,LOW,2026-09-07T18:24:59.689167+00:00
AIZ_GRID_042_23.724999_92.775004,2021-09-24,23.724999,92.775004,913.0,14.976007461547852,0.0803940072655677,0.0803940072655677,0.0,0.0,0.0307759988269148,3.08,0.47,0,NO_WARNING,LOW,2026-09-07T18:24:59.689167+00:00
AIZ_GRID_042_23.724999_92.775004,2021-10-23,23.724999,92.775004,913.0,14.976007461547852,1.8547337055206297,1.8547337055206297,7.0,0.0,0.077274638376197,7.73,0.47,0,NO_WARNING,LOW,2026-09-07T18:24:59.689167+00:00
AIZ_GRID_042_23.724999_92.775004,2022-01-14,23.724999,92.775004,913.0,14.976007461547852,1.8083860874176023,1.8083860874176023,1.0,0.0,0.0457612681952904,4.58,0.47,0,NO_WARNING,LOW,2026-09-07T18:24:59.689167+00:00
AIZ_GRID_042_23.724999_92.775004,2022-09-05,23.724999,92.775004,913.0,14.976007461547852,1.445753574371338,1.445753574371338,1.0,0.0,0.0245180821301381,2.45,0.47,0,NO_WARNING,LOW,2026-09-07T18:24:59.689167+00:00
AIZ_GRID_042_23.724999_92.775004,2022-12-11,23.724999,92.775004,913.0,14.976007461547852,0.3368947803974151,0.3368947803974151,0.0,0.0,0.0075384502480604,0.75,0.47,0,NO_WARNING,LOW,2026-09-07T18:24:59.689167+00:00
AIZ_GRID_042_23.724999_92.775004,2022-12-24,23.724999,92.775004,913.0,14.976007461547852,0.2320966273546219,0.2320966273546219,0.0,0.0,0.002200495308719,0.22,0.47,0,NO_WARNING,LOW,2026-09-07T18:24:59.689167+00:00
AIZ_GRID_042_23.724999_92.775004,2023-01-17,23.724999,92.775004,913.0,14.976007461547852,0.3889418244361877,0.3889418244361877,0.0,0.0,0.0386657912682989,3.87,0.47,0,NO_WARNING,LOW,2026-09-07T18:24:59.689167+00:00
AIZ_GRID_042_23.724999_92.775004,2023-02-08,23.724999,92.775004,913.0,14.976007461547852,0.3141574561595917,0.3141574561595917,0.0,0.0,0.0035349840435543,0.35,0.47,0,NO_WARNING,LOW,2026-09-07T18:24:59.689167+00:00
AIZ_GRID_042_23.724999_92.775004,2023-05-16,23.724999,92.775004,913.0,14.976007461547852,0.0829514414072036,0.0829514414072036,0.0,0.0,0.0230365178910415,2.3,0.47,0,NO_WARNING,LOW,2026-09-07T18:24:59.689167+00:00
AIZ_GRID_042_23.724999_92.775004,2023-06-20,23.724999,92.775004,913.0,14.976007461547852,12.205150604248049,12.205150604248049,7.0,0.0,0.1014130980790785,10.14,0.47,0,NO_WARNING,LOW,2026-09-07T18:24:59.689167+00:00
AIZ_GRID_042_23.724999_92.775004,2023-09-21,23.724999,92.775004,913.0,14.976007461547852,35.80045318603516,35.80045318603516,6.0,3.0,0.1811308715168114,18.11,0.47,0,NO_WARNING,LOW,2026-09-07T18:24:59.689167+00:00
AIZ_GRID_042_23.724999_92.775004,2024-08-05,23.724999,92.775004,913.0,14.976007461547852,36.1456184387207,36.1456184387207,9.0,1.0,0.0972626622306953,9.73,0.47,0,NO_WARNING,LOW,2026-09-07T18:24:59.689167+00:00
AIZ_GRID_042_23.724999_92.775004,2024-08-18,23.724999,92.775004,913.0,14.976007461547852,20.12275505065918,20.12275505065918,6.0,0.0,0.0395543594544887,3.96,0.47,0,NO_WARNING,LOW,2026-09-07T18:24:59.689167+00:00
AIZ_GRID_042_23.724999_92.775004,2024-11-16,23.724999,92.775004,913.0,14.976007461547852,0.267879843711853,0.267879843711853,0.0,0.0,0.002200495308719,0.22,0.47,0,NO_WARNING,LOW,2026-09-07T18:24:59.689167+00:00
AIZ_GRID_042_23.726944_92.795278,2024-05-28,23.726944,92.795278,265.0,17.090373992919922,58.08712768554688,58.08712768554688,11.0,6.0,0.9846972248186568,98.47,0.47,1,WARNING,CRITICAL,2026-09-07T18:24:59.689167+00:00
AIZ_GRID_042_23.729167_92.758889,2024-07-03,23.729167,92.758889,987.0,20.633180618286133,1.154422163963318,1.154422163963318,16.0,0.0,0.6076997291670473,60.77,0.47,1,WARNING,HIGH,2026-09-07T18:24:59.689167+00:00
AIZ_GRID_042_23.729167_92.765833,2024-07-02,23.729167,92.765833,780.0,12.226375579833984,13.351113319396973,13.351113319396973,15.0,0.0,0.9140626843223442,91.41,0.47,1,WARNING,CRITICAL,2026-09-07T18:24:59.689167+00:00
AIZ_GRID_042_23.730243_92.75603,2025-05-30,23.730243,92.75603,921.0,22.69641876220703,98.56143951416016,98.56143951416016,12.0,6.0,0.9975374523266156,99.75,0.47,1,WARNING,CRITICAL,2026-09-07T18:24:59.689167+00:00
AIZ_GRID_042_23.730278_92.768611,2024-08-28,23.730278,92.768611,744.0,20.63872718811035,4.6183905601501465,4.6183905601501465,16.0,0.0,0.7962751648060623,79.63,0.47,1,WARNING,CRITICAL,2026-09-07T18:24:59.689167+00:00
AIZ_GRID_042_23.730556_92.758611,2024-05-28,23.730556,92.758611,897.0,42.51365280151367,58.08712768554688,58.08712768554688,11.0,6.0,1.0,100.0,0.47,1,WARNING,CRITICAL,2026-09-07T18:24:59.689167+00:00
AIZ_GRID_042_23.732222_92.765556,2024-07-02,23.732222,92.765556,911.0,23.523117065429688,13.351113319396973,13.351113319396973,15.0,0.0,0.9452709627906032,94.53,0.47,1,WARNING,CRITICAL,2026-09-07T18:24:59.689167+00:00
AIZ_GRID_042_23.732778_92.797222,2024-05-28,23.732778,92.797222,261.0,18.84522247314453,58.08712768554688,58.08712768554688,11.0,6.0,0.9869966307154122,98.7,0.47,1,WARNING,CRITICAL,2026-09-07T18:24:59.689167+00:00
AIZ_GRID_042_23.733889_92.793889,2024-07-02,23.733889,92.793889,315.0,17.52849578857422,13.351113319396973,13.351113319396973,15.0,0.0,0.8448105888090028,84.48,0.47,1,WARNING,CRITICAL,2026-09-07T18:24:59.689167+00:00
AIZ_GRID_042_23.734167_92.798611,2024-05-28,23.734167,92.798611,293.0,12.792301177978516,58.08712768554688,58.08712768554688,11.0,6.0,0.9942971024154504,99.43,0.47,1,WARNING,CRITICAL,2026-09-07T18:24:59.689167+00:00
AIZ_GRID_042_23.735556_92.788333,2024-05-28,23.735556,92.788333,523.0,21.32184410095215,58.08712768554688,58.08712768554688,11.0,6.0,0.9932216603534674,99.32,0.47,1,WARNING,CRITICAL,2026-09-07T18:24:59.689167+00:00
AIZ_GRID_042_23.735833_92.798889,2024-05-28,23.735833,92.798889,362.0,35.21625518798828,58.08712768554688,58.08712768554688,11.0,6.0,0.9956852696182176,99.57,0.47,1,WARNING,CRITICAL,2026-09-07T18:24:59.689167+00:00
AIZ_GRID_042_23.736389_92.798056,2024-05-28,23.736389,92.798056,339.0,14.958802223205566,58.08712768554688,58.08712768554688,11.0,6.0,0.99234326328954,99.23,0.47,1,WARNING,CRITICAL,2026-09-07T18:24:59.689167+00:00
AIZ_GRID_042_23.736389_92.8,2024-05-28,23.736389,92.8,366.0,33.610679626464844,58.08712768554688,58.08712768554688,11.0,6.0,0.9956852696182176,99.57,0.47,1,WARNING,CRITICAL,2026-09-07T18:24:59.689167+00:00
AIZ_GRID_042_23.736667_92.797222,2024-05-28,23.736667,92.797222,321.0,9.1850004196167,58.08712768554688,58.08712768554688,11.0,6.0,0.9954079429538736,99.54,0.47,1,WARNING,CRITICAL,2026-09-07T18:24:59.689167+00:00
AIZ_GRID_042_23.7375_92.788056,2024-07-02,23.7375,92.788056,548.0,20.440710067749023,13.351113319396973,13.351113319396973,15.0,0.0,0.8846787548686605,88.47,0.47,1,WARNING,CRITICAL,2026-09-07T18:24:59.689167+00:00
AIZ_GRID_042_23.737944_92.786139,2024-07-02,23.737944,92.786139,562.0,31.820539474487305,13.351113319396973,13.351113319396973,15.0,0.0,0.9292163543344286,92.92,0.47,1,WARNING,CRITICAL,2026-09-07T18:24:59.689167+00:00
AIZ_GRID_042_23.73_92.758333,2024-05-28,23.73,92.758333,928.0,38.79518508911133,58.08712768554688,58.08712768554688,11.0,6.0,1.0,100.0,0.47,1,WARNING,CRITICAL,2026-09-07T18:24:59.689167+00:00
AIZ_GRID_042_23.745556_92.794444,2024-05-28,23.745556,92.794444,358.0,37.00834655761719,58.08712768554688,58.08712768554688,11.0,6.0,0.9946865700083348,99.47,0.47,1,WARNING,CRITICAL,2026-09-07T18:24:59.689167+00:00
AIZ_GRID_043_23.722222_92.801389,2024-05-28,23.722222,92.801389,197.0,33.3203125,58.10292816162109,58.10292816162109,6.0,3.0,0.91775722514262,91.78,0.47,1,WARNING,CRITICAL,2026-09-07T18:24:59.689167+00:00
AIZ_GRID_043_23.724999_92.825004,2020-03-12,23.724999,92.825004,355.0,25.548095703125,0.9971111416816713,0.9971111416816713,0.0,0.0,0.0,0.0,0.47,0,NO_WARNING,LOW,2026-09-07T18:24:59.689167+00:00
AIZ_GRID_043_23.724999_92.825004,2020-05-10,23.724999,92.825004,355.0,25.548095703125,2.380844593048096,2.380844593048096,6.0,0.0,0.0044362949945363,0.44,0.47,0,NO_WARNING,LOW,2026-09-07T18:24:59.689167+00:00
AIZ_GRID_043_23.724999_92.825004,2020-06-02,23.724999,92.825004,355.0,25.548095703125,10.371068000793455,10.371068000793455,1.0,0.0,0.042471831964347,4.25,0.47,0,NO_WARNING,LOW,2026-09-07T18:24:59.689167+00:00
AIZ_GRID_043_23.724999_92.825004,2020-08-07,23.724999,92.825004,355.0,25.548095703125,6.430839538574219,6.430839538574219,8.0,0.0,0.018257878064468,1.83,0.47,0,NO_WARNING,LOW,2026-09-07T18:24:59.689167+00:00
AIZ_GRID_043_23.724999_92.825004,2020-12-25,23.724999,92.825004,355.0,25.548095703125,0.1752681136131286,0.1752681136131286,0.0,0.0,0.0123890430947273,1.24,0.47,0,NO_WARNING,LOW,2026-09-07T18:24:59.689167+00:00
AIZ_GRID_043_23.724999_92.825004,2021-04-22,23.724999,92.825004,355.0,25.548095703125,1.1945528984069824,1.1945528984069824,2.0,0.0,0.0,0.0,0.47,0,NO_WARNING,LOW,2026-09-07T18:24:59.689167+00:00
AIZ_GRID_043_23.724999_92.825004,2021-05-17,23.724999,92.825004,355.0,25.548095703125,24.31904029846192,24.31904029846192,3.0,0.0,0.0122025943343885,1.22,0.47,0,NO_WARNING,LOW,2026-09-07T18:24:59.689167+00:00
AIZ_GRID_043_23.724999_92.825004,2021-06-13,23.724999,92.825004,355.0,25.548095703125,24.15066146850586,24.15066146850586,6.0,0.0,0.021570897246901,2.16,0.47,0,NO_WARNING,LOW,2026-09-07T18:24:59.689167+00:00
AIZ_GRID_043_23.724999_92.825004,2021-10-27,23.724999,92.825004,355.0,25.548095703125,3.0705368518829346,3.0705368518829346,1.0,0.0,0.0028354633937047,0.28,0.47,0,NO_WARNING,LOW,2026-09-07T18:24:59.689167+00:00
AIZ_GRID_043_23.724999_92.825004,2021-11-16,23.724999,92.825004,355.0,25.548095703125,0.5040381550788879,0.5040381550788879,0.0,0.0,0.0006678230702515,0.07,0.47,0,NO_WARNING,LOW,2026-09-07T18:24:59.689167+00:00
AIZ_GRID_043_23.724999_92.825004,2021-11-27,23.724999,92.825004,355.0,25.548095703125,0.5435276627540588,0.5435276627540588,0.0,0.0,0.0006678230702515,0.07,0.47,0,NO_WARNING,LOW,2026-09-07T18:24:59.689167+00:00
AIZ_GRID_043_23.724999_92.825004,2022-06-19,23.724999,92.825004,355.0,25.548095703125,104.05315399169922,104.05315399169922,7.0,3.0,0.1819889717164422,18.2,0.47,0,NO_WARNING,LOW,2026-09-07T18:24:59.689167+00:00
AIZ_GRID_043_23.724999_92.825004,2022-06-29,23.724999,92.825004,355.0,25.548095703125,26.708534240722656,26.708534240722656,17.0,1.0,0.2490864919304084,24.91,0.47,0,NO_WARNING,LOW,2026-09-07T18:24:59.689167+00:00
AIZ_GRID_043_23.724999_92.825004,2023-07-28,23.724999,92.825004,355.0,25.548095703125,3.1730058193206787,3.1730058193206787,21.0,0.0,0.0555458965359937,5.55,0.47,0,NO_WARNING,LOW,2026-09-07T18:24:59.689167+00:00
AIZ_GRID_043_23.724999_92.825004,2023-10-22,23.724999,92.825004,355.0,25.548095703125,4.098120212554932,4.098120212554932,1.0,0.0,0.0028354633937047,0.28,0.47,0,NO_WARNING,LOW,2026-09-07T18:24:59.689167+00:00
AIZ_GRID_043_23.724999_92.825004,2023-10-25,23.724999,92.825004,355.0,25.548095703125,0.0996070951223373,0.0996070951223373,0.0,0.0,0.0008012486992715,0.08,0.47,0,NO_WARNING,LOW,2026-09-07T18:24:59.689167+00:00
AIZ_GRID_043_23.724999_92.825004,2023-12-06,23.724999,92.825004,355.0,25.548095703125,3.0763161182403564,3.0763161182403564,2.0,0.0,0.0015009746588693,0.15,0.47,0,NO_WARNING,LOW,2026-09-07T18:24:59.689167+00:00
AIZ_GRID_043_23.724999_92.825004,2024-12-12,23.724999,92.825004,355.0,25.548095703125,0.2778353095054626,0.2778353095054626,0.0,0.0,0.0008012486992715,0.08,0.47,0,NO_WARNING,LOW,2026-09-07T18:24:59.689167+00:00
AIZ_GRID_043_23.724999_92.825004,2025-01-09,23.724999,92.825004,355.0,25.548095703125,0.2911096513271332,0.2911096513271332,0.0,0.0,0.0008012486992715,0.08,0.47,0,NO_WARNING,LOW,2026-09-07T18:24:59.689167+00:00
AIZ_GRID_043_23.724999_92.825004,2025-02-08,23.724999,92.825004,355.0,25.548095703125,0.4256655275821686,0.4256655275821686,0.0,0.0,0.018784371924739,1.88,0.47,0,NO_WARNING,LOW,2026-09-07T18:24:59.689167+00:00
AIZ_GRID_043_23.724999_92.825004,2025-03-02,23.724999,92.825004,355.0,25.548095703125,1.160161018371582,1.160161018371582,5.0,0.0,0.0071669055928402,0.72,0.47,0,NO_WARNING,LOW,2026-09-07T18:24:59.689167+00:00
AIZ_GRID_043_23.724999_92.825004,2025-03-08,23.724999,92.825004,355.0,25.548095703125,0.915370762348175,0.915370762348175,0.0,0.0,0.0028354633937047,0.28,0.47,0,NO_WARNING,LOW,2026-09-07T18:24:59.689167+00:00
AIZ_GRID_043_23.724999_92.825004,2025-06-15,23.724999,92.825004,355.0,25.548095703125,35.53668975830078,35.53668975830078,3.0,2.0,0.1066048255526222,10.66,0.47,0,NO_WARNING,LOW,2026-09-07T18:24:59.689167+00:00
AIZ_GRID_043_23.731111_92.846389,2024-05-28,23.731111,92.846389,712.0,26.61834716796875,58.10292816162109,58.10292816162109,6.0,3.0,0.9824268641744076,98.24,0.47,1,WARNING,CRITICAL,2026-09-07T18:24:59.689167+00:00
AIZ_GRID_043_23.733056_92.847778,2024-05-28,23.733056,92.847778,756.0,40.45203399658203,58.10292816162109,58.10292816162109,6.0,3.0,0.9905060426191898,99.05,0.47,1,WARNING,CRITICAL,2026-09-07T18:24:59.689167+00:00
AIZ_GRID_043_23.733611_92.843056,2024-05-28,23.733611,92.843056,690.0,26.75701713562012,58.10292816162109,58.10292816162109,6.0,3.0,0.9762775236575122,97.63,0.47,1,WARNING,CRITICAL,2026-09-07T18:24:59.689167+00:00
AIZ_GRID_043_23.733611_92.848333,2024-06-07,23.733611,92.848333,740.0,21.118059158325195,8.665273666381836,8.665273666381836,2.0,0.0,0.5455361734183118,54.55,0.47,1,WARNING,HIGH,2026-09-07T18:24:59.689167+00:00
AIZ_GRID_043_23.734722_92.813333,2024-05-28,23.734722,92.813333,429.0,39.07339096069336,58.10292816162109,58.10292816162109,6.0,3.0,0.9418403174622626,94.18,0.47,1,WARNING,CRITICAL,2026-09-07T18:24:59.689167+00:00
AIZ_GRID_043_23.735556_92.800278,2024-05-28,23.735556,92.800278,347.0,14.880057334899902,58.10292816162109,58.10292816162109,6.0,3.0,0.8389341469015204,83.89,0.47,1,WARNING,CRITICAL,2026-09-07T18:24:59.689167+00:00
AIZ_GRID_043_23.736944_92.813611,2024-07-02,23.736944,92.813611,410.0,32.32339096069336,12.01778793334961,12.01778793334961,15.0,0.0,0.8653692770951162,86.54,0.47,1,WARNING,CRITICAL,2026-09-07T18:24:59.689167+00:00
AIZ_GRID_043_23.738333_92.813333,2024-05-28,23.738333,92.813333,403.0,23.66083526611328,58.10292816162109,58.10292816162109,6.0,3.0,0.903989043434997,90.4,0.47,1,WARNING,CRITICAL,2026-09-07T18:24:59.689167+00:00
AIZ_GRID_044_23.700835_92.877449,2025-06-15,23.700835,92.877449,533.0,23.25823783874512,31.51943588256836,31.51943588256836,3.0,2.0,0.5069313329714584,50.69,0.47,1,WARNING,HIGH,2026-09-07T18:24:59.689167+00:00
AIZ_GRID_044_23.703333_92.876389,2024-07-18,23.703333,92.876389,575.0,12.124710083007812,5.181312084197998,5.181312084197998,6.0,0.0,0.4873507483028694,48.74,0.47,1,WARNING,HIGH,2026-09-07T18:24:59.689167+00:00
AIZ_GRID_044_23.711111_92.878611,2024-06-28,23.711111,92.878611,588.0,28.334793090820312,4.327187538146973,4.327187538146973,11.0,0.0,0.5660328468360742,56.6,0.47,1,WARNING,HIGH,2026-09-07T18:24:59.689167+00:00
AIZ_GRID_044_23.711667_92.878333,2024-07-02,23.711667,92.878333,592.0,31.382339477539062,11.501143455505373,11.501143455505373,15.0,0.0,0.9124226449505872,91.24,0.47,1,WARNING,CRITICAL,2026-09-07T18:24:59.689167+00:00
AIZ_GRID_044_23.713889_92.857222,2024-07-02,23.713889,92.857222,854.0,37.932899475097656,11.501143455505373,11.501143455505373,15.0,0.0,0.9866179971192096,98.66,0.47,1,WARNING,CRITICAL,2026-09-07T18:24:59.689167+00:00
AIZ_GRID_044_23.714167_92.858056,2024-05-28,23.714167,92.858056,888.0,21.22980499267578,65.62861633300781,65.62861633300781,6.0,3.0,0.9287405786411198,92.87,0.47,1,WARNING,CRITICAL,2026-09-07T18:24:59.689167+00:00
AIZ_GRID_044_23.720833_92.864722,2024-07-02,23.720833,92.864722,819.0,36.6032600402832,11.501143455505373,11.501143455505373,15.0,0.0,0.9923808373372024,99.24,0.47,1,WARNING,CRITICAL,2026-09-07T18:24:59.689167+00:00
AIZ_GRID_044_23.721389_92.857778,2024-07-02,23.721389,92.857778,801.0,27.212526321411133,11.501143455505373,11.501143455505373,15.0,0.0,0.9571436218939408,95.71,0.47,1,WARNING,CRITICAL,2026-09-07T18:24:59.689167+00:00
AIZ_GRID_044_23.724999_92.875004,2020-01-11,23.724999,92.875004,463.0,26.29429626464844,0.4132559895515442,0.4132559895515442,0.0,0.0,0.0044802839929993,0.45,0.47,0,NO_WARNING,LOW,2026-09-07T18:24:59.689167+00:00
AIZ_GRID_044_23.724999_92.875004,2020-03-03,23.724999,92.875004,463.0,26.29429626464844,1.2472211122512815,1.2472211122512815,3.0,0.0,0.0013344887348353,0.13,0.47,0,NO_WARNING,LOW,2026-09-07T18:24:59.689167+00:00
AIZ_GRID_044_23.724999_92.875004,2020-05-06,23.724999,92.875004,463.0,26.29429626464844,1.809476852416992,1.809476852416992,2.0,0.0,0.0,0.0,0.47,0,NO_WARNING,LOW,2026-09-07T18:24:59.689167+00:00
AIZ_GRID_044_23.724999_92.875004,2020-05-27,23.724999,92.875004,463.0,26.29429626464844,47.86921691894531,47.86921691894531,2.0,2.0,0.0187156837176113,1.87,0.47,0,NO_WARNING,LOW,2026-09-07T18:24:59.689167+00:00
AIZ_GRID_044_23.724999_92.875004,2020-08-21,23.724999,92.875004,463.0,26.29429626464844,4.708158016204834,4.708158016204834,4.0,0.0,0.0013344887348353,0.13,0.47,0,NO_WARNING,LOW,2026-09-07T18:24:59.689167+00:00
AIZ_GRID_044_23.724999_92.875004,2020-10-24,23.724999,92.875004,463.0,26.29429626464844,4.254951000213623,4.254951000213623,5.0,0.0,0.0100862652483553,1.01,0.47,0,NO_WARNING,LOW,2026-09-07T18:24:59.689167+00:00
AIZ_GRID_044_23.724999_92.875004,2020-12-06,23.724999,92.875004,463.0,26.29429626464844,0.3181108236312866,0.3181108236312866,0.0,0.0,0.0004008328995314,0.04,0.47,0,NO_WARNING,LOW,2026-09-07T18:24:59.689167+00:00
AIZ_GRID_044_23.724999_92.875004,2020-12-11,23.724999,92.875004,463.0,26.29429626464844,0.141261950135231,0.141261950135231,0.0,0.0,0.009789499012823,0.98,0.47,0,NO_WARNING,LOW,2026-09-07T18:24:59.689167+00:00
AIZ_GRID_044_23.724999_92.875004,2021-01-25,23.724999,92.875004,463.0,26.29429626464844,0.7454045414924622,0.7454045414924622,0.0,0.0,0.0,0.0,0.47,0,NO_WARNING,LOW,2026-09-07T18:24:59.689167+00:00
AIZ_GRID_044_23.724999_92.875004,2021-05-18,23.724999,92.875004,463.0,26.29429626464844,6.1334099769592285,6.1334099769592285,4.0,0.0,0.0021357374341069,0.21,0.47,0,NO_WARNING,LOW,2026-09-07T18:24:59.689167+00:00
AIZ_GRID_044_23.724999_92.875004,2021-07-10,23.724999,92.875004,463.0,26.29429626464844,20.22917938232422,20.22917938232422,5.0,0.0,0.057716125299355,5.77,0.47,0,NO_WARNING,LOW,2026-09-07T18:24:59.689167+00:00
AIZ_GRID_044_23.724999_92.875004,2021-10-12,23.724999,92.875004,463.0,26.29429626464844,1.4544183015823364,1.4544183015823364,2.0,0.0,0.0,0.0,0.47,0,NO_WARNING,LOW,2026-09-07T18:24:59.689167+00:00
AIZ_GRID_044_23.724999_92.875004,2021-11-19,23.724999,92.875004,463.0,26.29429626464844,0.7474110126495361,0.7474110126495361,0.0,0.0,0.0,0.0,0.47,0,NO_WARNING,LOW,2026-09-07T18:24:59.689167+00:00
AIZ_GRID_044_23.724999_92.875004,2022-04-30,23.724999,92.875004,463.0,26.29429626464844,8.540556907653809,8.540556907653809,1.0,0.0,0.0606447278232595,6.06,0.47,0,NO_WARNING,LOW,2026-09-07T18:24:59.689167+00:00
AIZ_GRID_044_23.724999_92.875004,2023-03-15,23.724999,92.875004,463.0,26.29429626464844,19.391176223754883,19.391176223754883,1.0,0.0,0.0130481384384836,1.3,0.47,0,NO_WARNING,LOW,2026-09-07T18:24:59.689167+00:00
AIZ_GRID_044_23.724999_92.875004,2023-05-20,23.724999,92.875004,463.0,26.29429626464844,2.632707595825196,2.632707595825196,1.0,0.0,0.0,0.0,0.47,0,NO_WARNING,LOW,2026-09-07T18:24:59.689167+00:00
AIZ_GRID_044_23.724999_92.875004,2023-12-30,23.724999,92.875004,463.0,26.29429626464844,0.3573747277259826,0.3573747277259826,0.0,0.0,0.0064379594948994,0.64,0.47,0,NO_WARNING,LOW,2026-09-07T18:24:59.689167+00:00
AIZ_GRID_044_23.724999_92.875004,2024-07-16,23.724999,92.875004,463.0,26.29429626464844,4.079549789428711,4.079549789428711,4.0,0.0,0.0013344887348353,0.13,0.47,0,NO_WARNING,LOW,2026-09-07T18:24:59.689167+00:00
AIZ_GRID_044_23.724999_92.875004,2024-08-19,23.724999,92.875004,463.0,26.29429626464844,65.95901489257812,65.95901489257812,7.0,5.0,0.5425370608028732,54.25,0.47,1,WARNING,HIGH,2026-09-07T18:24:59.689167+00:00
AIZ_GRID_044_23.724999_92.875004,2024-10-21,23.724999,92.875004,463.0,26.29429626464844,0.2338121235370636,0.2338121235370636,0.0,0.0,0.0017353216343668,0.17,0.47,0,NO_WARNING,LOW,2026-09-07T18:24:59.689167+00:00
AIZ_GRID_044_23.724999_92.875004,2024-12-13,23.724999,92.875004,463.0,26.29429626464844,0.2830891907215118,0.2830891907215118,0.0,0.0,0.0017353216343668,0.17,0.47,0,NO_WARNING,LOW,2026-09-07T18:24:59.689167+00:00
AIZ_GRID_044_23.724999_92.875004,2025-02-12,23.724999,92.875004,463.0,26.29429626464844,0.632478654384613,0.632478654384613,0.0,0.0,0.0,0.0,0.47,0,NO_WARNING,LOW,2026-09-07T18:24:59.689167+00:00
AIZ_GRID_044_23.724999_92.875004,2025-06-01,23.724999,92.875004,463.0,26.29429626464844,89.47269439697266,89.47269439697266,14.0,8.0,0.6402711822426853,64.03,0.47,1,WARNING,HIGH,2026-09-07T18:24:59.689167+00:00
AIZ_GRID_044_23.727222_92.854722,2024-05-28,23.727222,92.854722,819.0,33.35020446777344,65.62861633300781,65.62861633300781,6.0,3.0,0.9883336244099082,98.83,0.47,1,WARNING,CRITICAL,2026-09-07T18:24:59.689167+00:00
AIZ_GRID_044_23.729722_92.853056,2024-05-28,23.729722,92.853056,786.0,31.50731658935547,65.62861633300781,65.62861633300781,6.0,3.0,0.9898500844459276,98.99,0.47,1,WARNING,CRITICAL,2026-09-07T18:24:59.689167+00:00
AIZ_GRID_044_23.733611_92.853056,2024-08-28,23.733611,92.853056,828.0,35.638023376464844,4.122506141662598,4.122506141662598,16.0,0.0,0.8896912493914563,88.97,0.47,1,WARNING,CRITICAL,2026-09-07T18:24:59.689167+00:00
AIZ_GRID_044_23.735833_92.851944,2024-05-28,23.735833,92.851944,708.0,26.08116340637207,65.62861633300781,65.62861633300781,6.0,3.0,0.95871235528923,95.87,0.47,1,WARNING,CRITICAL,2026-09-07T18:24:59.689167+00:00
AIZ_GRID_044_23.735_92.856667,2024-07-02,23.735,92.856667,788.0,31.7506046295166,11.501143455505373,11.501143455505373,15.0,0.0,0.9979430959618512,99.79,0.47,1,WARNING,CRITICAL,2026-09-07T18:24:59.689167+00:00
AIZ_GRID_044_23.736667_92.856111,2024-07-02,23.736667,92.856111,763.0,31.89004707336425,11.501143455505373,11.501143455505373,15.0,0.0,0.989238187596485,98.92,0.47,1,WARNING,CRITICAL,2026-09-07T18:24:59.689167+00:00
AIZ_GRID_044_23.743611_92.854167,2024-09-25,23.743611,92.854167,830.0,28.89985084533692,40.5689697265625,40.5689697265625,3.0,1.0,0.8711487079428711,87.11,0.47,1,WARNING,CRITICAL,2026-09-07T18:24:59.689167+00:00
AIZ_GRID_044_23.744167_92.855556,2024-09-25,23.744167,92.855556,850.0,18.79589080810547,40.5689697265625,40.5689697265625,3.0,1.0,0.7048666589313811,70.49,0.47,1,WARNING,HIGH,2026-09-07T18:24:59.689167+00:00
AIZ_GRID_044_23.747519_92.853155,2025-06-15,23.747519,92.853155,813.0,11.15342903137207,31.51943588256836,31.51943588256836,3.0,2.0,0.6128283862738217,61.28,0.47,1,WARNING,HIGH,2026-09-07T18:24:59.689167+00:00
AIZ_GRID_048_23.774999_92.675004,2020-02-19,23.774999,92.675004,633.0,17.809877395629883,0.393746018409729,0.393746018409729,0.0,0.0,0.0101425428202411,1.01,0.47,0,NO_WARNING,LOW,2026-09-07T18:24:59.689167+00:00
AIZ_GRID_048_23.774999_92.675004,2020-03-17,23.774999,92.675004,633.0,17.809877395629883,1.584965467453003,1.584965467453003,3.0,0.0,0.0128545724688671,1.29,0.47,0,NO_WARNING,LOW,2026-09-07T18:24:59.689167+00:00
AIZ_GRID_048_23.774999_92.675004,2020-03-19,23.774999,92.675004,633.0,17.809877395629883,1.584965467453003,1.584965467453003,5.0,0.0,0.0121056921330133,1.21,0.47,0,NO_WARNING,LOW,2026-09-07T18:24:59.689167+00:00
AIZ_GRID_048_23.774999_92.675004,2020-04-25,23.774999,92.675004,633.0,17.809877395629883,32.009822845458984,32.009822845458984,5.0,3.0,0.2126562802099137,21.27,0.47,0,NO_WARNING,LOW,2026-09-07T18:24:59.689167+00:00
AIZ_GRID_048_23.774999_92.675004,2020-06-06,23.774999,92.675004,633.0,17.809877395629883,2.670698881149292,2.670698881149292,5.0,0.0,0.001165659489617,0.12,0.47,0,NO_WARNING,LOW,2026-09-07T18:24:59.689167+00:00
AIZ_GRID_048_23.774999_92.675004,2020-06-15,23.774999,92.675004,633.0,17.809877395629883,7.525486946105957,7.525486946105957,7.0,0.0,0.0807840697564101,8.08,0.47,0,NO_WARNING,LOW,2026-09-07T18:24:59.689167+00:00
AIZ_GRID_048_23.774999_92.675004,2020-07-08,23.774999,92.675004,633.0,17.809877395629883,7.235856056213379,7.235856056213379,1.0,0.0,0.0187691940277949,1.88,0.47,0,NO_WARNING,LOW,2026-09-07T18:24:59.689167+00:00
AIZ_GRID_048_23.774999_92.675004,2020-08-30,23.774999,92.675004,633.0,17.809877395629883,0.6724231243133545,0.6724231243133545,0.0,0.0,0.0,0.0,0.47,0,NO_WARNING,LOW,2026-09-07T18:24:59.689167+00:00
AIZ_GRID_048_23.774999_92.675004,2020-08-31,23.774999,92.675004,633.0,17.809877395629883,36.03493881225586,36.03493881225586,1.0,1.0,0.0270406391714888,2.7,0.47,0,NO_WARNING,LOW,2026-09-07T18:24:59.689167+00:00
AIZ_GRID_048_23.774999_92.675004,2020-11-29,23.774999,92.675004,633.0,17.809877395629883,0.2968979775905609,0.2968979775905609,0.0,0.0,0.0,0.0,0.47,0,NO_WARNING,LOW,2026-09-07T18:24:59.689167+00:00
AIZ_GRID_048_23.774999_92.675004,2021-02-04,23.774999,92.675004,633.0,17.809877395629883,0.3455233871936798,0.3455233871936798,0.0,0.0,0.0,0.0,0.47,0,NO_WARNING,LOW,2026-09-07T18:24:59.689167+00:00
AIZ_GRID_048_23.774999_92.675004,2021-06-19,23.774999,92.675004,633.0,17.809877395629883,3.3557283878326416,3.3557283878326416,3.0,0.0,0.0039140284271785,0.39,0.47,0,NO_WARNING,LOW,2026-09-07T18:24:59.689167+00:00
AIZ_GRID_048_23.774999_92.675004,2021-11-27,23.774999,92.675004,633.0,17.809877395629883,0.5866075754165649,0.5866075754165649,0.0,0.0,0.0,0.0,0.47,0,NO_WARNING,LOW,2026-09-07T18:24:59.689167+00:00
AIZ_GRID_048_23.774999_92.675004,2021-12-11,23.774999,92.675004,633.0,17.809877395629883,0.355260968208313,0.355260968208313,0.0,0.0,0.0139213415151418,1.39,0.47,0,NO_WARNING,LOW,2026-09-07T18:24:59.689167+00:00
AIZ_GRID_048_23.774999_92.675004,2022-03-07,23.774999,92.675004,633.0,17.809877395629883,1.664482355117798,1.664482355117798,16.0,0.0,0.1553932293965791,15.54,0.47,0,NO_WARNING,LOW,2026-09-07T18:24:59.689167+00:00
AIZ_GRID_048_23.774999_92.675004,2022-07-17,23.774999,92.675004,633.0,17.809877395629883,31.43738174438477,31.43738174438477,3.0,1.0,0.1589497816685983,15.89,0.47,0,NO_WARNING,LOW,2026-09-07T18:24:59.689167+00:00
AIZ_GRID_048_23.774999_92.675004,2022-07-28,23.774999,92.675004,633.0,17.809877395629883,5.855997085571289,5.855997085571289,1.0,0.0,0.0065375994735427,0.65,0.47,0,NO_WARNING,LOW,2026-09-07T18:24:59.689167+00:00
AIZ_GRID_048_23.774999_92.675004,2022-10-11,23.774999,92.675004,633.0,17.809877395629883,0.6077654957771301,0.6077654957771301,0.0,0.0,0.0,0.0,0.47,0,NO_WARNING,LOW,2026-09-07T18:24:59.689167+00:00
AIZ_GRID_048_23.774999_92.675004,2023-07-09,23.774999,92.675004,633.0,17.809877395629883,2.765289068222046,2.765289068222046,7.0,0.0,0.0284738626166533,2.85,0.47,0,NO_WARNING,LOW,2026-09-07T18:24:59.689167+00:00
AIZ_GRID_048_23.774999_92.675004,2023-07-20,23.774999,92.675004,633.0,17.809877395629883,13.836838722229004,13.836838722229004,18.0,0.0,0.3876362352173422,38.76,0.47,0,NO_WARNING,MODERATE,2026-09-07T18:24:59.689167+00:00
AIZ_GRID_048_23.774999_92.675004,2023-07-24,23.774999,92.675004,633.0,17.809877395629883,1.3074909448623655,1.3074909448623655,22.0,0.0,0.0759653298375349,7.6,0.47,0,NO_WARNING,LOW,2026-09-07T18:24:59.689167+00:00
AIZ_GRID_048_23.774999_92.675004,2023-08-02,23.774999,92.675004,633.0,17.809877395629883,39.62508773803711,39.62508773803711,1.0,1.0,0.0220474331509991,2.2,0.47,0,NO_WARNING,LOW,2026-09-07T18:24:59.689167+00:00
AIZ_GRID_048_23.774999_92.675004,2023-08-12,23.774999,92.675004,633.0,17.809877395629883,9.808703422546388,9.808703422546388,3.0,0.0,0.0398015853395997,3.98,0.47,0,NO_WARNING,LOW,2026-09-07T18:24:59.689167+00:00
AIZ_GRID_048_23.774999_92.675004,2023-08-25,23.774999,92.675004,633.0,17.809877395629883,30.30472183227539,30.30472183227539,1.0,1.0,0.0453836580320415,4.54,0.47,0,NO_WARNING,LOW,2026-09-07T18:24:59.689167+00:00
AIZ_GRID_048_23.774999_92.675004,2023-10-06,23.774999,92.675004,633.0,17.809877395629883,53.69157791137695,53.69157791137695,11.0,1.0,0.0592487525368005,5.92,0.47,0,NO_WARNING,LOW,2026-09-07T18:24:59.689167+00:00
AIZ_GRID_048_23.774999_92.675004,2023-11-07,23.774999,92.675004,633.0,17.809877395629883,0.4420633912086487,0.4420633912086487,0.0,0.0,0.0038367637838217,0.38,0.47,0,NO_WARNING,LOW,2026-09-07T18:24:59.689167+00:00
AIZ_GRID_048_23.774999_92.675004,2024-01-31,23.774999,92.675004,633.0,17.809877395629883,1.1367350816726685,1.1367350816726685,1.0,0.0,0.0,0.0,0.47,0,NO_WARNING,LOW,2026-09-07T18:24:59.689167+00:00
AIZ_GRID_048_23.774999_92.675004,2024-12-28,23.774999,92.675004,633.0,17.809877395629883,0.1530945897102356,0.1530945897102356,0.0,0.0,0.0,0.0,0.47,0,NO_WARNING,LOW,2026-09-07T18:24:59.689167+00:00
AIZ_GRID_048_23.781389_92.676389,2023-10-25,23.781389,92.676389,447.0,30.97755241394043,0.2120386064052581,0.2120386064052581,0.0,0.0,0.415736660477934,41.57,0.47,0,NO_WARNING,MODERATE,2026-09-07T18:24:59.689167+00:00
AIZ_GRID_049_23.75024_92.736662,2025-06-01,23.75024,92.736662,1108.0,24.23047637939453,91.08402252197266,91.08402252197266,19.0,8.0,0.9660996921534244,96.61,0.47,1,WARNING,CRITICAL,2026-09-07T18:24:59.689167+00:00
AIZ_GRID_049_23.755925_92.726753,2025-05-24,23.755925,92.726753,1021.0,41.42621612548828,5.086225509643555,5.086225509643555,11.0,0.0,0.8922004012283612,89.22,0.47,1,WARNING,CRITICAL,2026-09-07T18:24:59.689167+00:00
AIZ_GRID_049_23.758901_92.730863,2025-05-30,23.758901,92.730863,1076.0,33.829444885253906,103.79071807861328,103.79071807861328,17.0,6.0,0.99386895502203,99.39,0.47,1,WARNING,CRITICAL,2026-09-07T18:24:59.689167+00:00
AIZ_GRID_049_23.760556_92.731944,2024-07-04,23.760556,92.731944,1131.0,34.0235710144043,0.3529047966003418,0.3529047966003418,0.0,0.0,0.7457560043352129,74.58,0.47,1,WARNING,HIGH,2026-09-07T18:24:59.689167+00:00
AIZ_GRID_049_23.763889_92.733889,2024-09-26,23.763889,92.733889,1189.0,44.719764709472656,27.7490463256836,27.7490463256836,3.0,2.0,0.8185396703901764,81.85,0.47,1,WARNING,CRITICAL,2026-09-07T18:24:59.689167+00:00
AIZ_GRID_049_23.769722_92.744722,2024-05-28,23.769722,92.744722,1170.0,29.93304443359375,63.51375579833984,63.51375579833984,11.0,5.0,0.9947188232193488,99.47,0.47,1,WARNING,CRITICAL,2026-09-07T18:24:59.689167+00:00
AIZ_GRID_049_23.773056_92.743611,2024-05-28,23.773056,92.743611,1000.0,32.821224212646484,63.51375579833984,63.51375579833984,11.0,5.0,1.0,100.0,0.47,1,WARNING,CRITICAL,2026-09-07T18:24:59.689167+00:00
AIZ_GRID_049_23.774999_92.725004,2020-02-09,23.774999,92.725004,1176.0,11.863102912902832,1.088512897491455,1.088512897491455,1.0,0.0,0.0040310796744852,0.4,0.47,0,NO_WARNING,LOW,2026-09-07T18:24:59.689167+00:00
AIZ_GRID_049_23.774999_92.725004,2020-05-20,23.774999,92.725004,1176.0,11.863102912902832,10.768113136291504,10.768113136291504,2.0,0.0,0.0079073892178926,0.79,0.47,0,NO_WARNING,LOW,2026-09-07T18:24:59.689167+00:00
AIZ_GRID_049_23.774999_92.725004,2021-02-19,23.774999,92.725004,1176.0,11.863102912902832,0.5810495018959045,0.5810495018959045,0.0,0.0,0.0050066944623888,0.5,0.47,0,NO_WARNING,LOW,2026-09-07T18:24:59.689167+00:00
AIZ_GRID_049_23.774999_92.725004,2021-02-20,23.774999,92.725004,1176.0,11.863102912902832,2.066671133041382,2.066671133041382,1.0,0.0,0.0120783474457889,1.21,0.47,0,NO_WARNING,LOW,2026-09-07T18:24:59.689167+00:00
AIZ_GRID_049_23.774999_92.725004,2021-06-08,23.774999,92.725004,1176.0,11.863102912902832,10.898480415344238,10.898480415344238,1.0,0.0,0.0081091067064496,0.81,0.47,0,NO_WARNING,LOW,2026-09-07T18:24:59.689167+00:00
AIZ_GRID_049_23.774999_92.725004,2021-07-15,23.774999,92.725004,1176.0,11.863102912902832,3.44903564453125,3.44903564453125,4.0,0.0,0.0101987722695164,1.02,0.47,0,NO_WARNING,LOW,2026-09-07T18:24:59.689167+00:00
AIZ_GRID_049_23.774999_92.725004,2021-12-13,23.774999,92.725004,1176.0,11.863102912902832,0.3916890025138855,0.3916890025138855,0.0,0.0,0.0970343389320786,9.7,0.47,0,NO_WARNING,LOW,2026-09-07T18:24:59.689167+00:00
AIZ_GRID_049_23.774999_92.725004,2022-05-11,23.774999,92.725004,1176.0,11.863102912902832,69.83025360107422,69.83025360107422,3.0,1.0,0.1211816364340655,12.12,0.47,0,NO_WARNING,LOW,2026-09-07T18:24:59.689167+00:00
AIZ_GRID_049_23.774999_92.725004,2022-07-26,23.774999,92.725004,1176.0,11.863102912902832,4.264473915100098,4.264473915100098,7.0,0.0,0.0695463408932294,6.95,0.47,0,NO_WARNING,LOW,2026-09-07T18:24:59.689167+00:00
AIZ_GRID_049_23.774999_92.725004,2022-08-09,23.774999,92.725004,1176.0,11.863102912902832,5.527514934539795,5.527514934539795,8.0,0.0,0.1008234696000726,10.08,0.47,0,NO_WARNING,LOW,2026-09-07T18:24:59.689167+00:00
AIZ_GRID_049_23.774999_92.725004,2022-10-01,23.774999,92.725004,1176.0,11.863102912902832,7.444661617279053,7.444661617279053,2.0,0.0,0.0729527990294337,7.3,0.47,0,NO_WARNING,LOW,2026-09-07T18:24:59.689167+00:00
AIZ_GRID_049_23.774999_92.725004,2022-11-09,23.774999,92.725004,1176.0,11.863102912902832,0.1870828121900558,0.1870828121900558,0.0,0.0,0.0459014555505012,4.59,0.47,0,NO_WARNING,LOW,2026-09-07T18:24:59.689167+00:00
AIZ_GRID_049_23.774999_92.725004,2022-12-05,23.774999,92.725004,1176.0,11.863102912902832,0.5315749645233154,0.5315749645233154,0.0,0.0,0.0050066944623888,0.5,0.47,0,NO_WARNING,LOW,2026-09-07T18:24:59.689167+00:00
AIZ_GRID_049_23.774999_92.725004,2022-12-15,23.774999,92.725004,1176.0,11.863102912902832,0.3377723693847656,0.3377723693847656,0.0,0.0,0.0157825086765557,1.58,0.47,0,NO_WARNING,LOW,2026-09-07T18:24:59.689167+00:00
AIZ_GRID_049_23.774999_92.725004,2023-03-01,23.774999,92.725004,1176.0,11.863102912902832,0.7404972910881042,0.7404972910881042,0.0,0.0,0.002337716992718,0.23,0.47,0,NO_WARNING,LOW,2026-09-07T18:24:59.689167+00:00
AIZ_GRID_049_23.774999_92.725004,2023-05-17,23.774999,92.725004,1176.0,11.863102912902832,6.83793306350708,6.83793306350708,1.0,0.0,0.0219641820115681,2.2,0.47,0,NO_WARNING,LOW,2026-09-07T18:24:59.689167+00:00
AIZ_GRID_049_23.774999_92.725004,2023-08-07,23.774999,92.725004,1176.0,11.863102912902832,4.06810474395752,4.06810474395752,4.0,0.0,0.0075966402785677,0.76,0.47,0,NO_WARNING,LOW,2026-09-07T18:24:59.689167+00:00
AIZ_GRID_049_23.774999_92.725004,2023-12-14,23.774999,92.725004,1176.0,11.863102912902832,0.6775250434875488,0.6775250434875488,0.0,0.0,0.002337716992718,0.23,0.47,0,NO_WARNING,LOW,2026-09-07T18:24:59.689167+00:00
AIZ_GRID_049_23.774999_92.725004,2023-12-19,23.774999,92.725004,1176.0,11.863102912902832,0.6256208419799805,0.6256208419799805,0.0,0.0,0.0036722057275534,0.37,0.47,0,NO_WARNING,LOW,2026-09-07T18:24:59.689167+00:00
AIZ_GRID_049_23.774999_92.725004,2024-05-06,23.774999,92.725004,1176.0,11.863102912902832,19.32024383544922,19.32024383544922,3.0,0.0,0.0615882973097801,6.16,0.47,0,NO_WARNING,LOW,2026-09-07T18:24:59.689167+00:00
AIZ_GRID_049_23.774999_92.725004,2024-06-01,23.774999,92.725004,1176.0,11.863102912902832,0.169019803404808,0.169019803404808,0.0,0.0,0.0267933892877887,2.68,0.47,0,NO_WARNING,LOW,2026-09-07T18:24:59.689167+00:00
AIZ_GRID_049_23.774999_92.725004,2024-09-30,23.774999,92.725004,1176.0,11.863102912902832,1.155212640762329,1.155212640762329,1.0,0.0,0.013776893717073,1.38,0.47,0,NO_WARNING,LOW,2026-09-07T18:24:59.689167+00:00
AIZ_GRID_049_23.774999_92.725004,2024-12-30,23.774999,92.725004,1176.0,11.863102912902832,0.1633387356996536,0.1633387356996536,0.0,0.0,0.0262601492522249,2.63,0.47,0,NO_WARNING,LOW,2026-09-07T18:24:59.689167+00:00
AIZ_GRID_049_23.774999_92.725004,2025-01-19,23.774999,92.725004,1176.0,11.863102912902832,1.1242578029632568,1.1242578029632568,1.0,0.0,0.0066332116654339,0.66,0.47,0,NO_WARNING,LOW,2026-09-07T18:24:59.689167+00:00
AIZ_GRID_049_23.774999_92.725004,2025-02-21,23.774999,92.725004,1176.0,11.863102912902832,0.3481236696243286,0.3481236696243286,0.0,0.0,0.0323923500040936,3.24,0.47,0,NO_WARNING,LOW,2026-09-07T18:24:59.689167+00:00
AIZ_GRID_049_23.774999_92.725004,2025-06-22,23.774999,92.725004,1176.0,11.863102912902832,32.43228530883789,32.43228530883789,10.0,1.0,0.1366380909700804,13.66,0.47,0,NO_WARNING,LOW,2026-09-07T18:24:59.689167+00:00
AIZ_GRID_050_23.769722_92.76,2024-07-02,23.769722,92.76,1190.0,43.00267791748047,15.497661590576172,15.497661590576172,16.0,0.0,0.8694732029567955,86.95,0.47,1,WARNING,CRITICAL,2026-09-07T18:24:59.689167+00:00
AIZ_GRID_050_23.773611_92.761111,2024-05-28,23.773611,92.761111,1122.0,10.189693450927734,62.66719818115234,62.66719818115234,11.0,5.0,0.9952349939676184,99.52,0.47,1,WARNING,CRITICAL,2026-09-07T18:24:59.689167+00:00
AIZ_GRID_050_23.774722_92.761944,2024-05-28,23.774722,92.761944,1118.0,20.5286808013916,62.66719818115234,62.66719818115234,11.0,5.0,1.0,100.0,0.47,1,WARNING,CRITICAL,2026-09-07T18:24:59.689167+00:00
AIZ_GRID_050_23.774999_92.775004,2020-05-19,23.774999,92.775004,640.0,38.00202560424805,52.520118713378906,52.520118713378906,1.0,1.0,0.053381188038638,5.34,0.47,0,NO_WARNING,LOW,2026-09-07T18:24:59.689167+00:00
AIZ_GRID_050_23.774999_92.775004,2020-05-29,23.774999,92.775004,640.0,38.00202560424805,15.584490776062012,15.584490776062012,4.0,0.0,0.0134451286657302,1.34,0.47,0,NO_WARNING,LOW,2026-09-07T18:24:59.689167+00:00
AIZ_GRID_050_23.774999_92.775004,2020-10-02,23.774999,92.775004,640.0,38.00202560424805,23.88437843322754,23.88437843322754,5.0,0.0,0.0340985778364071,3.41,0.47,0,NO_WARNING,LOW,2026-09-07T18:24:59.689167+00:00
AIZ_GRID_050_23.774999_92.775004,2020-12-07,23.774999,92.775004,640.0,38.00202560424805,0.2432699650526046,0.2432699650526046,0.0,0.0,0.0025388431012319,0.25,0.47,0,NO_WARNING,LOW,2026-09-07T18:24:59.689167+00:00
AIZ_GRID_050_23.774999_92.775004,2021-01-29,23.774999,92.775004,640.0,38.00202560424805,0.2523099780082702,0.2523099780082702,0.0,0.0,0.0025388431012319,0.25,0.47,0,NO_WARNING,LOW,2026-09-07T18:24:59.689167+00:00
AIZ_GRID_050_23.774999_92.775004,2021-03-18,23.774999,92.775004,640.0,38.00202560424805,0.6834360361099243,0.6834360361099243,0.0,0.0,0.0029032538915774,0.29,0.47,0,NO_WARNING,LOW,2026-09-07T18:24:59.689167+00:00
AIZ_GRID_050_23.774999_92.775004,2022-01-04,23.774999,92.775004,640.0,38.00202560424805,0.2888523042201996,0.2888523042201996,0.0,0.0,0.0025388431012319,0.25,0.47,0,NO_WARNING,LOW,2026-09-07T18:24:59.689167+00:00
AIZ_GRID_050_23.774999_92.775004,2022-05-11,23.774999,92.775004,640.0,38.00202560424805,62.85783767700195,62.85783767700195,3.0,1.0,0.1082547693509419,10.83,0.47,0,NO_WARNING,LOW,2026-09-07T18:24:59.689167+00:00
AIZ_GRID_050_23.774999_92.775004,2022-06-23,23.774999,92.775004,640.0,38.00202560424805,15.11783504486084,15.11783504486084,11.0,0.0,0.0927642912584606,9.28,0.47,0,NO_WARNING,LOW,2026-09-07T18:24:59.689167+00:00
AIZ_GRID_050_23.774999_92.775004,2022-10-23,23.774999,92.775004,640.0,38.00202560424805,64.84410095214844,64.84410095214844,1.0,1.0,0.0673371316588886,6.73,0.47,0,NO_WARNING,LOW,2026-09-07T18:24:59.689167+00:00
AIZ_GRID_050_23.774999_92.775004,2022-10-30,23.774999,92.775004,640.0,38.00202560424805,0.5269710421562195,0.5269710421562195,0.0,0.0,0.0109861711895513,1.1,0.47,0,NO_WARNING,LOW,2026-09-07T18:24:59.689167+00:00
AIZ_GRID_050_23.774999_92.775004,2022-11-22,23.774999,92.775004,640.0,38.00202560424805,0.3155969083309173,0.3155969083309173,0.0,0.0,0.0025388431012319,0.25,0.47,0,NO_WARNING,LOW,2026-09-07T18:24:59.689167+00:00
AIZ_GRID_050_23.774999_92.775004,2023-02-01,23.774999,92.775004,640.0,38.00202560424805,1.5356653928756714,1.5356653928756714,1.0,0.0,0.0101832953920714,1.02,0.47,0,NO_WARNING,LOW,2026-09-07T18:24:59.689167+00:00
AIZ_GRID_050_23.774999_92.775004,2023-05-14,23.774999,92.775004,640.0,38.00202560424805,21.066516876220703,21.066516876220703,3.0,0.0,0.0163119962924682,1.63,0.47,0,NO_WARNING,LOW,2026-09-07T18:24:59.689167+00:00
AIZ_GRID_050_23.774999_92.775004,2023-07-21,23.774999,92.775004,640.0,38.00202560424805,17.578296661376953,17.578296661376953,14.0,0.0,0.1580375364483638,15.8,0.47,0,NO_WARNING,LOW,2026-09-07T18:24:59.689167+00:00
AIZ_GRID_050_23.774999_92.775004,2023-08-02,23.774999,92.775004,640.0,38.00202560424805,37.126502990722656,37.126502990722656,1.0,1.0,0.1105970724653476,11.06,0.47,0,NO_WARNING,LOW,2026-09-07T18:24:59.689167+00:00
AIZ_GRID_050_23.774999_92.775004,2023-11-06,23.774999,92.775004,640.0,38.00202560424805,0.3659116923809051,0.3659116923809051,0.0,0.0,0.0159829060650985,1.6,0.47,0,NO_WARNING,LOW,2026-09-07T18:24:59.689167+00:00
AIZ_GRID_050_23.774999_92.775004,2023-11-20,23.774999,92.775004,640.0,38.00202560424805,0.7023327350616455,0.7023327350616455,0.0,0.0,0.0069067200960835,0.69,0.47,0,NO_WARNING,LOW,2026-09-07T18:24:59.689167+00:00
AIZ_GRID_050_23.774999_92.775004,2023-12-06,23.774999,92.775004,640.0,38.00202560424805,4.552391529083252,4.552391529083252,3.0,0.0,0.0144076043704535,1.44,0.47,0,NO_WARNING,LOW,2026-09-07T18:24:59.689167+00:00
AIZ_GRID_050_23.774999_92.775004,2024-02-18,23.774999,92.775004,640.0,38.00202560424805,0.6992224454879761,0.6992224454879761,0.0,0.0,0.0042377426264128,0.42,0.47,0,NO_WARNING,LOW,2026-09-07T18:24:59.689167+00:00
AIZ_GRID_050_23.774999_92.775004,2024-08-26,23.774999,92.775004,640.0,38.00202560424805,2.437429666519165,2.437429666519165,14.0,0.0,0.133595243827092,13.36,0.47,0,NO_WARNING,LOW,2026-09-07T18:24:59.689167+00:00
AIZ_GRID_050_23.774999_92.775004,2024-12-08,23.774999,92.775004,640.0,38.00202560424805,0.3183929622173309,0.3183929622173309,0.0,0.0,0.0025388431012319,0.25,0.47,0,NO_WARNING,LOW,2026-09-07T18:24:59.689167+00:00
AIZ_GRID_050_23.774999_92.775004,2025-05-02,23.774999,92.775004,640.0,38.00202560424805,4.1913580894470215,4.1913580894470215,5.0,0.0,0.0296140295875379,2.96,0.47,0,NO_WARNING,LOW,2026-09-07T18:24:59.689167+00:00
AIZ_GRID_050_23.774999_92.775004,2025-05-12,23.774999,92.775004,640.0,38.00202560424805,3.524972915649414,3.524972915649414,3.0,0.0,0.0114380693403534,1.14,0.47,0,NO_WARNING,LOW,2026-09-07T18:24:59.689167+00:00
AIZ_GRID_051_23.760466_92.848969,2025-05-31,23.760466,92.848969,828.0,4.1494646072387695,66.43356323242188,66.43356323242188,16.0,7.0,0.9850377552441149,98.5,0.47,1,WARNING,CRITICAL,2026-09-07T18:24:59.689167+00:00
AIZ_GRID_051_23.760833_92.8475,2024-05-28,23.760833,92.8475,780.0,26.522600173950195,62.720123291015625,62.720123291015625,11.0,3.0,0.9955148600280102,99.55,0.47,1,WARNING,CRITICAL,2026-09-07T18:24:59.689167+00:00
AIZ_GRID_051_23.761111_92.847778,2024-07-02,23.761111,92.847778,791.0,26.51814651489257,16.53374481201172,16.53374481201172,16.0,0.0,0.9672436686554874,96.72,0.47,1,WARNING,CRITICAL,2026-09-07T18:24:59.689167+00:00
AIZ_GRID_051_23.765278_92.85,2024-07-02,23.765278,92.85,780.0,18.54336929321289,16.53374481201172,16.53374481201172,16.0,0.0,0.9281753847374512,92.82,0.47,1,WARNING,CRITICAL,2026-09-07T18:24:59.689167+00:00
AIZ_GRID_051_23.771667_92.848056,2023-07-23,23.771667,92.848056,729.0,34.705848693847656,61.66725540161133,61.66725540161133,20.0,1.0,0.6933261034112135,69.33,0.47,1,WARNING,HIGH,2026-09-07T18:24:59.689167+00:00
AIZ_GRID_051_23.773611_92.849444,2024-05-28,23.773611,92.849444,736.0,28.08105087280273,62.720123291015625,62.720123291015625,11.0,3.0,0.9984362949945365,99.84,0.47,1,WARNING,CRITICAL,2026-09-07T18:24:59.689167+00:00
AIZ_GRID_051_23.774999_92.825004,2020-05-01,23.774999,92.825004,370.0,22.39339828491211,0.0455052033066749,0.0455052033066749,0.0,0.0,0.0107872259219948,1.08,0.47,0,NO_WARNING,LOW,2026-09-07T18:24:59.689167+00:00
AIZ_GRID_051_23.774999_92.825004,2020-05-10,23.774999,92.825004,370.0,22.39339828491211,7.105172157287598,7.105172157287598,6.0,0.0,0.0176897118525051,1.77,0.47,0,NO_WARNING,LOW,2026-09-07T18:24:59.689167+00:00
AIZ_GRID_051_23.774999_92.825004,2020-08-18,23.774999,92.825004,370.0,22.39339828491211,1.184824824333191,1.184824824333191,1.0,0.0,0.0,0.0,0.47,0,NO_WARNING,LOW,2026-09-07T18:24:59.689167+00:00
AIZ_GRID_051_23.774999_92.825004,2020-08-30,23.774999,92.825004,370.0,22.39339828491211,1.0370433330535889,1.0370433330535889,1.0,0.0,0.0,0.0,0.47,0,NO_WARNING,LOW,2026-09-07T18:24:59.689167+00:00
AIZ_GRID_051_23.774999_92.825004,2020-09-02,23.774999,92.825004,370.0,22.39339828491211,8.702152252197266,8.702152252197266,4.0,0.0,0.0456256413868456,4.56,0.47,0,NO_WARNING,LOW,2026-09-07T18:24:59.689167+00:00
AIZ_GRID_051_23.774999_92.825004,2020-09-08,23.774999,92.825004,370.0,22.39339828491211,0.5833843946456909,0.5833843946456909,0.0,0.0,0.0,0.0,0.47,0,NO_WARNING,LOW,2026-09-07T18:24:59.689167+00:00
AIZ_GRID_051_23.774999_92.825004,2020-12-01,23.774999,92.825004,370.0,22.39339828491211,0.3639800548553467,0.3639800548553467,0.0,0.0,0.001001300390117,0.1,0.47,0,NO_WARNING,LOW,2026-09-07T18:24:59.689167+00:00
AIZ_GRID_051_23.774999_92.825004,2021-01-14,23.774999,92.825004,370.0,22.39339828491211,0.2339224368333816,0.2339224368333816,0.0,0.0,0.0,0.0,0.47,0,NO_WARNING,LOW,2026-09-07T18:24:59.689167+00:00
AIZ_GRID_051_23.774999_92.825004,2021-01-25,23.774999,92.825004,370.0,22.39339828491211,0.7371568083763123,0.7371568083763123,0.0,0.0,0.0,0.0,0.47,0,NO_WARNING,LOW,2026-09-07T18:24:59.689167+00:00
AIZ_GRID_051_23.774999_92.825004,2021-02-12,23.774999,92.825004,370.0,22.39339828491211,0.3818367421627044,0.3818367421627044,0.0,0.0,0.0048519598732217,0.49,0.47,0,NO_WARNING,LOW,2026-09-07T18:24:59.689167+00:00
AIZ_GRID_051_23.774999_92.825004,2021-09-05,23.774999,92.825004,370.0,22.39339828491211,4.82213020324707,4.82213020324707,4.0,0.0,0.0011441307578008,0.11,0.47,0,NO_WARNING,LOW,2026-09-07T18:24:59.689167+00:00
AIZ_GRID_051_23.774999_92.825004,2022-07-09,23.774999,92.825004,370.0,22.39339828491211,33.55370330810547,33.55370330810547,12.0,1.0,0.0698242779413301,6.98,0.47,0,NO_WARNING,LOW,2026-09-07T18:24:59.689167+00:00
AIZ_GRID_051_23.774999_92.825004,2022-09-23,23.774999,92.825004,370.0,22.39339828491211,6.583194732666016,6.583194732666016,3.0,0.0,0.0040794510934678,0.41,0.47,0,NO_WARNING,LOW,2026-09-07T18:24:59.689167+00:00
AIZ_GRID_051_23.774999_92.825004,2023-01-10,23.774999,92.825004,370.0,22.39339828491211,0.2414120286703109,0.2414120286703109,0.0,0.0,0.0,0.0,0.47,0,NO_WARNING,LOW,2026-09-07T18:24:59.689167+00:00
AIZ_GRID_051_23.774999_92.825004,2023-06-16,23.774999,92.825004,370.0,22.39339828491211,26.908824920654297,26.908824920654297,4.0,3.0,0.1566726890999257,15.67,0.47,0,NO_WARNING,LOW,2026-09-07T18:24:59.689167+00:00
AIZ_GRID_051_23.774999_92.825004,2024-03-14,23.774999,92.825004,370.0,22.39339828491211,1.6672842502593994,1.6672842502593994,4.0,0.0,0.0121925155927972,1.22,0.47,0,NO_WARNING,LOW,2026-09-07T18:24:59.689167+00:00
AIZ_GRID_051_23.774999_92.825004,2024-03-21,23.774999,92.825004,370.0,22.39339828491211,15.495927810668944,15.495927810668944,3.0,0.0,0.0103700770189834,1.04,0.47,0,NO_WARNING,LOW,2026-09-07T18:24:59.689167+00:00
AIZ_GRID_051_23.774999_92.825004,2024-03-30,23.774999,92.825004,370.0,22.39339828491211,44.03178024291992,44.03178024291992,6.0,1.0,0.026410644856622,2.64,0.47,0,NO_WARNING,LOW,2026-09-07T18:24:59.689167+00:00
AIZ_GRID_051_23.774999_92.825004,2024-11-20,23.774999,92.825004,370.0,22.39339828491211,0.4645493626594543,0.4645493626594543,0.0,0.0,0.0367147718300128,3.67,0.47,0,NO_WARNING,LOW,2026-09-07T18:24:59.689167+00:00
AIZ_GRID_051_23.774999_92.825004,2025-01-02,23.774999,92.825004,370.0,22.39339828491211,0.2123982161283493,0.2123982161283493,0.0,0.0,0.0245775195046019,2.46,0.47,0,NO_WARNING,LOW,2026-09-07T18:24:59.689167+00:00
AIZ_GRID_051_23.774999_92.825004,2025-02-07,23.774999,92.825004,370.0,22.39339828491211,0.4359465539455414,0.4359465539455414,0.0,0.0,0.0013344887348353,0.13,0.47,0,NO_WARNING,LOW,2026-09-07T18:24:59.689167+00:00
AIZ_GRID_051_23.774999_92.825004,2025-02-23,23.774999,92.825004,370.0,22.39339828491211,0.8609623312950134,0.8609623312950134,0.0,0.0,0.0,0.0,0.47,0,NO_WARNING,LOW,2026-09-07T18:24:59.689167+00:00
AIZ_GRID_051_23.774999_92.825004,2025-03-12,23.774999,92.825004,370.0,22.39339828491211,3.6048836708068848,3.6048836708068848,2.0,0.0,0.0,0.0,0.47,0,NO_WARNING,LOW,2026-09-07T18:24:59.689167+00:00
AIZ_GRID_051_23.774999_92.825004,2025-05-11,23.774999,92.825004,370.0,22.39339828491211,22.416065216064453,22.416065216064453,2.0,0.0,0.0163308538071382,1.63,0.47,0,NO_WARNING,LOW,2026-09-07T18:24:59.689167+00:00
AIZ_GRID_051_23.774999_92.825004,2025-05-26,23.774999,92.825004,370.0,22.39339828491211,28.6898136138916,28.6898136138916,11.0,2.0,0.0681644772775206,6.82,0.47,0,NO_WARNING,LOW,2026-09-07T18:24:59.689167+00:00
AIZ_GRID_051_23.774_92.848,2024-06-28,23.774,92.848,670.0,22.69641876220703,3.184234142303467,3.184234142303467,12.0,0.0,0.5562261233565226,55.62,0.47,1,WARNING,HIGH,2026-09-07T18:24:59.689167+00:00
AIZ_GRID_051_23.7775_92.848333,2024-05-28,23.7775,92.848333,700.0,26.6378231048584,62.720123291015625,62.720123291015625,11.0,3.0,0.990075824364397,99.01,0.47,1,WARNING,CRITICAL,2026-09-07T18:24:59.689167+00:00
AIZ_GRID_051_23.777778_92.8479,2024-05-28,23.777778,92.8479,694.0,27.484453201293945,62.720123291015625,62.720123291015625,11.0,3.0,0.9920953527218384,99.21,0.47,1,WARNING,CRITICAL,2026-09-07T18:24:59.689167+00:00
AIZ_GRID_051_23.778333_92.846667,2024-05-28,23.778333,92.846667,674.0,28.86742782592773,62.720123291015625,62.720123291015625,11.0,3.0,0.9896574680494348,98.97,0.47,1,WARNING,CRITICAL,2026-09-07T18:24:59.689167+00:00
AIZ_GRID_052_23.761667_92.850833,2024-07-02,23.761667,92.850833,809.0,26.21508979797364,14.96131706237793,14.96131706237793,16.0,0.0,0.9623004429389675,96.23,0.47,1,WARNING,CRITICAL,2026-09-07T18:24:59.689167+00:00
AIZ_GRID_052_23.768611_92.851389,2024-07-02,23.768611,92.851389,773.0,34.02273178100586,14.96131706237793,14.96131706237793,16.0,0.0,0.9800647684142124,98.01,0.47,1,WARNING,CRITICAL,2026-09-07T18:24:59.689167+00:00
AIZ_GRID_052_23.774999_92.875004,2020-11-06,23.774999,92.875004,641.0,39.927764892578125,0.3712441027164459,0.3712441027164459,0.0,0.0,0.0091187336889881,0.91,0.47,0,NO_WARNING,LOW,2026-09-07T18:24:59.689167+00:00
AIZ_GRID_052_23.774999_92.875004,2020-12-05,23.774999,92.875004,641.0,39.927764892578125,0.4343576729297638,0.4343576729297638,0.0,0.0,0.0670211735839978,6.7,0.47,0,NO_WARNING,LOW,2026-09-07T18:24:59.689167+00:00
AIZ_GRID_052_23.774999_92.875004,2021-05-02,23.774999,92.875004,641.0,39.927764892578125,4.714128494262695,4.714128494262695,5.0,0.0,0.0437603265726598,4.38,0.47,0,NO_WARNING,LOW,2026-09-07T18:24:59.689167+00:00
AIZ_GRID_052_23.774999_92.875004,2021-12-10,23.774999,92.875004,641.0,39.927764892578125,0.0448773689568042,0.0448773689568042,0.0,0.0,0.0311633464834648,3.12,0.47,0,NO_WARNING,LOW,2026-09-07T18:24:59.689167+00:00
AIZ_GRID_052_23.774999_92.875004,2022-01-03,23.774999,92.875004,641.0,39.927764892578125,0.2646390497684479,0.2646390497684479,0.0,0.0,0.0015572252115492,0.16,0.47,0,NO_WARNING,LOW,2026-09-07T18:24:59.689167+00:00
AIZ_GRID_052_23.774999_92.875004,2022-05-25,23.774999,92.875004,641.0,39.927764892578125,0.1970879435539245,0.1970879435539245,0.0,0.0,0.0314775341510169,3.15,0.47,0,NO_WARNING,LOW,2026-09-07T18:24:59.689167+00:00
AIZ_GRID_052_23.774999_92.875004,2022-10-22,23.774999,92.875004,641.0,39.927764892578125,0.0143027519807219,0.0143027519807219,0.0,0.0,0.0204902110096361,2.05,0.47,0,NO_WARNING,LOW,2026-09-07T18:24:59.689167+00:00
AIZ_GRID_052_23.774999_92.875004,2023-01-01,23.774999,92.875004,641.0,39.927764892578125,0.2062021344900131,0.2062021344900131,0.0,0.0,0.0704432737042928,7.04,0.47,0,NO_WARNING,LOW,2026-09-07T18:24:59.689167+00:00
AIZ_GRID_052_23.774999_92.875004,2023-01-12,23.774999,92.875004,641.0,39.927764892578125,0.2220264673233032,0.2220264673233032,0.0,0.0,0.0065619918061723,0.66,0.47,0,NO_WARNING,LOW,2026-09-07T18:24:59.689167+00:00
AIZ_GRID_052_23.774999_92.875004,2023-07-20,23.774999,92.875004,641.0,39.927764892578125,22.77800369262696,22.77800369262696,17.0,0.0,0.3735602011039438,37.36,0.47,0,NO_WARNING,MODERATE,2026-09-07T18:24:59.689167+00:00
AIZ_GRID_052_23.774999_92.875004,2023-09-08,23.774999,92.875004,641.0,39.927764892578125,22.32979965209961,22.32979965209961,2.0,0.0,0.0369230020891938,3.69,0.47,0,NO_WARNING,LOW,2026-09-07T18:24:59.689167+00:00
AIZ_GRID_052_23.774999_92.875004,2023-12-24,23.774999,92.875004,641.0,39.927764892578125,0.3945547342300415,0.3945547342300415,0.0,0.0,0.0153355397778789,1.53,0.47,0,NO_WARNING,LOW,2026-09-07T18:24:59.689167+00:00
AIZ_GRID_052_23.774999_92.875004,2024-03-11,23.774999,92.875004,641.0,39.927764892578125,1.4917374849319458,1.4917374849319458,1.0,0.0,0.0236598155540444,2.37,0.47,0,NO_WARNING,LOW,2026-09-07T18:24:59.689167+00:00
AIZ_GRID_052_23.774999_92.875004,2024-04-26,23.774999,92.875004,641.0,39.927764892578125,7.561672210693359,7.561672210693359,1.0,0.0,0.0425896430546837,4.26,0.47,0,NO_WARNING,LOW,2026-09-07T18:24:59.689167+00:00
AIZ_GRID_052_23.774999_92.875004,2024-06-27,23.774999,92.875004,641.0,39.927764892578125,18.7551212310791,18.7551212310791,11.0,0.0,0.0670195090040637,6.7,0.47,0,NO_WARNING,LOW,2026-09-07T18:24:59.689167+00:00
AIZ_GRID_052_23.774999_92.875004,2024-09-19,23.774999,92.875004,641.0,39.927764892578125,0.0591932721436023,0.0591932721436023,0.0,0.0,0.0049700106404332,0.5,0.47,0,NO_WARNING,LOW,2026-09-07T18:24:59.689167+00:00
AIZ_GRID_052_23.774999_92.875004,2025-02-13,23.774999,92.875004,641.0,39.927764892578125,0.6626406311988831,0.6626406311988831,0.0,0.0,0.0067814046833485,0.68,0.47,0,NO_WARNING,LOW,2026-09-07T18:24:59.689167+00:00
AIZ_GRID_052_23.774999_92.875004,2025-06-20,23.774999,92.875004,641.0,39.927764892578125,1.0726218223571775,1.0726218223571775,8.0,0.0,0.1218410766937529,12.18,0.47,0,NO_WARNING,LOW,2026-09-07T18:24:59.689167+00:00
AIZ_GRID_057_23.824999_92.725004,2020-01-20,23.824999,92.725004,751.0,35.48188781738281,0.6387235522270203,0.6387235522270203,0.0,0.0,0.0129992277992418,1.3,0.47,0,NO_WARNING,LOW,2026-09-07T18:24:59.689167+00:00
AIZ_GRID_057_23.824999_92.725004,2020-12-02,23.824999,92.725004,751.0,35.48188781738281,0.4444926679134369,0.4444926679134369,0.0,0.0,0.0823557628138825,8.24,0.47,0,NO_WARNING,LOW,2026-09-07T18:24:59.689167+00:00
AIZ_GRID_057_23.824999_92.725004,2021-11-27,23.824999,92.725004,751.0,35.48188781738281,0.6111356616020203,0.6111356616020203,0.0,0.0,0.0129992277992418,1.3,0.47,0,NO_WARNING,LOW,2026-09-07T18:24:59.689167+00:00
AIZ_GRID_057_23.824999_92.725004,2022-04-02,23.824999,92.725004,751.0,35.48188781738281,0.3495528399944305,0.3495528399944305,0.0,0.0,0.0430450463341362,4.3,0.47,0,NO_WARNING,LOW,2026-09-07T18:24:59.689167+00:00
AIZ_GRID_057_23.824999_92.725004,2022-06-04,23.824999,92.725004,751.0,35.48188781738281,2.305407285690308,2.305407285690308,6.0,0.0,0.1339552621421941,13.4,0.47,0,NO_WARNING,LOW,2026-09-07T18:24:59.689167+00:00
AIZ_GRID_057_23.824999_92.725004,2022-10-25,23.824999,92.725004,751.0,35.48188781738281,0.0226396359503269,0.0226396359503269,0.0,0.0,0.0733389511072096,7.33,0.47,0,NO_WARNING,LOW,2026-09-07T18:24:59.689167+00:00
AIZ_GRID_057_23.824999_92.725004,2023-06-17,23.824999,92.725004,751.0,35.48188781738281,2.763312339782715,2.763312339782715,5.0,0.0,0.0835255734122419,8.35,0.47,0,NO_WARNING,LOW,2026-09-07T18:24:59.689167+00:00
AIZ_GRID_057_23.824999_92.725004,2023-06-23,23.824999,92.725004,751.0,35.48188781738281,8.055978775024414,8.055978775024414,11.0,0.0,0.3908016644498421,39.08,0.47,0,NO_WARNING,MODERATE,2026-09-07T18:24:59.689167+00:00
AIZ_GRID_057_23.824999_92.725004,2023-06-28,23.824999,92.725004,751.0,35.48188781738281,0.928601861000061,0.928601861000061,0.0,0.0,0.0524993871574714,5.25,0.47,0,NO_WARNING,LOW,2026-09-07T18:24:59.689167+00:00
AIZ_GRID_057_23.824999_92.725004,2023-07-01,23.824999,92.725004,751.0,35.48188781738281,0.0542320311069488,0.0542320311069488,0.0,0.0,0.0575717494462033,5.76,0.47,0,NO_WARNING,LOW,2026-09-07T18:24:59.689167+00:00
AIZ_GRID_057_23.824999_92.725004,2023-09-07,23.824999,92.725004,751.0,35.48188781738281,15.678406715393066,15.678406715393066,2.0,0.0,0.0942756037738177,9.43,0.47,0,NO_WARNING,LOW,2026-09-07T18:24:59.689167+00:00
AIZ_GRID_057_23.824999_92.725004,2023-09-08,23.824999,92.725004,751.0,35.48188781738281,23.027507781982425,23.027507781982425,3.0,0.0,0.1030214231673173,10.3,0.47,0,NO_WARNING,LOW,2026-09-07T18:24:59.689167+00:00
AIZ_GRID_057_23.824999_92.725004,2023-10-01,23.824999,92.725004,751.0,35.48188781738281,28.032569885253903,28.032569885253903,6.0,1.0,0.2633343114248865,26.33,0.47,0,NO_WARNING,MODERATE,2026-09-07T18:24:59.689167+00:00
AIZ_GRID_057_23.824999_92.725004,2023-10-06,23.824999,92.725004,751.0,35.48188781738281,55.36446380615234,55.36446380615234,11.0,1.0,0.2981883029877686,29.82,0.47,0,NO_WARNING,MODERATE,2026-09-07T18:24:59.689167+00:00
AIZ_GRID_057_23.824999_92.725004,2024-09-07,23.824999,92.725004,751.0,35.48188781738281,9.967150688171388,9.967150688171388,3.0,0.0,0.1243195084398722,12.43,0.47,0,NO_WARNING,LOW,2026-09-07T18:24:59.689167+00:00
AIZ_GRID_057_23.824999_92.725004,2025-02-14,23.824999,92.725004,751.0,35.48188781738281,0.5010218024253845,0.5010218024253845,0.0,0.0,0.0194358038829021,1.94,0.47,0,NO_WARNING,LOW,2026-09-07T18:24:59.689167+00:00
AIZ_GRID_057_23.824999_92.725004,2025-04-20,23.824999,92.725004,751.0,35.48188781738281,0.1116794869303703,0.1116794869303703,0.0,0.0,0.0472230273231685,4.72,0.47,0,NO_WARNING,LOW,2026-09-07T18:24:59.689167+00:00
AIZ_GRID_057_23.828321_92.73701,2021-07-20,23.828321,92.73701,1270.0,39.01408386230469,1.5783028602600098,1.5783028602600098,5.0,0.0,0.8859843013038675,88.6,0.47,1,WARNING,CRITICAL,2026-09-07T18:24:59.689167+00:00
AIZ_GRID_057_23.829501_92.736459,2021-07-20,23.829501,92.736459,1291.0,33.342323303222656,1.5783028602600098,1.5783028602600098,5.0,0.0,0.8716536432725425,87.17,0.47,1,WARNING,CRITICAL,2026-09-07T18:24:59.689167+00:00
AIZ_GRID_059_23.807506_92.834172,2024-05-28,23.807506,92.834172,530.0,24.405174255371097,66.27948760986328,66.27948760986328,11.0,3.0,0.947122100408637,94.71,0.47,1,WARNING,CRITICAL,2026-09-07T18:24:59.689167+00:00
AIZ_GRID_059_23.807952_92.834037,2025-06-01,23.807952,92.834037,511.0,21.821081161499023,97.77747344970705,97.77747344970705,19.0,6.0,0.7910468919323598,79.1,0.47,1,WARNING,CRITICAL,2026-09-07T18:24:59.689167+00:00
AIZ_GRID_059_23.824999_92.825004,2020-02-05,23.824999,92.825004,431.0,20.12483024597168,0.5056070685386658,0.5056070685386658,0.0,0.0,0.0062003072898978,0.62,0.47,0,NO_WARNING,LOW,2026-09-07T18:24:59.689167+00:00
AIZ_GRID_059_23.824999_92.825004,2020-04-22,23.824999,92.825004,431.0,20.12483024597168,7.080223560333252,7.080223560333252,2.0,0.0,0.0185216929204639,1.85,0.47,0,NO_WARNING,LOW,2026-09-07T18:24:59.689167+00:00
AIZ_GRID_059_23.824999_92.825004,2020-07-03,23.824999,92.825004,431.0,20.12483024597168,9.37649631500244,9.37649631500244,3.0,0.0,0.0155637237021309,1.56,0.47,0,NO_WARNING,LOW,2026-09-07T18:24:59.689167+00:00
AIZ_GRID_059_23.824999_92.825004,2020-08-15,23.824999,92.825004,431.0,20.12483024597168,0.451685756444931,0.451685756444931,0.0,0.0,0.0103264353378778,1.03,0.47,0,NO_WARNING,LOW,2026-09-07T18:24:59.689167+00:00
AIZ_GRID_059_23.824999_92.825004,2020-10-02,23.824999,92.825004,431.0,20.12483024597168,24.621660232543945,24.621660232543945,5.0,0.0,0.0730313037511345,7.3,0.47,0,NO_WARNING,LOW,2026-09-07T18:24:59.689167+00:00
AIZ_GRID_059_23.824999_92.825004,2020-11-15,23.824999,92.825004,431.0,20.12483024597168,0.6766802668571472,0.6766802668571472,0.0,0.0,0.0075347960247332,0.75,0.47,0,NO_WARNING,LOW,2026-09-07T18:24:59.689167+00:00
AIZ_GRID_059_23.824999_92.825004,2021-03-15,23.824999,92.825004,431.0,20.12483024597168,1.0900866985321045,1.0900866985321045,5.0,0.0,0.0138144916756226,1.38,0.47,0,NO_WARNING,LOW,2026-09-07T18:24:59.689167+00:00
AIZ_GRID_059_23.824999_92.825004,2021-05-18,23.824999,92.825004,431.0,20.12483024597168,7.95857572555542,7.95857572555542,1.0,0.0,0.072660971898858,7.27,0.47,0,NO_WARNING,LOW,2026-09-07T18:24:59.689167+00:00
AIZ_GRID_059_23.824999_92.825004,2021-07-19,23.824999,92.825004,431.0,20.12483024597168,12.853147506713867,12.853147506713867,2.0,0.0,0.050458987680752,5.05,0.47,0,NO_WARNING,LOW,2026-09-07T18:24:59.689167+00:00
AIZ_GRID_059_23.824999_92.825004,2021-08-20,23.824999,92.825004,431.0,20.12483024597168,11.74653148651123,11.74653148651123,2.0,0.0,0.0188650308884699,1.89,0.47,0,NO_WARNING,LOW,2026-09-07T18:24:59.689167+00:00
AIZ_GRID_059_23.824999_92.825004,2021-10-03,23.824999,92.825004,431.0,20.12483024597168,10.513998985290527,10.513998985290527,1.0,0.0,0.0242184879232299,2.42,0.47,0,NO_WARNING,LOW,2026-09-07T18:24:59.689167+00:00
AIZ_GRID_059_23.824999_92.825004,2022-09-20,23.824999,92.825004,431.0,20.12483024597168,0.2078141719102859,0.2078141719102859,0.0,0.0,0.0713807090577318,7.14,0.47,0,NO_WARNING,LOW,2026-09-07T18:24:59.689167+00:00
AIZ_GRID_059_23.824999_92.825004,2022-10-03,23.824999,92.825004,431.0,20.12483024597168,12.42104434967041,12.42104434967041,4.0,0.0,0.0290778742815873,2.91,0.47,0,NO_WARNING,LOW,2026-09-07T18:24:59.689167+00:00
AIZ_GRID_059_23.824999_92.825004,2023-02-09,23.824999,92.825004,431.0,20.12483024597168,0.38776895403862,0.38776895403862,0.0,0.0,0.0093837394287274,0.94,0.47,0,NO_WARNING,LOW,2026-09-07T18:24:59.689167+00:00
AIZ_GRID_059_23.824999_92.825004,2023-07-12,23.824999,92.825004,431.0,20.12483024597168,13.382926940917969,13.382926940917969,3.0,0.0,0.0375692087416751,3.76,0.47,0,NO_WARNING,LOW,2026-09-07T18:24:59.689167+00:00
AIZ_GRID_059_23.824999_92.825004,2023-12-26,23.824999,92.825004,431.0,20.12483024597168,0.3412421941757202,0.3412421941757202,0.0,0.0,0.0045317795555056,0.45,0.47,0,NO_WARNING,LOW,2026-09-07T18:24:59.689167+00:00
AIZ_GRID_059_23.824999_92.825004,2024-06-10,23.824999,92.825004,431.0,20.12483024597168,4.860039710998535,4.860039710998535,5.0,0.0,0.0091185687999746,0.91,0.47,0,NO_WARNING,LOW,2026-09-07T18:24:59.689167+00:00
AIZ_GRID_059_23.824999_92.825004,2024-07-14,23.824999,92.825004,431.0,20.12483024597168,5.960444450378418,5.960444450378418,2.0,0.0,0.0161859037955115,1.62,0.47,0,NO_WARNING,LOW,2026-09-07T18:24:59.689167+00:00
AIZ_GRID_059_23.824999_92.825004,2024-07-17,23.824999,92.825004,431.0,20.12483024597168,8.452728271484375,8.452728271484375,1.0,0.0,0.242667522731551,24.27,0.47,0,NO_WARNING,LOW,2026-09-07T18:24:59.689167+00:00
AIZ_GRID_059_23.824999_92.825004,2024-08-30,23.824999,92.825004,431.0,20.12483024597168,11.136720657348633,11.136720657348633,18.0,0.0,0.2370173784825729,23.7,0.47,0,NO_WARNING,LOW,2026-09-07T18:24:59.689167+00:00
AIZ_GRID_059_23.824999_92.825004,2025-02-02,23.824999,92.825004,431.0,20.12483024597168,0.4389199912548065,0.4389199912548065,0.0,0.0,0.0093251349477607,0.93,0.47,0,NO_WARNING,LOW,2026-09-07T18:24:59.689167+00:00
AIZ_GRID_059_23.826389_92.8325,2024-05-28,23.826389,92.8325,402.0,45.55062484741211,66.27948760986328,66.27948760986328,11.0,3.0,0.9539684493035994,95.4,0.47,1,WARNING,CRITICAL,2026-09-07T18:24:59.689167+00:00
AIZ_GRID_059_23.832778_92.8325,2024-07-02,23.832778,92.8325,380.0,26.08116340637207,25.239282608032227,25.239282608032227,16.0,3.0,0.9213398141105942,92.13,0.47,1,WARNING,CRITICAL,2026-09-07T18:24:59.689167+00:00
AIZ_GRID_059_23.838889_92.831944,2024-07-02,23.838889,92.831944,260.0,28.50118064880371,25.239282608032227,25.239282608032227,16.0,3.0,0.9387820390884208,93.88,0.47,1,WARNING,CRITICAL,2026-09-07T18:24:59.689167+00:00
AIZ_GRID_059_23.847778_92.836944,2024-05-28,23.847778,92.836944,378.0,26.23935508728028,66.27948760986328,66.27948760986328,11.0,3.0,0.9326531603031236,93.27,0.47,1,WARNING,CRITICAL,2026-09-07T18:24:59.689167+00:00
AIZ_GRID_069_23.851944_92.833056,2024-09-25,23.851944,92.833056,181.0,17.845069885253906,33.27486038208008,33.27486038208008,2.0,1.0,0.5775378918424461,57.75,0.47,1,WARNING,HIGH,2026-09-07T18:24:59.689167+00:00
AIZ_GRID_069_23.862222_92.836667,2024-07-02,23.862222,92.836667,249.0,11.025328636169434,25.87597846984864,25.87597846984864,18.0,3.0,0.8595237784918279,85.95,0.47,1,WARNING,CRITICAL,2026-09-07T18:24:59.689167+00:00
AIZ_GRID_069_23.874999_92.825004,2020-03-04,23.874999,92.825004,497.0,39.14694595336914,0.6257715225219727,0.6257715225219727,0.0,0.0,0.0029935415426662,0.3,0.47,0,NO_WARNING,LOW,2026-09-07T18:24:59.689167+00:00
AIZ_GRID_069_23.874999_92.825004,2020-05-01,23.874999,92.825004,497.0,39.14694595336914,0.0045851212926208,0.0045851212926208,0.0,0.0,0.1231619527926531,12.32,0.47,0,NO_WARNING,LOW,2026-09-07T18:24:59.689167+00:00
AIZ_GRID_069_23.874999_92.825004,2020-07-06,23.874999,92.825004,497.0,39.14694595336914,0.6530658006668091,0.6530658006668091,0.0,0.0,0.0029935415426662,0.3,0.47,0,NO_WARNING,LOW,2026-09-07T18:24:59.689167+00:00
AIZ_GRID_069_23.874999_92.825004,2020-07-29,23.874999,92.825004,497.0,39.14694595336914,1.2509745359420776,1.2509745359420776,4.0,0.0,0.0105850947734647,1.06,0.47,0,NO_WARNING,LOW,2026-09-07T18:24:59.689167+00:00
AIZ_GRID_069_23.874999_92.825004,2020-11-14,23.874999,92.825004,497.0,39.14694595336914,0.9338614344596864,0.9338614344596864,0.0,0.0,0.0125934746980188,1.26,0.47,0,NO_WARNING,LOW,2026-09-07T18:24:59.689167+00:00
AIZ_GRID_069_23.874999_92.825004,2021-04-23,23.874999,92.825004,497.0,39.14694595336914,1.2057923078536987,1.2057923078536987,3.0,0.0,0.0085850947734647,0.86,0.47,0,NO_WARNING,LOW,2026-09-07T18:24:59.689167+00:00
AIZ_GRID_069_23.874999_92.825004,2021-08-15,23.874999,92.825004,497.0,39.14694595336914,7.799312591552734,7.799312591552734,5.0,0.0,0.0170017258107059,1.7,0.47,0,NO_WARNING,LOW,2026-09-07T18:24:59.689167+00:00
AIZ_GRID_069_23.874999_92.825004,2021-09-13,23.874999,92.825004,497.0,39.14694595336914,1.6889750957489014,1.6889750957489014,1.0,0.0,0.0184269194968116,1.84,0.47,0,NO_WARNING,LOW,2026-09-07T18:24:59.689167+00:00
AIZ_GRID_069_23.874999_92.825004,2021-10-12,23.874999,92.825004,497.0,39.14694595336914,0.0285487659275531,0.0285487659275531,0.0,0.0,0.0456362740223007,4.56,0.47,0,NO_WARNING,LOW,2026-09-07T18:24:59.689167+00:00
AIZ_GRID_069_23.874999_92.825004,2022-03-15,23.874999,92.825004,497.0,39.14694595336914,2.598241090774536,2.598241090774536,19.0,0.0,0.0685791885605347,6.86,0.47,0,NO_WARNING,LOW,2026-09-07T18:24:59.689167+00:00
AIZ_GRID_069_23.874999_92.825004,2022-04-10,23.874999,92.825004,497.0,39.14694595336914,4.10603666305542,4.10603666305542,1.0,0.0,0.0132850755808953,1.33,0.47,0,NO_WARNING,LOW,2026-09-07T18:24:59.689167+00:00
AIZ_GRID_069_23.874999_92.825004,2022-06-22,23.874999,92.825004,497.0,39.14694595336914,42.48160171508789,42.48160171508789,2.0,1.0,0.1165244252513848,11.65,0.47,0,NO_WARNING,LOW,2026-09-07T18:24:59.689167+00:00
AIZ_GRID_069_23.874999_92.825004,2022-07-24,23.874999,92.825004,497.0,39.14694595336914,7.289830207824707,7.289830207824707,5.0,0.0,0.0193985824047874,1.94,0.47,0,NO_WARNING,LOW,2026-09-07T18:24:59.689167+00:00
AIZ_GRID_069_23.874999_92.825004,2022-08-03,23.874999,92.825004,497.0,39.14694595336914,2.0680959224700928,2.0680959224700928,2.0,0.0,0.0106403974449184,1.06,0.47,0,NO_WARNING,LOW,2026-09-07T18:24:59.689167+00:00
AIZ_GRID_069_23.874999_92.825004,2022-09-05,23.874999,92.825004,497.0,39.14694595336914,8.54751205444336,8.54751205444336,1.0,0.0,0.0297937382430114,2.98,0.47,0,NO_WARNING,LOW,2026-09-07T18:24:59.689167+00:00
AIZ_GRID_069_23.874999_92.825004,2023-02-15,23.874999,92.825004,497.0,39.14694595336914,0.3598152697086334,0.3598152697086334,0.0,0.0,0.0298119679262384,2.98,0.47,0,NO_WARNING,LOW,2026-09-07T18:24:59.689167+00:00
AIZ_GRID_069_23.874999_92.825004,2023-06-13,23.874999,92.825004,497.0,39.14694595336914,5.876933097839356,5.876933097839356,2.0,0.0,0.0020383836988832,0.2,0.47,0,NO_WARNING,LOW,2026-09-07T18:24:59.689167+00:00
AIZ_GRID_069_23.874999_92.825004,2023-07-06,23.874999,92.825004,497.0,39.14694595336914,15.57435703277588,15.57435703277588,3.0,0.0,0.0123440938563012,1.23,0.47,0,NO_WARNING,LOW,2026-09-07T18:24:59.689167+00:00
AIZ_GRID_069_23.874999_92.825004,2023-07-11,23.874999,92.825004,497.0,39.14694595336914,3.227392673492432,3.227392673492432,2.0,0.0,0.0144540162944656,1.45,0.47,0,NO_WARNING,LOW,2026-09-07T18:24:59.689167+00:00
AIZ_GRID_069_23.874999_92.825004,2023-10-25,23.874999,92.825004,497.0,39.14694595336914,0.0867132395505905,0.0867132395505905,0.0,0.0,0.0378569521712609,3.79,0.47,0,NO_WARNING,LOW,2026-09-07T18:24:59.689167+00:00
AIZ_GRID_069_23.874999_92.825004,2023-12-11,23.874999,92.825004,497.0,39.14694595336914,0.4874736964702606,0.4874736964702606,0.0,0.0,0.0212741576550569,2.13,0.47,0,NO_WARNING,LOW,2026-09-07T18:24:59.689167+00:00
AIZ_GRID_069_23.874999_92.825004,2024-01-18,23.874999,92.825004,497.0,39.14694595336914,0.4901076853275299,0.4901076853275299,0.0,0.0,0.0159362027157155,1.59,0.47,0,NO_WARNING,LOW,2026-09-07T18:24:59.689167+00:00
AIZ_GRID_069_23.874999_92.825004,2024-03-11,23.874999,92.825004,497.0,39.14694595336914,1.284832239151001,1.284832239151001,1.0,0.0,0.0018366662103262,0.18,0.47,0,NO_WARNING,LOW,2026-09-07T18:24:59.689167+00:00
AIZ_GRID_069_23.874999_92.825004,2024-03-13,23.874999,92.825004,497.0,39.14694595336914,1.284832239151001,1.284832239151001,3.0,0.0,0.0085850947734647,0.86,0.47,0,NO_WARNING,LOW,2026-09-07T18:24:59.689167+00:00
AIZ_GRID_069_23.874999_92.825004,2024-08-16,23.874999,92.825004,497.0,39.14694595336914,43.100528717041016,43.100528717041016,19.0,2.0,0.2374417240189978,23.74,0.47,0,NO_WARNING,LOW,2026-09-07T18:24:59.689167+00:00
AIZ_GRID_069_23.874999_92.825004,2024-10-24,23.874999,92.825004,497.0,39.14694595336914,4.792654514312744,4.792654514312744,3.0,0.0,0.0047167659072177,0.47,0.47,0,NO_WARNING,LOW,2026-09-07T18:24:59.689167+00:00
AIZ_GRID_069_23.874999_92.825004,2024-12-04,23.874999,92.825004,497.0,39.14694595336914,0.3982637226581573,0.3982637226581573,0.0,0.0,0.0364687384779832,3.65,0.47,0,NO_WARNING,LOW,2026-09-07T18:24:59.689167+00:00
AIZ_GRID_069_23.874999_92.825004,2025-01-08,23.874999,92.825004,497.0,39.14694595336914,0.2700034976005554,0.2700034976005554,0.0,0.0,0.0199241818477658,1.99,0.47,0,NO_WARNING,LOW,2026-09-07T18:24:59.689167+00:00
AIZ_GRID_069_23.874999_92.825004,2025-04-10,23.874999,92.825004,497.0,39.14694595336914,5.040532112121582,5.040532112121582,1.0,0.0,0.0068883887992462,0.69,0.47,0,NO_WARNING,LOW,2026-09-07T18:24:59.689167+00:00
AIZ_GRID_069_23.876944_92.84,2024-07-02,23.876944,92.84,370.0,28.167573928833008,25.87597846984864,25.87597846984864,18.0,3.0,0.8943363399934098,89.43,0.47,1,WARNING,CRITICAL,2026-09-07T18:24:59.689167+00:00
AIZ_GRID_069_23.877778_92.840833,2024-09-25,23.877778,92.840833,361.0,34.81061172485352,33.27486038208008,33.27486038208008,2.0,1.0,0.5978845866151355,59.79,0.47,1,WARNING,HIGH,2026-09-07T18:24:59.689167+00:00
AIZ_GRID_069_23.891389_92.848889,2024-07-02,23.891389,92.848889,576.0,22.02956199645996,25.87597846984864,25.87597846984864,18.0,3.0,0.8769384658904246,87.69,0.47,1,WARNING,CRITICAL,2026-09-07T18:24:59.689167+00:00
AIZ_GRID_069_23.893056_92.847222,2024-09-28,23.893056,92.847222,575.0,13.931629180908203,0.3801825046539306,0.3801825046539306,0.0,0.0,0.4218802100747472,42.19,0.47,0,NO_WARNING,MODERATE,2026-09-07T18:24:59.689167+00:00
AIZ_GRID_070_23.866389_92.881389,2022-10-02,23.866389,92.881389,944.0,30.37324523925781,40.28863906860352,40.28863906860352,3.0,1.0,0.8822777811792696,88.23,0.47,1,WARNING,CRITICAL,2026-09-07T18:24:59.689167+00:00
AIZ_GRID_070_23.869722_92.876111,2024-05-28,23.869722,92.876111,977.0,17.17852783203125,72.76567077636719,72.76567077636719,8.0,3.0,0.853837760582026,85.38,0.47,1,WARNING,CRITICAL,2026-09-07T18:24:59.689167+00:00
AIZ_GRID_070_23.874999_92.875004,2020-01-10,23.874999,92.875004,937.0,7.558364391326904,0.0131329344585537,0.0131329344585537,0.0,0.0,0.1717109774011367,17.17,0.47,0,NO_WARNING,LOW,2026-09-07T18:24:59.689167+00:00
AIZ_GRID_070_23.874999_92.875004,2020-08-20,23.874999,92.875004,937.0,7.558364391326904,25.281869888305664,25.281869888305664,3.0,2.0,0.1250477885227568,12.5,0.47,0,NO_WARNING,LOW,2026-09-07T18:24:59.689167+00:00
AIZ_GRID_070_23.874999_92.875004,2021-06-02,23.874999,92.875004,937.0,7.558364391326904,0.3481495082378387,0.3481495082378387,0.0,0.0,0.0024961723784412,0.25,0.47,0,NO_WARNING,LOW,2026-09-07T18:24:59.689167+00:00
AIZ_GRID_070_23.874999_92.875004,2021-07-23,23.874999,92.875004,937.0,7.558364391326904,22.734508514404297,22.734508514404297,8.0,0.0,0.0440411615077983,4.4,0.47,0,NO_WARNING,LOW,2026-09-07T18:24:59.689167+00:00
AIZ_GRID_070_23.874999_92.875004,2021-08-03,23.874999,92.875004,937.0,7.558364391326904,3.146010160446167,3.146010160446167,3.0,0.0,0.0145747064084752,1.46,0.47,0,NO_WARNING,LOW,2026-09-07T18:24:59.689167+00:00
AIZ_GRID_070_23.874999_92.875004,2021-08-19,23.874999,92.875004,937.0,7.558364391326904,19.847511291503903,19.847511291503903,9.0,0.0,0.0453977951053177,4.54,0.47,0,NO_WARNING,LOW,2026-09-07T18:24:59.689167+00:00
AIZ_GRID_070_23.874999_92.875004,2021-10-20,23.874999,92.875004,937.0,7.558364391326904,11.322498321533203,11.322498321533203,5.0,0.0,0.0422943900606372,4.23,0.47,0,NO_WARNING,LOW,2026-09-07T18:24:59.689167+00:00
AIZ_GRID_070_23.874999_92.875004,2021-10-30,23.874999,92.875004,937.0,7.558364391326904,0.2607594132423401,0.2607594132423401,0.0,0.0,0.0001603832534888,0.02,0.47,0,NO_WARNING,LOW,2026-09-07T18:24:59.689167+00:00
AIZ_GRID_070_23.874999_92.875004,2021-11-14,23.874999,92.875004,937.0,7.558364391326904,0.6587703824043274,0.6587703824043274,0.0,0.0,0.0001603832534888,0.02,0.47,0,NO_WARNING,LOW,2026-09-07T18:24:59.689167+00:00
AIZ_GRID_070_23.874999_92.875004,2022-03-15,23.874999,92.875004,937.0,7.558364391326904,2.5438120365142822,2.5438120365142822,24.0,0.0,0.1162674736322743,11.63,0.47,0,NO_WARNING,LOW,2026-09-07T18:24:59.689167+00:00
AIZ_GRID_070_23.874999_92.875004,2023-01-28,23.874999,92.875004,937.0,7.558364391326904,0.2646367847919464,0.2646367847919464,0.0,0.0,0.0001603832534888,0.02,0.47,0,NO_WARNING,LOW,2026-09-07T18:24:59.689167+00:00
AIZ_GRID_070_23.874999_92.875004,2023-03-04,23.874999,92.875004,937.0,7.558364391326904,0.9061466455459596,0.9061466455459596,0.0,0.0,0.0379845891932141,3.8,0.47,0,NO_WARNING,LOW,2026-09-07T18:24:59.689167+00:00
AIZ_GRID_070_23.874999_92.875004,2023-03-30,23.874999,92.875004,937.0,7.558364391326904,0.9130293726921082,0.9130293726921082,0.0,0.0,0.0198098515573469,1.98,0.47,0,NO_WARNING,LOW,2026-09-07T18:24:59.689167+00:00
AIZ_GRID_070_23.874999_92.875004,2023-04-23,23.874999,92.875004,937.0,7.558364391326904,17.20013999938965,17.20013999938965,4.0,0.0,0.051264811936375,5.13,0.47,0,NO_WARNING,LOW,2026-09-07T18:24:59.689167+00:00
AIZ_GRID_070_23.874999_92.875004,2023-06-10,23.874999,92.875004,937.0,7.558364391326904,19.837560653686523,19.837560653686523,7.0,0.0,0.0191074773008291,1.91,0.47,0,NO_WARNING,LOW,2026-09-07T18:24:59.689167+00:00
AIZ_GRID_070_23.874999_92.875004,2023-07-21,23.874999,92.875004,937.0,7.558364391326904,15.829607009887695,15.829607009887695,14.0,0.0,0.2440058161136333,24.4,0.47,0,NO_WARNING,LOW,2026-09-07T18:24:59.689167+00:00
AIZ_GRID_070_23.874999_92.875004,2023-08-03,23.874999,92.875004,937.0,7.558364391326904,0.4048296213150024,0.4048296213150024,0.0,0.0,0.054053911330285,5.41,0.47,0,NO_WARNING,LOW,2026-09-07T18:24:59.689167+00:00
AIZ_GRID_070_23.874999_92.875004,2023-09-07,23.874999,92.875004,937.0,7.558364391326904,8.337037086486816,8.337037086486816,1.0,0.0,0.0793065321849186,7.93,0.47,0,NO_WARNING,LOW,2026-09-07T18:24:59.689167+00:00
AIZ_GRID_070_23.874999_92.875004,2023-09-30,23.874999,92.875004,937.0,7.558364391326904,13.17381477355957,13.17381477355957,5.0,0.0,0.0974220226804512,9.74,0.47,0,NO_WARNING,LOW,2026-09-07T18:24:59.689167+00:00
AIZ_GRID_070_23.874999_92.875004,2023-11-10,23.874999,92.875004,937.0,7.558364391326904,0.3431621491909027,0.3431621491909027,0.0,0.0,0.0001603832534888,0.02,0.47,0,NO_WARNING,LOW,2026-09-07T18:24:59.689167+00:00
AIZ_GRID_070_23.874999_92.875004,2024-01-31,23.874999,92.875004,937.0,7.558364391326904,0.8295467495918274,0.8295467495918274,0.0,0.0,0.0165061083921921,1.65,0.47,0,NO_WARNING,LOW,2026-09-07T18:24:59.689167+00:00
AIZ_GRID_070_23.874999_92.875004,2024-09-02,23.874999,92.875004,937.0,7.558364391326904,10.72082233428955,10.72082233428955,36.0,0.0,0.1662336512304196,16.62,0.47,0,NO_WARNING,LOW,2026-09-07T18:24:59.689167+00:00
AIZ_GRID_070_23.874999_92.875004,2024-09-15,23.874999,92.875004,937.0,7.558364391326904,22.12007713317871,22.12007713317871,4.0,0.0,0.0660115257203554,6.6,0.47,0,NO_WARNING,LOW,2026-09-07T18:24:59.689167+00:00
AIZ_GRID_070_23.874999_92.875004,2024-09-21,23.874999,92.875004,937.0,7.558364391326904,15.00812816619873,15.00812816619873,1.0,0.0,0.0048061612845925,0.48,0.47,0,NO_WARNING,LOW,2026-09-07T18:24:59.689167+00:00
AIZ_GRID_070_23.874999_92.875004,2025-02-18,23.874999,92.875004,937.0,7.558364391326904,0.7323301434516907,0.7323301434516907,0.0,0.0,0.0001603832534888,0.02,0.47,0,NO_WARNING,LOW,2026-09-07T18:24:59.689167+00:00
AIZ_GRID_070_23.874999_92.875004,2025-05-04,23.874999,92.875004,937.0,7.558364391326904,0.097262442111969,0.097262442111969,0.0,0.0,0.0052411347370737,0.52,0.47,0,NO_WARNING,LOW,2026-09-07T18:24:59.689167+00:00
AIZ_GRID_070_23.874999_92.875004,2025-06-20,23.874999,92.875004,937.0,7.558364391326904,1.592922925949097,1.592922925949097,7.0,0.0,0.0535692017755001,5.36,0.47,0,NO_WARNING,LOW,2026-09-07T18:24:59.689167+00:00
AIZ_GRID_070_23.883611_92.853056,2024-08-17,23.883611,92.853056,664.0,29.85790061950684,52.225868225097656,52.225868225097656,20.0,3.0,0.8240330732238067,82.4,0.47,1,WARNING,CRITICAL,2026-09-07T18:24:59.689167+00:00
AIZ_GRID_070_23.885278_92.8575,2024-09-25,23.885278,92.8575,716.0,34.47832107543945,35.00104141235352,35.00104141235352,2.0,1.0,0.5596593105662958,55.97,0.47,1,WARNING,HIGH,2026-09-07T18:24:59.689167+00:00
AIZ_GRID_070_23.885833_92.850556,2024-09-28,23.885833,92.850556,525.0,31.59108543395996,0.4619968235492706,0.4619968235492706,0.0,0.0,0.6161003870351585,61.61,0.47,1,WARNING,HIGH,2026-09-07T18:24:59.689167+00:00
AIZ_GRID_070_23.892778_92.850833,2024-09-28,23.892778,92.850833,587.0,34.74893569946289,0.4619968235492706,0.4619968235492706,0.0,0.0,0.5918112743790477,59.18,0.47,1,WARNING,HIGH,2026-09-07T18:24:59.689167+00:00
AIZ_GRID_111_24.174999_92.925004,2020-05-20,24.174999,92.925004,391.0,18.949432373046875,9.787097930908203,9.787097930908203,2.0,0.0,0.0379474918253325,3.79,0.47,0,NO_WARNING,LOW,2026-09-07T18:24:59.689167+00:00
AIZ_GRID_111_24.174999_92.925004,2020-06-27,24.174999,92.925004,391.0,18.949432373046875,8.998516082763672,8.998516082763672,4.0,0.0,0.0447523864748836,4.48,0.47,0,NO_WARNING,LOW,2026-09-07T18:24:59.689167+00:00
AIZ_GRID_111_24.174999_92.925004,2020-08-12,24.174999,92.925004,391.0,18.949432373046875,2.9996776580810547,2.9996776580810547,12.0,0.0,0.0635567024675888,6.36,0.47,0,NO_WARNING,LOW,2026-09-07T18:24:59.689167+00:00
AIZ_GRID_111_24.174999_92.925004,2020-09-04,24.174999,92.925004,391.0,18.949432373046875,0.2206792384386062,0.2206792384386062,0.0,0.0,0.0008901734104046,0.09,0.47,0,NO_WARNING,LOW,2026-09-07T18:24:59.689167+00:00
AIZ_GRID_111_24.174999_92.925004,2021-10-31,24.174999,92.925004,391.0,18.949432373046875,0.5228103995323181,0.5228103995323181,0.0,0.0,0.0034939711990648,0.35,0.47,0,NO_WARNING,LOW,2026-09-07T18:24:59.689167+00:00
AIZ_GRID_111_24.174999_92.925004,2022-06-23,24.174999,92.925004,391.0,18.949432373046875,13.766654014587402,13.766654014587402,11.0,0.0,0.138954309180758,13.9,0.47,0,NO_WARNING,LOW,2026-09-07T18:24:59.689167+00:00
AIZ_GRID_111_24.174999_92.925004,2022-08-03,24.174999,92.925004,391.0,18.949432373046875,1.9197427034378047,1.9197427034378047,2.0,0.0,0.0076306436156942,0.76,0.47,0,NO_WARNING,LOW,2026-09-07T18:24:59.689167+00:00
AIZ_GRID_111_24.174999_92.925004,2022-09-26,24.174999,92.925004,391.0,18.949432373046875,15.489641189575195,15.489641189575195,8.0,0.0,0.0496407898477898,4.96,0.47,0,NO_WARNING,LOW,2026-09-07T18:24:59.689167+00:00
AIZ_GRID_111_24.174999_92.925004,2023-01-15,24.174999,92.925004,391.0,18.949432373046875,0.2208970338106155,0.2208970338106155,0.0,0.0,0.0008901734104046,0.09,0.47,0,NO_WARNING,LOW,2026-09-07T18:24:59.689167+00:00
AIZ_GRID_111_24.174999_92.925004,2023-08-21,24.174999,92.925004,391.0,18.949432373046875,41.028900146484375,41.028900146484375,4.0,1.0,0.0561055285253665,5.61,0.47,0,NO_WARNING,LOW,2026-09-07T18:24:59.689167+00:00
AIZ_GRID_111_24.174999_92.925004,2024-11-01,24.174999,92.925004,391.0,18.949432373046875,0.2371650785207748,0.2371650785207748,0.0,0.0,0.0018914738005216,0.19,0.47,0,NO_WARNING,LOW,2026-09-07T18:24:59.689167+00:00
AIZ_GRID_111_24.174999_92.925004,2025-01-02,24.174999,92.925004,391.0,18.949432373046875,0.1443252116441726,0.1443252116441726,0.0,0.0,0.0045604512701923,0.46,0.47,0,NO_WARNING,LOW,2026-09-07T18:24:59.689167+00:00
AIZ_GRID_111_24.174999_92.925004,2025-06-04,24.174999,92.925004,391.0,18.949432373046875,4.413885593414307,4.413885593414307,20.0,0.0,0.0958547500205798,9.59,0.47,0,NO_WARNING,LOW,2026-09-07T18:24:59.689167+00:00
AIZ_GRID_111_24.182528_92.949917,2023-08-22,24.182528,92.949917,450.0,17.289247512817383,17.746906280517578,17.746906280517578,5.0,0.0,0.4554537118025811,45.55,0.47,0,NO_WARNING,MODERATE,2026-09-07T18:24:59.689167+00:00
AIZ_GRID_116_24.274999_92.925004,2020-05-25,24.274999,92.925004,435.0,17.16617202758789,4.9360175132751465,4.9360175132751465,7.0,0.0,0.0497260967074165,4.97,0.47,0,NO_WARNING,LOW,2026-09-07T18:24:59.689167+00:00
AIZ_GRID_116_24.274999_92.925004,2020-07-12,24.274999,92.925004,435.0,17.16617202758789,2.586796760559082,2.586796760559082,2.0,0.0,0.002748869146074,0.27,0.47,0,NO_WARNING,LOW,2026-09-07T18:24:59.689167+00:00
AIZ_GRID_116_24.274999_92.925004,2020-09-14,24.274999,92.925004,435.0,17.16617202758789,16.327219009399414,16.327219009399414,7.0,0.0,0.1335780594716848,13.36,0.47,0,NO_WARNING,LOW,2026-09-07T18:24:59.689167+00:00
AIZ_GRID_116_24.274999_92.925004,2021-05-20,24.274999,92.925004,435.0,17.16617202758789,18.309959411621097,18.309959411621097,4.0,0.0,0.113054216861758,11.31,0.47,0,NO_WARNING,LOW,2026-09-07T18:24:59.689167+00:00
AIZ_GRID_116_24.274999_92.925004,2022-03-01,24.274999,92.925004,435.0,17.16617202758789,1.5304518938064575,1.5304518938064575,4.0,0.0,0.0078657915255334,0.79,0.47,0,NO_WARNING,LOW,2026-09-07T18:24:59.689167+00:00
AIZ_GRID_116_24.274999_92.925004,2022-05-17,24.274999,92.925004,435.0,17.16617202758789,40.83788299560547,40.83788299560547,2.0,1.0,0.0369704857777378,3.7,0.47,0,NO_WARNING,LOW,2026-09-07T18:24:59.689167+00:00
AIZ_GRID_116_24.274999_92.925004,2022-05-29,24.274999,92.925004,435.0,17.16617202758789,5.079664707183838,5.079664707183838,1.0,0.0,0.0127012286664257,1.27,0.47,0,NO_WARNING,LOW,2026-09-07T18:24:59.689167+00:00
AIZ_GRID_116_24.274999_92.925004,2022-05-31,24.274999,92.925004,435.0,17.16617202758789,12.64674186706543,12.64674186706543,1.0,0.0,0.0746362331695404,7.46,0.47,0,NO_WARNING,LOW,2026-09-07T18:24:59.689167+00:00
AIZ_GRID_116_24.274999_92.925004,2022-10-23,24.274999,92.925004,435.0,17.16617202758789,42.66670608520508,42.66670608520508,1.0,1.0,0.0182130783289243,1.82,0.47,0,NO_WARNING,LOW,2026-09-07T18:24:59.689167+00:00
AIZ_GRID_116_24.274999_92.925004,2022-11-02,24.274999,92.925004,435.0,17.16617202758789,0.5166016221046448,0.5166016221046448,0.0,0.0,0.0052970351371581,0.53,0.47,0,NO_WARNING,LOW,2026-09-07T18:24:59.689167+00:00
AIZ_GRID_116_24.274999_92.925004,2023-01-29,24.274999,92.925004,435.0,17.16617202758789,0.2573084235191345,0.2573084235191345,0.0,0.0,0.0183096262180369,1.83,0.47,0,NO_WARNING,LOW,2026-09-07T18:24:59.689167+00:00
AIZ_GRID_116_24.274999_92.925004,2023-05-01,24.274999,92.925004,435.0,17.16617202758789,1.914772629737854,1.914772629737854,3.0,0.0,0.0042834095717548,0.43,0.47,0,NO_WARNING,LOW,2026-09-07T18:24:59.689167+00:00
AIZ_GRID_116_24.274999_92.925004,2023-05-25,24.274999,92.925004,435.0,17.16617202758789,15.57095432281494,15.57095432281494,1.0,0.0,0.0248699939254338,2.49,0.47,0,NO_WARNING,LOW,2026-09-07T18:24:59.689167+00:00
AIZ_GRID_116_24.274999_92.925004,2023-07-01,24.274999,92.925004,435.0,17.16617202758789,0.4454683065414428,0.4454683065414428,0.0,0.0,0.0095682905884753,0.96,0.47,0,NO_WARNING,LOW,2026-09-07T18:24:59.689167+00:00
AIZ_GRID_116_24.274999_92.925004,2024-09-03,24.274999,92.925004,435.0,17.16617202758789,11.081768989562988,11.081768989562988,2.0,0.0,0.0160955994717607,1.61,0.47,0,NO_WARNING,LOW,2026-09-07T18:24:59.689167+00:00
AIZ_GRID_116_24.274999_92.925004,2025-01-07,24.274999,92.925004,435.0,17.16617202758789,0.2738356292247772,0.2738356292247772,0.0,0.0,0.0175083775187654,1.75,0.47,0,NO_WARNING,LOW,2026-09-07T18:24:59.689167+00:00
AIZ_GRID_116_24.285871_92.94599,2025-06-14,24.285871,92.94599,923.0,19.28753471374512,7.3257060050964355,7.3257060050964355,1.0,0.0,0.5425006325541339,54.25,0.47,1,WARNING,HIGH,2026-09-07T18:24:59.689167+00:00
AIZ_GRID_116_24.288014_92.946017,2025-06-14,24.288014,92.946017,924.0,29.38678359985352,7.3257060050964355,7.3257060050964355,1.0,0.0,0.7450808133872929,74.51,0.47,1,WARNING,HIGH,2026-09-07T18:24:59.689167+00:00
AIZ_GRID_117_24.271389_92.96,2023-07-24,24.271389,92.96,775.0,20.5286808013916,16.37427520751953,16.37427520751953,5.0,0.0,0.6552865159347299,65.53,0.47,1,WARNING,HIGH,2026-09-07T18:24:59.689167+00:00
AIZ_GRID_117_24.274999_92.975004,2020-07-15,24.274999,92.975004,544.0,28.460250854492188,4.67103910446167,4.67103910446167,5.0,0.0,0.0076706427428075,0.77,0.47,0,NO_WARNING,LOW,2026-09-07T18:24:59.689167+00:00
AIZ_GRID_117_24.274999_92.975004,2020-09-25,24.274999,92.975004,544.0,28.460250854492188,4.995300769805908,4.995300769805908,6.0,0.0,0.0321984472303343,3.22,0.47,0,NO_WARNING,LOW,2026-09-07T18:24:59.689167+00:00
AIZ_GRID_117_24.274999_92.975004,2020-11-10,24.274999,92.975004,544.0,28.460250854492188,0.3165163993835449,0.3165163993835449,0.0,0.0,0.0074702227493789,0.75,0.47,0,NO_WARNING,LOW,2026-09-07T18:24:59.689167+00:00
AIZ_GRID_117_24.274999_92.975004,2020-11-12,24.274999,92.975004,544.0,28.460250854492188,0.7006115317344666,0.7006115317344666,0.0,0.0,0.0060128869832786,0.6,0.47,0,NO_WARNING,LOW,2026-09-07T18:24:59.689167+00:00
AIZ_GRID_117_24.274999_92.975004,2020-12-17,24.274999,92.975004,544.0,28.460250854492188,0.1118502989411354,0.1118502989411354,0.0,0.0,0.0055523993661222,0.56,0.47,0,NO_WARNING,LOW,2026-09-07T18:24:59.689167+00:00
AIZ_GRID_117_24.274999_92.975004,2021-01-14,24.274999,92.975004,544.0,28.460250854492188,0.1674767285585403,0.1674767285585403,0.0,0.0,0.0104877197017892,1.05,0.47,0,NO_WARNING,LOW,2026-09-07T18:24:59.689167+00:00
AIZ_GRID_117_24.274999_92.975004,2021-02-20,24.274999,92.975004,544.0,28.460250854492188,1.2018786668777466,1.2018786668777466,1.0,0.0,0.0024378220341996,0.24,0.47,0,NO_WARNING,LOW,2026-09-07T18:24:59.689167+00:00
AIZ_GRID_117_24.274999_92.975004,2021-03-05,24.274999,92.975004,544.0,28.460250854492188,0.3928191363811493,0.3928191363811493,0.0,0.0,0.0196783408643853,1.97,0.47,0,NO_WARNING,LOW,2026-09-07T18:24:59.689167+00:00
AIZ_GRID_117_24.274999_92.975004,2022-03-12,24.274999,92.975004,544.0,28.460250854492188,3.2380759716033936,3.2380759716033936,17.0,0.0,0.0333573311618408,3.34,0.47,0,NO_WARNING,LOW,2026-09-07T18:24:59.689167+00:00
AIZ_GRID_117_24.274999_92.975004,2022-03-15,24.274999,92.975004,544.0,28.460250854492188,3.2380759716033936,3.2380759716033936,20.0,0.0,0.0257257695752882,2.57,0.47,0,NO_WARNING,LOW,2026-09-07T18:24:59.689167+00:00
AIZ_GRID_117_24.274999_92.975004,2022-04-02,24.274999,92.975004,544.0,28.460250854492188,1.1240404844284058,1.1240404844284058,2.0,0.0,0.003772310769035,0.38,0.47,0,NO_WARNING,LOW,2026-09-07T18:24:59.689167+00:00
AIZ_GRID_117_24.274999_92.975004,2022-06-28,24.274999,92.975004,544.0,28.460250854492188,4.555996894836426,4.555996894836426,17.0,0.0,0.1563426154080893,15.63,0.47,0,NO_WARNING,LOW,2026-09-07T18:24:59.689167+00:00
AIZ_GRID_117_24.274999_92.975004,2022-07-28,24.274999,92.975004,544.0,28.460250854492188,0.6725103855133057,0.6725103855133057,0.0,0.0,0.0060128869832786,0.6,0.47,0,NO_WARNING,LOW,2026-09-07T18:24:59.689167+00:00
AIZ_GRID_117_24.274999_92.975004,2022-08-07,24.274999,92.975004,544.0,28.460250854492188,0.3974852859973907,0.3974852859973907,0.0,0.0,0.030387045709658,3.04,0.47,0,NO_WARNING,LOW,2026-09-07T18:24:59.689167+00:00
AIZ_GRID_117_24.274999_92.975004,2022-12-28,24.274999,92.975004,544.0,28.460250854492188,0.1017781421542167,0.1017781421542167,0.0,0.0,0.0055523993661222,0.56,0.47,0,NO_WARNING,LOW,2026-09-07T18:24:59.689167+00:00
AIZ_GRID_117_24.274999_92.975004,2023-05-14,24.274999,92.975004,544.0,28.460250854492188,26.344724655151367,26.344724655151367,2.0,1.0,0.0087951472567386,0.88,0.47,0,NO_WARNING,LOW,2026-09-07T18:24:59.689167+00:00
AIZ_GRID_117_24.274999_92.975004,2023-07-23,24.274999,92.975004,544.0,28.460250854492188,31.021223068237305,31.021223068237305,4.0,1.0,0.071608786465841,7.16,0.47,0,NO_WARNING,LOW,2026-09-07T18:24:59.689167+00:00
AIZ_GRID_117_24.274999_92.975004,2023-10-24,24.274999,92.975004,544.0,28.460250854492188,16.592729568481445,16.592729568481445,3.0,0.0,0.0391438453147812,3.91,0.47,0,NO_WARNING,LOW,2026-09-07T18:24:59.689167+00:00
AIZ_GRID_117_24.274999_92.975004,2023-11-16,24.274999,92.975004,544.0,28.460250854492188,53.901466369628906,53.901466369628906,1.0,1.0,0.0055761029015236,0.56,0.47,0,NO_WARNING,LOW,2026-09-07T18:24:59.689167+00:00
AIZ_GRID_117_24.274999_92.975004,2023-12-14,24.274999,92.975004,544.0,28.460250854492188,0.3933791518211365,0.3933791518211365,0.0,0.0,0.0188787579628253,1.89,0.47,0,NO_WARNING,LOW,2026-09-07T18:24:59.689167+00:00
AIZ_GRID_117_24.274999_92.975004,2024-11-14,24.274999,92.975004,544.0,28.460250854492188,0.3908033370971679,0.3908033370971679,0.0,0.0,0.022347318334056,2.23,0.47,0,NO_WARNING,LOW,2026-09-07T18:24:59.689167+00:00
AIZ_GRID_117_24.274999_92.975004,2025-01-18,24.274999,92.975004,544.0,28.460250854492188,0.3133336007595062,0.3133336007595062,0.0,0.0,0.0074702227493789,0.75,0.47,0,NO_WARNING,LOW,2026-09-07T18:24:59.689167+00:00
AIZ_GRID_117_24.274999_92.975004,2025-05-28,24.274999,92.975004,544.0,28.460250854492188,34.53525924682617,34.53525924682617,18.0,1.0,0.1658073651909834,16.58,0.47,0,NO_WARNING,LOW,2026-09-07T18:24:59.689167+00:00
AIZ_GRID_122_24.354658_92.925511,2025-05-29,24.354658,92.925511,683.0,16.021011352539062,50.66191482543945,50.66191482543945,19.0,2.0,0.5885383766031418,58.85,0.47,1,WARNING,HIGH,2026-09-07T18:24:59.689167+00:00
AIZ_GRID_122_24.365715_92.930137,2025-06-01,24.365715,92.930137,609.0,23.10662841796875,72.35950469970703,72.35950469970703,22.0,5.0,0.8507134029871768,85.07,0.47,1,WARNING,CRITICAL,2026-09-07T18:24:59.689167+00:00
AIZ_GRID_122_24.374999_92.925004,2020-01-27,24.374999,92.925004,292.0,21.000205993652344,0.7094616293907166,0.7094616293907166,0.0,0.0,0.00371624381664,0.37,0.47,0,NO_WARNING,LOW,2026-09-07T18:24:59.689167+00:00
AIZ_GRID_122_24.374999_92.925004,2020-07-04,24.374999,92.925004,292.0,21.000205993652344,36.96998596191406,36.96998596191406,5.0,1.0,0.0954005874745427,9.54,0.47,0,NO_WARNING,LOW,2026-09-07T18:24:59.689167+00:00
AIZ_GRID_122_24.374999_92.925004,2020-07-27,24.374999,92.925004,292.0,21.000205993652344,15.085005760192873,15.085005760192873,2.0,0.0,0.0467573764879991,4.68,0.47,0,NO_WARNING,LOW,2026-09-07T18:24:59.689167+00:00
AIZ_GRID_122_24.374999_92.925004,2021-01-20,24.374999,92.925004,292.0,21.000205993652344,3.242598295211792,3.242598295211792,1.0,0.0,0.0166490431797352,1.66,0.47,0,NO_WARNING,LOW,2026-09-07T18:24:59.689167+00:00
AIZ_GRID_122_24.374999_92.925004,2021-02-10,24.374999,92.925004,292.0,21.000205993652344,0.3299046456813812,0.3299046456813812,0.0,0.0,0.0003817550818046,0.04,0.47,0,NO_WARNING,LOW,2026-09-07T18:24:59.689167+00:00
AIZ_GRID_122_24.374999_92.925004,2021-03-17,24.374999,92.925004,292.0,21.000205993652344,0.41290482878685,0.41290482878685,0.0,0.0,0.0046515641523069,0.47,0.47,0,NO_WARNING,LOW,2026-09-07T18:24:59.689167+00:00
AIZ_GRID_122_24.374999_92.925004,2021-11-16,24.374999,92.925004,292.0,21.000205993652344,0.3275794982910156,0.3275794982910156,0.0,0.0,0.0003817550818046,0.04,0.47,0,NO_WARNING,LOW,2026-09-07T18:24:59.689167+00:00
AIZ_GRID_122_24.374999_92.925004,2021-12-05,24.374999,92.925004,292.0,21.000205993652344,4.302569389343262,4.302569389343262,2.0,0.0,0.0135865964684851,1.36,0.47,0,NO_WARNING,LOW,2026-09-07T18:24:59.689167+00:00
AIZ_GRID_122_24.374999_92.925004,2022-04-24,24.374999,92.925004,292.0,21.000205993652344,2.711956739425659,2.711956739425659,6.0,0.0,0.010031315564568,1.0,0.47,0,NO_WARNING,LOW,2026-09-07T18:24:59.689167+00:00
AIZ_GRID_122_24.374999_92.925004,2022-06-18,24.374999,92.925004,292.0,21.000205993652344,127.31412506103516,127.31412506103516,7.0,2.0,0.0989427218374859,9.89,0.47,0,NO_WARNING,LOW,2026-09-07T18:24:59.689167+00:00
AIZ_GRID_122_24.374999_92.925004,2022-10-13,24.374999,92.925004,292.0,21.000205993652344,0.0035467823036015,0.0035467823036015,0.0,0.0,0.1494515302915973,14.95,0.47,0,NO_WARNING,LOW,2026-09-07T18:24:59.689167+00:00
AIZ_GRID_122_24.374999_92.925004,2023-01-29,24.374999,92.925004,292.0,21.000205993652344,0.2514250874519348,0.2514250874519348,0.0,0.0,0.0003817550818046,0.04,0.47,0,NO_WARNING,LOW,2026-09-07T18:24:59.689167+00:00
AIZ_GRID_122_24.374999_92.925004,2024-02-09,24.374999,92.925004,292.0,21.000205993652344,0.2771302163600921,0.2771302163600921,0.0,0.0,0.0003817550818046,0.04,0.47,0,NO_WARNING,LOW,2026-09-07T18:24:59.689167+00:00
AIZ_GRID_122_24.374999_92.925004,2024-04-23,24.374999,92.925004,292.0,21.000205993652344,0.1527967303991317,0.1527967303991317,0.0,0.0,0.0003817550818046,0.04,0.47,0,NO_WARNING,LOW,2026-09-07T18:24:59.689167+00:00
AIZ_GRID_122_24.374999_92.925004,2024-09-05,24.374999,92.925004,292.0,21.000205993652344,0.7209054231643677,0.7209054231643677,0.0,0.0,0.00371624381664,0.37,0.47,0,NO_WARNING,LOW,2026-09-07T18:24:59.689167+00:00
AIZ_GRID_122_24.374999_92.925004,2024-10-06,24.374999,92.925004,292.0,21.000205993652344,13.047494888305664,13.047494888305664,13.0,0.0,0.2845535207114125,28.46,0.47,0,NO_WARNING,MODERATE,2026-09-07T18:24:59.689167+00:00
AIZ_GRID_122_24.374999_92.925004,2025-02-22,24.374999,92.925004,292.0,21.000205993652344,3.673172473907471,3.673172473907471,1.0,0.0,0.0130458997738167,1.3,0.47,0,NO_WARNING,LOW,2026-09-07T18:24:59.689167+00:00
AIZ_GRID_122_24.374999_92.925004,2025-04-18,24.374999,92.925004,292.0,21.000205993652344,0.0713717564940452,0.0713717564940452,0.0,0.0,0.0003817550818046,0.04,0.47,0,NO_WARNING,LOW,2026-09-07T18:24:59.689167+00:00
AIZ_GRID_122_24.374999_92.925004,2025-04-21,24.374999,92.925004,292.0,21.000205993652344,5.752243518829346,5.752243518829346,1.0,0.0,0.0418814938567718,4.19,0.47,0,NO_WARNING,LOW,2026-09-07T18:24:59.689167+00:00
AIZ_GRID_040_23.738889_92.696389,2026-09-10,23.738889,92.696389,1042.0,28.00108337402344,7.6,7.6,8.0,0.0,0.23803355345914146,23.803355345914145,0.47,0,NO_WARNING,LOW,2026-09-10T18:20:37.298651+00:00
AIZ_GRID_040_23.739472_92.696667,2026-09-10,23.739472,92.696667,1040.0,24.626888275146484,7.6,7.6,8.0,0.0,0.21577454959659045,21.577454959659047,0.47,0,NO_WARNING,LOW,2026-09-10T18:20:37.298651+00:00
AIZ_GRID_040_23.740278_92.697222,2026-09-10,23.740278,92.697222,1035.0,23.32939910888672,7.6,7.6,8.0,0.0,0.19796288995321126,19.796288995321127,0.47,0,NO_WARNING,LOW,2026-09-10T18:20:37.298651+00:00
AIZ_GRID_040_23.740667_92.693361,2026-09-10,23.740667,92.693361,933.0,20.926502227783203,7.6,7.6,8.0,0.0,0.23404339634665855,23.404339634665856,0.47,0,NO_WARNING,LOW,2026-09-10T18:20:37.298651+00:00
AIZ_GRID_040_23.738575_92.694194,2026-09-10,23.738575,92.694194,974.0,28.89985084533692,7.6,7.6,8.0,0.0,0.5068204757002287,50.68204757002287,0.47,1,WARNING,HIGH,2026-09-10T18:20:37.298651+00:00
AIZ_GRID_040_23.744722_92.692778,2026-09-10,23.744722,92.692778,984.0,19.768285751342773,7.6,7.6,8.0,0.0,0.18511000373008468,18.511000373008468,0.47,0,NO_WARNING,LOW,2026-09-10T18:20:37.298651+00:00
AIZ_GRID_040_23.741167_92.694556,2026-09-10,23.741167,92.694556,948.0,28.23966407775879,7.6,7.6,8.0,0.0,0.24775252738132744,24.775252738132743,0.47,0,NO_WARNING,LOW,2026-09-10T18:20:37.298651+00:00
AIZ_GRID_040_23.7375_92.694444,2026-09-10,23.7375,92.694444,1007.0,24.476747512817383,7.6,7.6,8.0,0.0,0.2138385056953862,21.38385056953862,0.47,0,NO_WARNING,LOW,2026-09-10T18:20:37.298651+00:00
AIZ_GRID_040_23.733861_92.694917,2026-09-10,23.733861,92.694917,899.0,28.761680603027344,7.6,7.6,8.0,0.0,0.4815975031451314,48.15975031451314,0.47,1,WARNING,HIGH,2026-09-10T18:20:37.298651+00:00
AIZ_GRID_040_23.726694_92.695194,2026-09-10,23.726694,92.695194,903.0,27.686426162719727,7.6,7.6,8.0,0.0,0.30349995651571404,30.349995651571405,0.47,0,NO_WARNING,MODERATE,2026-09-10T18:20:37.298651+00:00
AIZ_GRID_040_23.733611_92.693889,2026-09-10,23.733611,92.693889,891.0,24.97211647033692,7.6,7.6,8.0,0.0,0.36252907569648524,36.25290756964852,0.47,0,NO_WARNING,MODERATE,2026-09-10T18:20:37.298651+00:00
AIZ_GRID_040_23.734722_92.695,2026-09-10,23.734722,92.695,922.0,12.168827056884766,7.6,7.6,8.0,0.0,0.17277837725465822,17.277837725465822,0.47,0,NO_WARNING,LOW,2026-09-10T18:20:37.298651+00:00
AIZ_GRID_040_23.733056_92.699444,2026-09-10,23.733056,92.699444,910.0,28.78240394592285,7.6,7.6,8.0,0.0,0.47072931726333367,47.072931726333366,0.47,1,WARNING,HIGH,2026-09-10T18:20:37.298651+00:00
AIZ_GRID_040_23.749722_92.698333,2026-09-10,23.749722,92.698333,632.0,8.904701232910156,7.6,7.6,8.0,0.0,0.19894213269074074,19.894213269074072,0.47,0,NO_WARNING,LOW,2026-09-10T18:20:37.298651+00:00
AIZ_GRID_041_23.731111_92.702222,2026-09-10,23.731111,92.702222,877.0,14.595784187316896,4.7,4.7,8.0,0.0,0.33678655354312204,33.678655354312205,0.47,0,NO_WARNING,MODERATE,2026-09-10T18:20:37.298651+00:00
AIZ_GRID_041_23.731111_92.703889,2026-09-10,23.731111,92.703889,882.0,28.0842399597168,4.7,4.7,8.0,0.0,0.46739376349761164,46.739376349761166,0.47,0,NO_WARNING,MODERATE,2026-09-10T18:20:37.298651+00:00
AIZ_GRID_041_23.733333_92.705278,2026-09-10,23.733333,92.705278,949.0,18.31635856628418,4.7,4.7,8.0,0.0,0.2039128177350096,20.39128177350096,0.47,0,NO_WARNING,LOW,2026-09-10T18:20:37.298651+00:00
AIZ_GRID_040_23.735833_92.697778,2026-09-10,23.735833,92.697778,979.0,23.251510620117188,7.6,7.6,8.0,0.0,0.1803946097798638,18.03946097798638,0.47,0,NO_WARNING,LOW,2026-09-10T18:20:37.298651+00:00
AIZ_GRID_041_23.731328_92.708219,2026-09-10,23.731328,92.708219,889.0,15.226140022277832,4.7,4.7,8.0,0.0,0.33113616516775957,33.113616516775956,0.47,0,NO_WARNING,MODERATE,2026-09-10T18:20:37.298651+00:00
AIZ_GRID_041_23.724283_92.707378,2026-09-10,23.724283,92.707378,988.0,26.4307918548584,4.7,4.7,8.0,0.0,0.2689585478300931,26.89585478300931,0.47,0,NO_WARNING,MODERATE,2026-09-10T18:20:37.298651+00:00
AIZ_GRID_041_23.722769_92.70665,2026-09-10,23.722769,92.70665,953.0,38.04790878295898,4.7,4.7,8.0,0.0,0.796581969427524,79.6581969427524,0.47,1,WARNING,CRITICAL,2026-09-10T18:20:37.298651+00:00
AIZ_GRID_041_23.714464_92.711464,2026-09-10,23.714464,92.711464,996.0,28.428613662719727,4.7,4.7,8.0,0.0,0.4200601663600952,42.00601663600952,0.47,0,NO_WARNING,MODERATE,2026-09-10T18:20:37.298651+00:00
AIZ_GRID_041_23.715811_92.70935,2026-09-10,23.715811,92.70935,905.0,34.40541458129883,4.7,4.7,8.0,0.0,0.807033084152367,80.70330841523669,0.47,1,WARNING,CRITICAL,2026-09-10T18:20:37.298651+00:00
AIZ_GRID_041_23.71595_92.708794,2026-09-10,23.71595,92.708794,909.0,40.60223007202149,4.7,4.7,8.0,0.0,0.7990234734765528,79.90234734765528,0.47,1,WARNING,CRITICAL,2026-09-10T18:20:37.298651+00:00
AIZ_GRID_041_23.7175_92.706667,2026-09-10,23.7175,92.706667,912.0,12.113170623779297,4.7,4.7,8.0,0.0,0.25134781747576734,25.134781747576735,0.47,0,NO_WARNING,MODERATE,2026-09-10T18:20:37.298651+00:00
AIZ_GRID_041_23.717408_92.706442,2026-09-10,23.717408,92.706442,906.0,16.752363204956055,4.7,4.7,8.0,0.0,0.21473490981054638,21.47349098105464,0.47,0,NO_WARNING,LOW,2026-09-10T18:20:37.298651+00:00
AIZ_GRID_041_23.717356_92.707533,2026-09-10,23.717356,92.707533,914.0,39.87944793701172,4.7,4.7,8.0,0.0,0.7798273229560585,77.98273229560586,0.47,1,WARNING,CRITICAL,2026-09-10T18:20:37.298651+00:00
AIZ_GRID_041_23.717217_92.707778,2026-09-10,23.717217,92.707778,923.0,35.23633575439453,4.7,4.7,8.0,0.0,0.7791867758359872,77.91867758359872,0.47,1,WARNING,CRITICAL,2026-09-10T18:20:37.298651+00:00
AIZ_GRID_041_23.716972_92.708172,2026-09-10,23.716972,92.708172,912.0,31.827539443969727,4.7,4.7,8.0,0.0,0.8120343845424839,81.20343845424838,0.47,1,WARNING,CRITICAL,2026-09-10T18:20:37.298651+00:00
AIZ_GRID_041_23.713056_92.708958,2026-09-10,23.713056,92.708958,986.0,12.032991409301758,4.7,4.7,8.0,0.0,0.23295060609472637,23.295060609472635,0.47,0,NO_WARNING,LOW,2026-09-10T18:20:37.298651+00:00
AIZ_GRID_041_23.715231_92.715292,2026-09-10,23.715231,92.715292,1022.0,21.22980499267578,4.7,4.7,8.0,0.0,0.2626337040950091,26.263370409500908,0.47,0,NO_WARNING,MODERATE,2026-09-10T18:20:37.298651+00:00
AIZ_GRID_041_23.74_92.715,2026-09-10,23.74,92.715,1065.0,40.31692123413086,4.7,4.7,8.0,0.0,0.8017496992425215,80.17496992425215,0.47,1,WARNING,CRITICAL,2026-09-10T18:20:37.298651+00:00
AIZ_GRID_041_23.739444_92.714722,2026-09-10,23.739444,92.714722,1066.0,48.21201705932617,4.7,4.7,8.0,0.0,0.8326672819612251,83.26672819612251,0.47,1,WARNING,CRITICAL,2026-09-10T18:20:37.298651+00:00
AIZ_GRID_041_23.711389_92.724444,2026-09-10,23.711389,92.724444,922.0,25.768310546875,4.7,4.7,8.0,0.0,0.31371775462804635,31.371775462804635,0.47,0,NO_WARNING,MODERATE,2026-09-10T18:20:37.298651+00:00
AIZ_GRID_041_23.716389_92.721111,2026-09-10,23.716389,92.721111,997.0,17.73926544189453,4.7,4.7,8.0,0.0,0.21882960763313386,21.882960763313385,0.47,0,NO_WARNING,LOW,2026-09-10T18:20:37.298651+00:00
AIZ_GRID_041_23.714444_92.728611,2026-09-10,23.714444,92.728611,845.0,19.51909446716309,4.7,4.7,8.0,0.0,0.4062397126147842,40.62397126147842,0.47,0,NO_WARNING,MODERATE,2026-09-10T18:20:37.298651+00:00
AIZ_GRID_041_23.715714_92.726597,2026-09-10,23.715714,92.726597,853.0,24.651403427124023,4.7,4.7,8.0,0.0,0.44027385638339983,44.027385638339986,0.47,0,NO_WARNING,MODERATE,2026-09-10T18:20:37.298651+00:00
AIZ_GRID_041_23.7104_92.722378,2026-09-10,23.7104,92.722378,963.0,39.10588073730469,4.7,4.7,8.0,0.0,0.7849837386069264,78.49837386069264,0.47,1,WARNING,CRITICAL,2026-09-10T18:20:37.298651+00:00
AIZ_GRID_041_23.718658_92.723353,2026-09-10,23.718658,92.723353,940.0,33.2645263671875,4.7,4.7,8.0,0.0,0.7999705901165267,79.99705901165267,0.47,1,WARNING,CRITICAL,2026-09-10T18:20:37.298651+00:00
AIZ_GRID_041_23.7175_92.719722,2026-09-10,23.7175,92.719722,1099.0,26.87264060974121,4.7,4.7,8.0,0.0,0.2390318847945046,23.90318847945046,0.47,0,NO_WARNING,LOW,2026-09-10T18:20:37.298651+00:00
AIZ_GRID_041_23.71_92.716111,2026-09-10,23.71,92.716111,934.0,28.097299575805664,4.7,4.7,8.0,0.0,0.3208369508042664,32.08369508042664,0.47,0,NO_WARNING,MODERATE,2026-09-10T18:20:37.298651+00:00
AIZ_GRID_041_23.706667_92.714444,2026-09-10,23.706667,92.714444,1027.0,31.610700607299805,4.7,4.7,8.0,0.0,0.8166248728743459,81.66248728743459,0.47,1,WARNING,CRITICAL,2026-09-10T18:20:37.298651+00:00
AIZ_GRID_041_23.705278_92.711389,2026-09-10,23.705278,92.711389,1060.0,34.32509994506836,4.7,4.7,8.0,0.0,0.8236895525386789,82.3689552538679,0.47,1,WARNING,CRITICAL,2026-09-10T18:20:37.298651+00:00
AIZ_GRID_041_23.704167_92.712222,2026-09-10,23.704167,92.712222,1070.0,32.48820877075195,4.7,4.7,8.0,0.0,0.8159593616091813,81.59593616091813,0.47,1,WARNING,CRITICAL,2026-09-10T18:20:37.298651+00:00
AIZ_GRID_041_23.700278_92.716111,2026-09-10,23.700278,92.716111,1018.0,27.70359992980957,4.7,4.7,8.0,0.0,0.29500126470535515,29.500126470535516,0.47,0,NO_WARNING,MODERATE,2026-09-10T18:20:37.298651+00:00
AIZ_GRID_033_23.699722_92.716944,2026-09-10,23.699722,92.716944,1031.0,30.935073852539062,2.7,2.7,8.0,0.0,0.6949297858850804,69.49297858850804,0.47,1,WARNING,HIGH,2026-09-10T18:20:37.298651+00:00
AIZ_GRID_033_23.680278_92.724722,2026-09-10,23.680278,92.724722,920.0,27.81185913085937,2.7,2.7,8.0,0.0,0.2535308166541704,25.353081665417037,0.47,0,NO_WARNING,MODERATE,2026-09-10T18:20:37.298651+00:00
AIZ_GRID_033_23.678056_92.72,2026-09-10,23.678056,92.72,996.0,33.00326156616211,2.7,2.7,8.0,0.0,0.6998825952025299,69.988259520253,0.47,1,WARNING,HIGH,2026-09-10T18:20:37.298651+00:00
AIZ_GRID_025_23.643333_92.734444,2026-09-10,23.643333,92.734444,720.0,14.505157470703123,2.2,2.2,8.0,0.0,0.18547031396566904,18.547031396566904,0.47,0,NO_WARNING,LOW,2026-09-10T18:20:37.298651+00:00
AIZ_GRID_025_23.646389_92.726389,2026-09-10,23.646389,92.726389,783.0,29.457958221435547,2.2,2.2,8.0,0.0,0.6353149701684903,63.53149701684902,0.47,1,WARNING,HIGH,2026-09-10T18:20:37.298651+00:00
AIZ_GRID_025_23.646389_92.725278,2026-09-10,23.646389,92.725278,824.0,16.256122589111328,2.2,2.2,8.0,0.0,0.26644682801913283,26.644682801913284,0.47,0,NO_WARNING,MODERATE,2026-09-10T18:20:37.298651+00:00
AIZ_GRID_025_23.631111_92.723889,2026-09-10,23.631111,92.723889,845.0,25.91125869750977,2.2,2.2,8.0,0.0,0.3730728488035018,37.30728488035018,0.47,0,NO_WARNING,MODERATE,2026-09-10T18:20:37.298651+00:00
AIZ_GRID_025_23.630556_92.723056,2026-09-10,23.630556,92.723056,872.0,19.441648483276367,2.2,2.2,8.0,0.0,0.30538543316713446,30.538543316713447,0.47,0,NO_WARNING,MODERATE,2026-09-10T18:20:37.298651+00:00
AIZ_GRID_025_23.628333_92.723333,2026-09-10,23.628333,92.723333,787.0,23.50261878967285,2.2,2.2,8.0,0.0,0.39890461131219074,39.89046113121908,0.47,0,NO_WARNING,MODERATE,2026-09-10T18:20:37.298651+00:00
AIZ_GRID_025_23.622778_92.724444,2026-09-10,23.622778,92.724444,816.0,19.582061767578125,2.2,2.2,8.0,0.0,0.34577000672889713,34.57700067288971,0.47,0,NO_WARNING,MODERATE,2026-09-10T18:20:37.298651+00:00
AIZ_GRID_025_23.621944_92.723056,2026-09-10,23.621944,92.723056,812.0,7.370669364929199,2.2,2.2,8.0,0.0,0.20882036215953564,20.882036215953566,0.47,0,NO_WARNING,LOW,2026-09-10T18:20:37.298651+00:00
AIZ_GRID_025_23.620833_92.7225,2026-09-10,23.620833,92.7225,819.0,16.471155166625977,2.2,2.2,8.0,0.0,0.26844682801913283,26.844682801913283,0.47,0,NO_WARNING,MODERATE,2026-09-10T18:20:37.298651+00:00
AIZ_GRID_025_23.619167_92.7225,2026-09-10,23.619167,92.7225,841.0,30.48874282836914,2.2,2.2,8.0,0.0,0.706681739065924,70.6681739065924,0.47,1,WARNING,HIGH,2026-09-10T18:20:37.298651+00:00
AIZ_GRID_025_23.62_92.724722,2026-09-10,23.62,92.724722,811.0,22.66691017150879,2.2,2.2,8.0,0.0,0.33296884442750774,33.29688444275077,0.47,0,NO_WARNING,MODERATE,2026-09-10T18:20:37.298651+00:00
AIZ_GRID_025_23.619722_92.725278,2026-09-10,23.619722,92.725278,808.0,13.521445274353027,2.2,2.2,8.0,0.0,0.29609292739234855,29.609292739234856,0.47,0,NO_WARNING,MODERATE,2026-09-10T18:20:37.298651+00:00
AIZ_GRID_025_23.620278_92.725556,2026-09-10,23.620278,92.725556,781.0,10.557177543640137,2.2,2.2,8.0,0.0,0.32057138316095324,32.057138316095326,0.47,0,NO_WARNING,MODERATE,2026-09-10T18:20:37.298651+00:00
AIZ_GRID_025_23.620278_92.726111,2026-09-10,23.620278,92.726111,775.0,12.898162841796877,2.2,2.2,8.0,0.0,0.3716106130851902,37.161061308519024,0.47,0,NO_WARNING,MODERATE,2026-09-10T18:20:37.298651+00:00
AIZ_GRID_025_23.621111_92.724444,2026-09-10,23.621111,92.724444,817.0,15.226140022277832,2.2,2.2,8.0,0.0,0.3058556255919623,30.585562559196227,0.47,0,NO_WARNING,MODERATE,2026-09-10T18:20:37.298651+00:00
AIZ_GRID_033_23.687433_92.721292,2026-09-10,23.687433,92.721292,1091.0,19.252243041992188,2.7,2.7,8.0,0.0,0.15895092805784805,15.895092805784806,0.47,0,NO_WARNING,LOW,2026-09-10T18:20:37.298651+00:00
AIZ_GRID_033_23.676944_92.717222,2026-09-10,23.676944,92.717222,1095.0,35.12616729736328,2.7,2.7,8.0,0.0,0.6905933874262173,69.05933874262173,0.47,1,WARNING,HIGH,2026-09-10T18:20:37.298651+00:00
AIZ_GRID_033_23.675833_92.715,2026-09-10,23.675833,92.715,992.0,20.369962692260746,2.7,2.7,8.0,0.0,0.1867767433366662,18.67767433366662,0.47,0,NO_WARNING,LOW,2026-09-10T18:20:37.298651+00:00
AIZ_GRID_033_23.674722_92.717222,2026-09-10,23.674722,92.717222,1106.0,12.113170623779297,2.7,2.7,8.0,0.0,0.16778702073012436,16.778702073012436,0.47,0,NO_WARNING,LOW,2026-09-10T18:20:37.298651+00:00
AIZ_GRID_033_23.674444_92.714722,2026-09-10,23.674444,92.714722,995.0,26.133516311645508,2.7,2.7,8.0,0.0,0.18860262263610145,18.860262263610146,0.47,0,NO_WARNING,LOW,2026-09-10T18:20:37.298651+00:00
AIZ_GRID_033_23.673889_92.714722,2026-09-10,23.673889,92.714722,1002.0,30.271915435791016,2.7,2.7,8.0,0.0,0.6549926221909108,65.49926221909108,0.47,1,WARNING,HIGH,2026-09-10T18:20:37.298651+00:00
AIZ_GRID_033_23.672069_92.709929,2026-09-10,23.672069,92.709929,996.0,14.350937843322754,2.7,2.7,8.0,0.0,0.16270913006911264,16.270913006911265,0.47,0,NO_WARNING,LOW,2026-09-10T18:20:37.298651+00:00
AIZ_GRID_033_23.684301_92.715511,2026-09-10,23.684301,92.715511,1033.0,24.405174255371097,2.7,2.7,8.0,0.0,0.18361064132443283,18.361064132443282,0.47,0,NO_WARNING,LOW,2026-09-10T18:20:37.298651+00:00
AIZ_GRID_041_23.706389_92.720556,2026-09-10,23.706389,92.720556,892.0,40.88198471069336,4.7,4.7,8.0,0.0,0.8388941855671914,83.88941855671914,0.47,1,WARNING,CRITICAL,2026-09-10T18:20:37.298651+00:00
AIZ_GRID_041_23.704167_92.72,2026-09-10,23.704167,92.72,884.0,42.60014343261719,4.7,4.7,8.0,0.0,0.8496903022642454,84.96903022642454,0.47,1,WARNING,CRITICAL,2026-09-10T18:20:37.298651+00:00
AIZ_GRID_041_23.703056_92.720556,2026-09-10,23.703056,92.720556,868.0,33.295074462890625,4.7,4.7,8.0,0.0,0.8429164018577513,84.29164018577512,0.47,1,WARNING,CRITICAL,2026-09-10T18:20:37.298651+00:00
AIZ_GRID_033_23.693333_92.720556,2026-09-10,23.693333,92.720556,970.0,33.75522232055664,2.7,2.7,8.0,0.0,0.6791023916352719,67.91023916352718,0.47,1,WARNING,HIGH,2026-09-10T18:20:37.298651+00:00
AIZ_GRID_033_23.69_92.723611,2026-09-10,23.69,92.723611,877.0,16.040876388549805,2.7,2.7,8.0,0.0,0.2923491162487065,29.23491162487065,0.47,0,NO_WARNING,MODERATE,2026-09-10T18:20:37.298651+00:00
AIZ_GRID_033_23.683611_92.722778,2026-09-10,23.683611,92.722778,924.0,31.2247314453125,2.7,2.7,8.0,0.0,0.6746563379588407,67.46563379588407,0.47,1,WARNING,HIGH,2026-09-10T18:20:37.298651+00:00
AIZ_GRID_033_23.676111_92.719722,2026-09-10,23.676111,92.719722,1003.0,41.29151916503906,2.7,2.7,8.0,0.0,0.7302411742757269,73.02411742757269,0.47,1,WARNING,HIGH,2026-09-10T18:20:37.298651+00:00
AIZ_GRID_033_23.671389_92.723611,2026-09-10,23.671389,92.723611,979.0,31.806421279907227,2.7,2.7,8.0,0.0,0.6824158334800141,68.24158334800141,0.47,1,WARNING,HIGH,2026-09-10T18:20:37.298651+00:00
AIZ_GRID_033_23.666944_92.721944,2026-09-10,23.666944,92.721944,958.0,33.46065139770508,2.7,2.7,8.0,0.0,0.6815402763076754,68.15402763076754,0.47,1,WARNING,HIGH,2026-09-10T18:20:37.298651+00:00
AIZ_GRID_033_23.666667_92.723889,2026-09-10,23.666667,92.723889,851.0,52.93409729003906,2.7,2.7,8.0,0.0,0.7540803255474468,75.40803255474468,0.47,1,WARNING,CRITICAL,2026-09-10T18:20:37.298651+00:00
AIZ_GRID_033_23.660278_92.726944,2026-09-10,23.660278,92.726944,850.0,31.568431854248047,2.7,2.7,8.0,0.0,0.7222555866056615,72.22555866056615,0.47,1,WARNING,HIGH,2026-09-10T18:20:37.298651+00:00
AIZ_GRID_025_23.643889_92.725833,2026-09-10,23.643889,92.725833,821.0,28.00108337402344,2.2,2.2,8.0,0.0,0.39672437921330317,39.672437921330314,0.47,0,NO_WARNING,MODERATE,2026-09-10T18:20:37.298651+00:00
AIZ_GRID_025_23.635_92.723611,2026-09-10,23.635,92.723611,835.0,38.7872200012207,2.2,2.2,8.0,0.0,0.718703163885822,71.8703163885822,0.47,1,WARNING,HIGH,2026-09-10T18:20:37.298651+00:00
AIZ_GRID_006_23.432778_92.761111,2026-09-10,23.432778,92.761111,1513.0,19.981767654418945,4.5,4.5,8.0,0.0,0.21395899927435902,21.395899927435902,0.47,0,NO_WARNING,LOW,2026-09-10T18:20:37.298651+00:00
AIZ_GRID_009_23.467778_92.741111,2026-09-10,23.467778,92.741111,1337.0,49.54093170166016,6.0,6.0,8.0,0.0,0.7282059692922338,72.82059692922338,0.47,1,WARNING,HIGH,2026-09-10T18:20:37.298651+00:00
AIZ_GRID_009_23.468056_92.716389,2026-09-10,23.468056,92.716389,1123.0,32.27671813964844,6.0,6.0,8.0,0.0,0.7299898241800147,72.99898241800148,0.47,1,WARNING,HIGH,2026-09-10T18:20:37.298651+00:00
AIZ_GRID_009_23.4725_92.714444,2026-09-10,23.4725,92.714444,1072.0,21.8457145690918,6.0,6.0,8.0,0.0,0.1883197515654137,18.831975156541368,0.47,0,NO_WARNING,LOW,2026-09-10T18:20:37.298651+00:00
AIZ_GRID_009_23.49_92.705556,2026-09-10,23.49,92.705556,1043.0,38.71343231201172,6.0,6.0,8.0,0.0,0.793454888766772,79.3454888766772,0.47,1,WARNING,CRITICAL,2026-09-10T18:20:37.298651+00:00
AIZ_GRID_009_23.497222_92.703333,2026-09-10,23.497222,92.703333,922.0,28.264209747314453,6.0,6.0,8.0,0.0,0.311010531834514,31.1010531834514,0.47,0,NO_WARNING,MODERATE,2026-09-10T18:20:37.298651+00:00
AIZ_GRID_011_23.513611_92.698333,2026-09-10,23.513611,92.698333,806.0,28.70706367492676,6.3,6.3,8.0,0.0,0.53858646415766,53.858646415765996,0.47,1,WARNING,HIGH,2026-09-10T18:20:37.298651+00:00
AIZ_GRID_011_23.536667_92.6975,2026-09-10,23.536667,92.6975,854.0,32.6060791015625,6.3,6.3,8.0,0.0,0.8044324791244323,80.44324791244323,0.47,1,WARNING,CRITICAL,2026-09-10T18:20:37.298651+00:00
AIZ_GRID_012_23.541667_92.701944,2026-09-10,23.541667,92.701944,870.0,27.95377540588379,5.7,5.7,8.0,0.0,0.41738565047289816,41.73856504728982,0.47,0,NO_WARNING,MODERATE,2026-09-10T18:20:37.298651+00:00
AIZ_GRID_012_23.542778_92.703333,2026-09-10,23.542778,92.703333,899.0,30.19009780883789,5.7,5.7,8.0,0.0,0.747447209310197,74.7447209310197,0.47,1,WARNING,HIGH,2026-09-10T18:20:37.298651+00:00
AIZ_GRID_012_23.529444_92.729444,2026-09-10,23.529444,92.729444,989.0,25.722314834594727,5.7,5.7,8.0,0.0,0.23272209492528897,23.272209492528898,0.47,0,NO_WARNING,LOW,2026-09-10T18:20:37.298651+00:00
AIZ_GRID_012_23.530833_92.730556,2026-09-10,23.530833,92.730556,996.0,32.23304748535156,5.7,5.7,8.0,0.0,0.8140743071514772,81.40743071514773,0.47,1,WARNING,CRITICAL,2026-09-10T18:20:37.298651+00:00
AIZ_GRID_012_23.531111_92.733611,2026-09-10,23.531111,92.733611,1048.0,26.59383773803711,5.7,5.7,8.0,0.0,0.25561516836158127,25.561516836158127,0.47,0,NO_WARNING,MODERATE,2026-09-10T18:20:37.298651+00:00
AIZ_GRID_012_23.530833_92.733333,2026-09-10,23.530833,92.733333,1061.0,25.50950050354004,5.7,5.7,8.0,0.0,0.23736172008547793,23.736172008547793,0.47,0,NO_WARNING,LOW,2026-09-10T18:20:37.298651+00:00
AIZ_GRID_019_23.563889_92.708056,2026-09-10,23.563889,92.708056,838.0,40.77069854736328,2.2,2.2,8.0,0.0,0.7424368210198258,74.24368210198257,0.47,1,WARNING,HIGH,2026-09-10T18:20:37.298651+00:00
AIZ_GRID_019_23.564167_92.708056,2026-09-10,23.564167,92.708056,855.0,30.7674617767334,2.2,2.2,8.0,0.0,0.7134598783135456,71.34598783135456,0.47,1,WARNING,HIGH,2026-09-10T18:20:37.298651+00:00
AIZ_GRID_019_23.565_92.707778,2026-09-10,23.565,92.707778,848.0,29.66044807434082,2.2,2.2,8.0,0.0,0.6818901511196053,68.18901511196053,0.47,1,WARNING,HIGH,2026-09-10T18:20:37.298651+00:00
AIZ_GRID_019_23.566667_92.708889,2026-09-10,23.566667,92.708889,850.0,19.91641616821289,2.2,2.2,8.0,0.0,0.35663349338684025,35.66334933868403,0.47,0,NO_WARNING,MODERATE,2026-09-10T18:20:37.298651+00:00
AIZ_GRID_049_23.773056_92.743611,2026-09-10,23.773056,92.743611,1000.0,32.821224212646484,4.7,4.7,8.0,0.0,0.8199593616091811,81.99593616091812,0.47,1,WARNING,CRITICAL,2026-09-10T18:20:37.298651+00:00
AIZ_GRID_050_23.774722_92.761944,2026-09-10,23.774722,92.761944,1118.0,20.5286808013916,5.8,5.8,8.0,0.0,0.16909243241759297,16.9092432417593,0.47,0,NO_WARNING,LOW,2026-09-10T18:20:37.298651+00:00
AIZ_GRID_050_23.773611_92.761111,2026-09-10,23.773611,92.761111,1122.0,10.189693450927734,5.8,5.8,8.0,0.0,0.10487549887073354,10.487549887073353,0.47,0,NO_WARNING,LOW,2026-09-10T18:20:37.298651+00:00
AIZ_GRID_041_23.748611_92.738611,2026-09-10,23.748611,92.738611,965.0,24.01010513305664,4.7,4.7,8.0,0.0,0.23846000996900985,23.846000996900983,0.47,0,NO_WARNING,LOW,2026-09-10T18:20:37.298651+00:00
AIZ_GRID_025_23.61_92.720833,2026-09-10,23.61,92.720833,885.0,29.97786331176757,2.2,2.2,8.0,0.0,0.6785967205139946,67.85967205139946,0.47,1,WARNING,HIGH,2026-09-10T18:20:37.298651+00:00
AIZ_GRID_025_23.606667_92.723056,2026-09-10,23.606667,92.723056,933.0,7.602117538452148,2.2,2.2,8.0,0.0,0.0559231990043708,5.59231990043708,0.47,0,NO_WARNING,LOW,2026-09-10T18:20:37.298651+00:00
AIZ_GRID_019_23.5925_92.716667,2026-09-10,23.5925,92.716667,778.0,24.607479095458984,2.2,2.2,8.0,0.0,0.3932124069167742,39.321240691677424,0.47,0,NO_WARNING,MODERATE,2026-09-10T18:20:37.298651+00:00
AIZ_GRID_019_23.587222_92.713611,2026-09-10,23.587222,92.713611,827.0,28.28663825988769,2.2,2.2,8.0,0.0,0.3950601683382555,39.506016833825555,0.47,0,NO_WARNING,MODERATE,2026-09-10T18:20:37.298651+00:00
AIZ_GRID_019_23.576944_92.713056,2026-09-10,23.576944,92.713056,906.0,19.28753471374512,2.2,2.2,8.0,0.0,0.19956037473191407,19.956037473191408,0.47,0,NO_WARNING,LOW,2026-09-10T18:20:37.298651+00:00
AIZ_GRID_019_23.580278_92.715,2026-09-10,23.580278,92.715,919.0,17.647506713867188,2.2,2.2,8.0,0.0,0.13838774864131403,13.838774864131404,0.47,0,NO_WARNING,LOW,2026-09-10T18:20:37.298651+00:00
AIZ_GRID_019_23.581389_92.714167,2026-09-10,23.581389,92.714167,910.0,27.45517921447754,2.2,2.2,8.0,0.0,0.26526934415705095,26.526934415705096,0.47,0,NO_WARNING,MODERATE,2026-09-10T18:20:37.298651+00:00
AIZ_GRID_019_23.586944_92.7175,2026-09-10,23.586944,92.7175,950.0,29.43382835388184,2.2,2.2,8.0,0.0,0.5830568974690774,58.30568974690774,0.47,1,WARNING,HIGH,2026-09-10T18:20:37.298651+00:00
AIZ_GRID_019_23.585556_92.715833,2026-09-10,23.585556,92.715833,931.0,25.51914405822754,2.2,2.2,8.0,0.0,0.2076964474858948,20.76964474858948,0.47,0,NO_WARNING,LOW,2026-09-10T18:20:37.298651+00:00
AIZ_GRID_019_23.585833_92.716389,2026-09-10,23.585833,92.716389,957.0,15.89365005493164,2.2,2.2,8.0,0.0,0.15102076613289978,15.102076613289977,0.47,0,NO_WARNING,LOW,2026-09-10T18:20:37.298651+00:00
AIZ_GRID_019_23.586389_92.715833,2026-09-10,23.586389,92.715833,919.0,18.54336929321289,2.2,2.2,8.0,0.0,0.13678691704048243,13.678691704048243,0.47,0,NO_WARNING,LOW,2026-09-10T18:20:37.298651+00:00
AIZ_GRID_033_23.653889_92.724444,2026-09-10,23.653889,92.724444,746.0,30.547348022460938,2.7,2.7,8.0,0.0,0.32650190419099634,32.65019041909964,0.47,0,NO_WARNING,MODERATE,2026-09-10T18:20:37.298651+00:00
AIZ_GRID_033_23.654167_92.717778,2026-09-10,23.654167,92.717778,893.0,36.9641227722168,2.7,2.7,8.0,0.0,0.7159713132687331,71.59713132687331,0.47,1,WARNING,HIGH,2026-09-10T18:20:37.298651+00:00
AIZ_GRID_033_23.655_92.714444,2026-09-10,23.655,92.714444,888.0,22.506441116333008,2.7,2.7,8.0,0.0,0.3236952737089447,32.36952737089447,0.47,0,NO_WARNING,MODERATE,2026-09-10T18:20:37.298651+00:00
AIZ_GRID_032_23.654167_92.69,2026-09-10,23.654167,92.69,871.0,23.85238265991211,5.0,5.0,8.0,0.0,0.404471188205951,40.4471188205951,0.47,0,NO_WARNING,MODERATE,2026-09-10T18:20:37.298651+00:00
AIZ_GRID_032_23.660556_92.672778,2026-09-10,23.660556,92.672778,1033.0,19.149185180664062,5.0,5.0,8.0,0.0,0.23239771483224672,23.239771483224672,0.47,0,NO_WARNING,LOW,2026-09-10T18:20:37.298651+00:00
AIZ_GRID_032_23.660833_92.672778,2026-09-10,23.660833,92.672778,1034.0,12.26225471496582,5.0,5.0,8.0,0.0,0.236971921657841,23.697192165784102,0.47,0,NO_WARNING,LOW,2026-09-10T18:20:37.298651+00:00
AIZ_GRID_032_23.657778_92.674444,2026-09-10,23.657778,92.674444,962.0,10.850753784179688,5.0,5.0,8.0,0.0,0.18896446343889345,18.896446343889345,0.47,0,NO_WARNING,LOW,2026-09-10T18:20:37.298651+00:00
AIZ_GRID_033_23.658611_92.705833,2026-09-10,23.658611,92.705833,878.0,13.473954200744627,2.7,2.7,8.0,0.0,0.3052468231430386,30.52468231430386,0.47,0,NO_WARNING,MODERATE,2026-09-10T18:20:37.298651+00:00
AIZ_GRID_033_23.681436_92.721442,2026-09-10,23.681436,92.721442,1017.0,29.33857727050781,2.7,2.7,8.0,0.0,0.5846833058991927,58.46833058991927,0.47,1,WARNING,HIGH,2026-09-10T18:20:37.298651+00:00
AIZ_GRID_042_23.735556_92.788333,2026-09-10,23.735556,92.788333,523.0,21.32184410095215,4.7,4.7,8.0,0.0,0.08914066344415983,8.914066344415982,0.47,0,NO_WARNING,LOW,2026-09-10T18:20:37.298651+00:00
AIZ_GRID_042_23.726944_92.795278,2026-09-10,23.726944,92.795278,265.0,17.090373992919922,4.7,4.7,8.0,0.0,0.11409813434227269,11.409813434227269,0.47,0,NO_WARNING,LOW,2026-09-10T18:20:37.298651+00:00
AIZ_GRID_042_23.732778_92.797222,2026-09-10,23.732778,92.797222,261.0,18.84522247314453,4.7,4.7,8.0,0.0,0.08390617102949759,8.390617102949758,0.47,0,NO_WARNING,LOW,2026-09-10T18:20:37.298651+00:00
AIZ_GRID_042_23.734167_92.798611,2026-09-10,23.734167,92.798611,293.0,12.792301177978516,4.7,4.7,8.0,0.0,0.17826018336949434,17.826018336949435,0.47,0,NO_WARNING,LOW,2026-09-10T18:20:37.298651+00:00
AIZ_GRID_042_23.745556_92.794444,2026-09-10,23.745556,92.794444,358.0,37.00834655761719,4.7,4.7,8.0,0.0,0.1398608166233379,13.98608166233379,0.47,0,NO_WARNING,LOW,2026-09-10T18:20:37.298651+00:00
AIZ_GRID_042_23.736667_92.797222,2026-09-10,23.736667,92.797222,321.0,9.1850004196167,4.7,4.7,8.0,0.0,0.15951110150736864,15.951110150736863,0.47,0,NO_WARNING,LOW,2026-09-10T18:20:37.298651+00:00
AIZ_GRID_042_23.736389_92.798056,2026-09-10,23.736389,92.798056,339.0,14.958802223205566,4.7,4.7,8.0,0.0,0.14816735876390907,14.816735876390908,0.47,0,NO_WARNING,LOW,2026-09-10T18:20:37.298651+00:00
AIZ_GRID_042_23.735833_92.798889,2026-09-10,23.735833,92.798889,362.0,35.21625518798828,4.7,4.7,8.0,0.0,0.14019053876355017,14.019053876355017,0.47,0,NO_WARNING,LOW,2026-09-10T18:20:37.298651+00:00
AIZ_GRID_042_23.736389_92.8,2026-09-10,23.736389,92.8,366.0,33.610679626464844,4.7,4.7,8.0,0.0,0.15956361929346388,15.956361929346388,0.47,0,NO_WARNING,LOW,2026-09-10T18:20:37.298651+00:00
AIZ_GRID_043_23.735556_92.800278,2026-09-10,23.735556,92.800278,347.0,14.880057334899902,1.6,1.6,8.0,0.0,0.12055908230540165,12.055908230540165,0.47,0,NO_WARNING,LOW,2026-09-10T18:20:37.298651+00:00
AIZ_GRID_042_23.719722_92.797778,2026-09-10,23.719722,92.797778,220.0,23.86218643188477,4.7,4.7,8.0,0.0,0.11449476045127042,11.449476045127042,0.47,0,NO_WARNING,LOW,2026-09-10T18:20:37.298651+00:00
AIZ_GRID_043_23.722222_92.801389,2026-09-10,23.722222,92.801389,197.0,33.3203125,1.6,1.6,8.0,0.0,0.16945369902727092,16.94536990272709,0.47,0,NO_WARNING,LOW,2026-09-10T18:20:37.298651+00:00
AIZ_GRID_043_23.733056_92.847778,2026-09-10,23.733056,92.847778,756.0,40.45203399658203,1.6,1.6,8.0,0.0,0.35620179648983813,35.620179648983815,0.47,0,NO_WARNING,MODERATE,2026-09-10T18:20:37.298651+00:00
AIZ_GRID_051_23.760833_92.8475,2026-09-10,23.760833,92.8475,780.0,26.522600173950195,2.5,2.5,8.0,0.0,0.41934939267199384,41.93493926719938,0.47,0,NO_WARNING,MODERATE,2026-09-10T18:20:37.298651+00:00
AIZ_GRID_070_23.869722_92.876111,2026-09-10,23.869722,92.876111,977.0,17.17852783203125,2.2,2.2,8.0,0.0,0.13372911897174922,13.372911897174921,0.47,0,NO_WARNING,LOW,2026-09-10T18:20:37.298651+00:00
AIZ_GRID_059_23.807506_92.834172,2026-09-10,23.807506,92.834172,530.0,24.405174255371097,2.5,2.5,8.0,0.0,0.01432453146466217,1.432453146466217,0.47,0,NO_WARNING,LOW,2026-09-10T18:20:37.298651+00:00
AIZ_GRID_041_23.723278_92.702222,2026-09-10,23.723278,92.702222,912.0,34.640350341796875,4.7,4.7,8.0,0.0,0.7967655868869515,79.67655868869515,0.47,1,WARNING,CRITICAL,2026-09-10T18:20:37.298651+00:00
AIZ_GRID_033_23.655306_92.7025,2026-09-10,23.655306,92.7025,907.0,28.334793090820312,2.7,2.7,8.0,0.0,0.3781564047000943,37.815640470009434,0.47,0,NO_WARNING,MODERATE,2026-09-10T18:20:37.298651+00:00
AIZ_GRID_041_23.708278_92.717111,2026-09-10,23.708278,92.717111,1014.0,25.04520797729492,4.7,4.7,8.0,0.0,0.268245035908468,26.8245035908468,0.47,0,NO_WARNING,MODERATE,2026-09-10T18:20:37.298651+00:00
AIZ_GRID_057_23.829501_92.736459,2026-09-10,23.829501,92.736459,1291.0,33.342323303222656,5.8,5.8,8.0,0.0,0.7306179157008967,73.06179157008967,0.47,1,WARNING,HIGH,2026-09-10T18:20:37.298651+00:00
AIZ_GRID_057_23.828321_92.73701,2026-09-10,23.828321,92.73701,1270.0,39.01408386230469,5.8,5.8,8.0,0.0,0.7119390558917471,71.1939055891747,0.47,1,WARNING,HIGH,2026-09-10T18:20:37.298651+00:00
AIZ_GRID_019_23.599444_92.720194,2026-09-10,23.599444,92.720194,766.0,30.603565216064453,2.2,2.2,8.0,0.0,0.5257467044760241,52.574670447602415,0.47,1,WARNING,HIGH,2026-09-10T18:20:37.298651+00:00
AIZ_GRID_012_23.519806_92.700667,2026-09-10,23.519806,92.700667,788.0,33.6378288269043,5.7,5.7,8.0,0.0,0.7855910779802179,78.55910779802178,0.47,1,WARNING,CRITICAL,2026-09-10T18:20:37.298651+00:00
AIZ_GRID_117_24.271389_92.96,2026-09-10,24.271389,92.96,775.0,20.5286808013916,2.9,2.9,8.0,0.0,0.4211823137479502,42.118231374795016,0.47,0,NO_WARNING,MODERATE,2026-09-10T18:20:37.298651+00:00
AIZ_GRID_111_24.182528_92.949917,2026-09-10,24.182528,92.949917,450.0,17.289247512817383,2.5,2.5,8.0,0.0,0.05273289645464978,5.273289645464978,0.47,0,NO_WARNING,LOW,2026-09-10T18:20:37.298651+00:00
AIZ_GRID_070_23.866389_92.881389,2026-09-10,23.866389,92.881389,944.0,30.37324523925781,2.2,2.2,8.0,0.0,0.6321041572191477,63.21041572191477,0.47,1,WARNING,HIGH,2026-09-10T18:20:37.298651+00:00
AIZ_GRID_019_23.571667_92.710833,2026-09-10,23.571667,92.710833,865.0,20.948665618896484,2.2,2.2,8.0,0.0,0.33748970218839686,33.74897021883969,0.47,0,NO_WARNING,MODERATE,2026-09-10T18:20:37.298651+00:00
AIZ_GRID_019_23.583889_92.717222,2026-09-10,23.583889,92.717222,972.0,12.113170623779297,2.2,2.2,8.0,0.0,0.16550787941821368,16.55078794182137,0.47,0,NO_WARNING,LOW,2026-09-10T18:20:37.298651+00:00
AIZ_GRID_019_23.585917_92.717778,2026-09-10,23.585917,92.717778,958.0,10.6621675491333,2.2,2.2,8.0,0.0,0.11774053910560434,11.774053910560433,0.47,0,NO_WARNING,LOW,2026-09-10T18:20:37.298651+00:00
AIZ_GRID_019_23.559444_92.708333,2026-09-10,23.559444,92.708333,786.0,15.769800186157228,2.2,2.2,8.0,0.0,0.3852552625902647,38.52552625902647,0.47,0,NO_WARNING,MODERATE,2026-09-10T18:20:37.298651+00:00
AIZ_GRID_012_23.543806_92.701361,2026-09-10,23.543806,92.701361,784.0,17.675397872924805,5.7,5.7,8.0,0.0,0.38643717749805395,38.6437177498054,0.47,0,NO_WARNING,MODERATE,2026-09-10T18:20:37.298651+00:00
AIZ_GRID_012_23.540278_92.701389,2026-09-10,23.540278,92.701389,875.0,26.749317169189453,5.7,5.7,8.0,0.0,0.4360485609578288,43.60485609578288,0.47,0,NO_WARNING,MODERATE,2026-09-10T18:20:37.298651+00:00
AIZ_GRID_012_23.539861_92.700639,2026-09-10,23.539861,92.700639,856.0,23.523117065429688,5.7,5.7,8.0,0.0,0.38118008562502115,38.11800856250211,0.47,0,NO_WARNING,MODERATE,2026-09-10T18:20:37.298651+00:00
AIZ_GRID_011_23.535_92.696944,2026-09-10,23.535,92.696944,827.0,46.80855178833008,6.3,6.3,8.0,0.0,0.8084679575603788,80.84679575603788,0.47,1,WARNING,CRITICAL,2026-09-10T18:20:37.298651+00:00
AIZ_GRID_011_23.533333_92.697222,2026-09-10,23.533333,92.697222,825.0,39.73119354248047,6.3,6.3,8.0,0.0,0.7744217158072784,77.44217158072783,0.47,1,WARNING,CRITICAL,2026-09-10T18:20:37.298651+00:00
AIZ_GRID_011_23.529722_92.696111,2026-09-10,23.529722,92.696111,813.0,37.58553314208984,6.3,6.3,8.0,0.0,0.7779504718881255,77.79504718881255,0.47,1,WARNING,CRITICAL,2026-09-10T18:20:37.298651+00:00
AIZ_GRID_009_23.499917_92.701361,2026-09-10,23.499917,92.701361,896.0,20.1423397064209,6.0,6.0,8.0,0.0,0.30692109790619576,30.692109790619575,0.47,0,NO_WARNING,MODERATE,2026-09-10T18:20:37.298651+00:00
AIZ_GRID_012_23.5_92.701111,2026-09-10,23.5,92.701111,883.0,26.815889358520508,5.7,5.7,8.0,0.0,0.43611569541169803,43.6115695411698,0.47,0,NO_WARNING,MODERATE,2026-09-10T18:20:37.298651+00:00
AIZ_GRID_048_23.781389_92.676389,2026-09-10,23.781389,92.676389,447.0,30.97755241394043,10.4,10.4,8.0,0.0,0.2143171863305882,21.431718633058818,0.47,0,NO_WARNING,LOW,2026-09-10T18:20:37.298651+00:00
AIZ_GRID_028_23.634722_92.855,2026-09-10,23.634722,92.855,1049.0,19.414628982543945,1.4,1.4,8.0,0.0,0.20972881774874572,20.972881774874573,0.47,0,NO_WARNING,LOW,2026-09-10T18:20:37.298651+00:00
AIZ_GRID_028_23.608611_92.850556,2026-09-10,23.608611,92.850556,1132.0,19.981767654418945,1.4,1.4,8.0,0.0,0.18280719736329656,18.280719736329658,0.47,0,NO_WARNING,LOW,2026-09-10T18:20:37.298651+00:00
AIZ_GRID_041_23.733056_92.75,2026-09-10,23.733056,92.75,967.0,33.75522232055664,4.7,4.7,8.0,0.0,0.810573116681997,81.0573116681997,0.47,1,WARNING,CRITICAL,2026-09-10T18:20:37.298651+00:00
AIZ_GRID_041_23.732222_92.75,2026-09-10,23.732222,92.75,929.0,35.276466369628906,4.7,4.7,8.0,0.0,0.7707238130108617,77.07238130108617,0.47,1,WARNING,CRITICAL,2026-09-10T18:20:37.298651+00:00
AIZ_GRID_041_23.731944_92.75,2026-09-10,23.731944,92.75,931.0,39.39154052734375,4.7,4.7,8.0,0.0,0.7747403094903786,77.47403094903787,0.47,1,WARNING,CRITICAL,2026-09-10T18:20:37.298651+00:00
AIZ_GRID_041_23.740833_92.741111,2026-09-10,23.740833,92.741111,950.0,30.864177703857425,4.7,4.7,8.0,0.0,0.7929278798608197,79.29278798608198,0.47,1,WARNING,CRITICAL,2026-09-10T18:20:37.298651+00:00
AIZ_GRID_041_23.749167_92.7375,2026-09-10,23.749167,92.7375,1027.0,29.58232879638672,4.7,4.7,8.0,0.0,0.6961436551344253,69.61436551344254,0.47,1,WARNING,HIGH,2026-09-10T18:20:37.298651+00:00
AIZ_GRID_049_23.769722_92.744722,2026-09-10,23.769722,92.744722,1170.0,29.93304443359375,4.7,4.7,8.0,0.0,0.603167377869131,60.3167377869131,0.47,1,WARNING,HIGH,2026-09-10T18:20:37.298651+00:00
AIZ_GRID_049_23.763889_92.733889,2026-09-10,23.763889,92.733889,1189.0,44.719764709472656,4.7,4.7,8.0,0.0,0.7475979841370861,74.75979841370861,0.47,1,WARNING,HIGH,2026-09-10T18:20:37.298651+00:00
AIZ_GRID_049_23.760556_92.731944,2026-09-10,23.760556,92.731944,1131.0,34.0235710144043,4.7,4.7,8.0,0.0,0.7506832202705673,75.06832202705674,0.47,1,WARNING,CRITICAL,2026-09-10T18:20:37.298651+00:00
AIZ_GRID_041_23.715833_92.72,2026-09-10,23.715833,92.72,1041.0,16.08530616760254,4.7,4.7,8.0,0.0,0.22703899056773175,22.703899056773174,0.47,0,NO_WARNING,LOW,2026-09-10T18:20:37.298651+00:00
AIZ_GRID_041_23.738889_92.714722,2026-09-10,23.738889,92.714722,1091.0,38.11953353881836,4.7,4.7,8.0,0.0,0.7900451782075064,79.00451782075064,0.47,1,WARNING,CRITICAL,2026-09-10T18:20:37.298651+00:00
AIZ_GRID_041_23.736944_92.715,2026-09-10,23.736944,92.715,1096.0,39.189720153808594,4.7,4.7,8.0,0.0,0.7778990507014935,77.78990507014935,0.47,1,WARNING,CRITICAL,2026-09-10T18:20:37.298651+00:00
AIZ_GRID_040_23.749167_92.694167,2026-09-10,23.749167,92.694167,816.0,27.463850021362305,7.6,7.6,8.0,0.0,0.4370883912442185,43.70883912442185,0.47,0,NO_WARNING,MODERATE,2026-09-10T18:20:37.298651+00:00
AIZ_GRID_041_23.741944_92.713056,2026-09-10,23.741944,92.713056,920.0,24.52652359008789,4.7,4.7,8.0,0.0,0.30390454342887696,30.390454342887697,0.47,0,NO_WARNING,MODERATE,2026-09-10T18:20:37.298651+00:00
AIZ_GRID_041_23.743889_92.712222,2026-09-10,23.743889,92.712222,820.0,29.562744140625,4.7,4.7,8.0,0.0,0.7989732125797706,79.89732125797705,0.47,1,WARNING,CRITICAL,2026-09-10T18:20:37.298651+00:00
AIZ_GRID_041_23.747222_92.718056,2026-09-10,23.747222,92.718056,951.0,36.59699249267578,4.7,4.7,8.0,0.0,0.7944462319934171,79.44462319934172,0.47,1,WARNING,CRITICAL,2026-09-10T18:20:37.298651+00:00
AIZ_GRID_033_23.692778_92.720556,2026-09-10,23.692778,92.720556,989.0,23.36318588256836,2.7,2.7,8.0,0.0,0.16649642351492566,16.649642351492567,0.47,0,NO_WARNING,LOW,2026-09-10T18:20:37.298651+00:00
AIZ_GRID_033_23.697778_92.719444,2026-09-10,23.697778,92.719444,1007.0,38.66463851928711,2.7,2.7,8.0,0.0,0.7087726139044962,70.87726139044962,0.47,1,WARNING,HIGH,2026-09-10T18:20:37.298651+00:00
AIZ_GRID_033_23.699722_92.7175,2026-09-10,23.699722,92.7175,1021.0,42.90288162231445,2.7,2.7,8.0,0.0,0.7434373247962213,74.34373247962213,0.47,1,WARNING,HIGH,2026-09-10T18:20:37.298651+00:00
AIZ_GRID_041_23.709722_92.722222,2026-09-10,23.709722,92.722222,930.0,46.35157775878906,4.7,4.7,8.0,0.0,0.8102793420694021,81.02793420694022,0.47,1,WARNING,CRITICAL,2026-09-10T18:20:37.298651+00:00
AIZ_GRID_033_23.699444_92.719722,2026-09-10,23.699444,92.719722,1073.0,18.351364135742188,2.7,2.7,8.0,0.0,0.14367116960319584,14.367116960319585,0.47,0,NO_WARNING,LOW,2026-09-10T18:20:37.298651+00:00
AIZ_GRID_033_23.689167_92.720556,2026-09-10,23.689167,92.720556,1032.0,24.37499237060547,2.7,2.7,8.0,0.0,0.18361064132443283,18.361064132443282,0.47,0,NO_WARNING,LOW,2026-09-10T18:20:37.298651+00:00
AIZ_GRID_041_23.702778_92.720833,2026-09-10,23.702778,92.720833,872.0,31.38419532775879,4.7,4.7,8.0,0.0,0.8441814443336306,84.41814443336307,0.47,1,WARNING,CRITICAL,2026-09-10T18:20:37.298651+00:00
AIZ_GRID_041_23.7025_92.721389,2026-09-10,23.7025,92.721389,853.0,36.096439361572266,4.7,4.7,8.0,0.0,0.810290125781183,81.0290125781183,0.47,1,WARNING,CRITICAL,2026-09-10T18:20:37.298651+00:00
AIZ_GRID_033_23.698056_92.722778,2026-09-10,23.698056,92.722778,869.0,32.23304748535156,2.7,2.7,8.0,0.0,0.7225097189369192,72.25097189369191,0.47,1,WARNING,HIGH,2026-09-10T18:20:37.298651+00:00
AIZ_GRID_033_23.693611_92.7225,2026-09-10,23.693611,92.7225,867.0,34.92423248291016,2.7,2.7,8.0,0.0,0.7124166983780742,71.24166983780742,0.47,1,WARNING,HIGH,2026-09-10T18:20:37.298651+00:00
AIZ_GRID_033_23.664167_92.720556,2026-09-10,23.664167,92.720556,1064.0,19.5496826171875,2.7,2.7,8.0,0.0,0.17295157698546984,17.295157698546983,0.47,0,NO_WARNING,LOW,2026-09-10T18:20:37.298651+00:00
AIZ_GRID_033_23.660556_92.725278,2026-09-10,23.660556,92.725278,857.0,26.40682029724121,2.7,2.7,8.0,0.0,0.36422080189626693,36.42208018962669,0.47,0,NO_WARNING,MODERATE,2026-09-10T18:20:37.298651+00:00
AIZ_GRID_033_23.66_92.726389,2026-09-10,23.66,92.726389,872.0,29.110328674316406,2.7,2.7,8.0,0.0,0.6742275678593507,67.42275678593506,0.47,1,WARNING,HIGH,2026-09-10T18:20:37.298651+00:00
AIZ_GRID_033_23.655278_92.726944,2026-09-10,23.655278,92.726944,829.0,18.79589080810547,2.7,2.7,8.0,0.0,0.27113984566076565,27.113984566076567,0.47,0,NO_WARNING,MODERATE,2026-09-10T18:20:37.298651+00:00
AIZ_GRID_033_23.651389_92.726944,2026-09-10,23.651389,92.726944,787.0,18.351364135742188,2.7,2.7,8.0,0.0,0.33526878691663736,33.52687869166374,0.47,0,NO_WARNING,MODERATE,2026-09-10T18:20:37.298651+00:00
AIZ_GRID_025_23.645556_92.724444,2026-09-10,23.645556,92.724444,807.0,31.02042388916016,2.2,2.2,8.0,0.0,0.6777608758481359,67.7760875848136,0.47,1,WARNING,HIGH,2026-09-10T18:20:37.298651+00:00
AIZ_GRID_025_23.644444_92.725278,2026-09-10,23.644444,92.725278,826.0,20.1423397064209,2.2,2.2,8.0,0.0,0.36712644548010553,36.71264454801055,0.47,0,NO_WARNING,MODERATE,2026-09-10T18:20:37.298651+00:00
AIZ_GRID_025_23.641667_92.724167,2026-09-10,23.641667,92.724167,811.0,23.095861434936523,2.2,2.2,8.0,0.0,0.3469028643730577,34.690286437305765,0.47,0,NO_WARNING,MODERATE,2026-09-10T18:20:37.298651+00:00
AIZ_GRID_025_23.640833_92.724722,2026-09-10,23.640833,92.724722,842.0,26.116567611694336,2.2,2.2,8.0,0.0,0.37273705967854937,37.27370596785494,0.47,0,NO_WARNING,MODERATE,2026-09-10T18:20:37.298651+00:00
AIZ_GRID_025_23.6375_92.722778,2026-09-10,23.6375,92.722778,826.0,34.640350341796875,2.2,2.2,8.0,0.0,0.7115177611290786,71.15177611290787,0.47,1,WARNING,HIGH,2026-09-10T18:20:37.298651+00:00
AIZ_GRID_025_23.626111_92.726389,2026-09-10,23.626111,92.726389,780.0,32.59394836425781,2.2,2.2,8.0,0.0,0.6352228802963478,63.52228802963478,0.47,1,WARNING,HIGH,2026-09-10T18:20:37.298651+00:00
AIZ_GRID_025_23.6325_92.723889,2026-09-10,23.6325,92.723889,798.0,33.97532272338867,2.2,2.2,8.0,0.0,0.6582485367119671,65.82485367119672,0.47,1,WARNING,HIGH,2026-09-10T18:20:37.298651+00:00
AIZ_GRID_025_23.629722_92.725556,2026-09-10,23.629722,92.725556,794.0,23.18412399291992,2.2,2.2,8.0,0.0,0.3999756690819647,39.99756690819647,0.47,0,NO_WARNING,MODERATE,2026-09-10T18:20:37.298651+00:00
AIZ_GRID_025_23.616111_92.717222,2026-09-10,23.616111,92.717222,904.0,17.45937156677246,2.2,2.2,8.0,0.0,0.14635389240681348,14.635389240681349,0.47,0,NO_WARNING,LOW,2026-09-10T18:20:37.298651+00:00
AIZ_GRID_025_23.618611_92.726111,2026-09-10,23.618611,92.726111,807.0,24.19359397888184,2.2,2.2,8.0,0.0,0.3350051996002211,33.50051996002211,0.47,0,NO_WARNING,MODERATE,2026-09-10T18:20:37.298651+00:00
AIZ_GRID_025_23.605556_92.725,2026-09-10,23.605556,92.725,894.0,25.476280212402344,2.2,2.2,8.0,0.0,0.27973810716949205,27.973810716949206,0.47,0,NO_WARNING,MODERATE,2026-09-10T18:20:37.298651+00:00
AIZ_GRID_020_23.586944_92.8175,2026-09-10,23.586944,92.8175,623.0,19.414628982543945,2.6,2.6,8.0,0.0,0.052518577364139576,5.251857736413958,0.47,0,NO_WARNING,LOW,2026-09-10T18:20:37.298651+00:00
AIZ_GRID_019_23.591944_92.750556,2026-09-10,23.591944,92.750556,693.0,18.351364135742188,2.2,2.2,8.0,0.0,0.12717181797623456,12.717181797623455,0.47,0,NO_WARNING,LOW,2026-09-10T18:20:37.298651+00:00
AIZ_GRID_020_23.595_92.816111,2026-09-10,23.595,92.816111,590.0,35.0204963684082,2.6,2.6,8.0,0.0,0.14858474466513258,14.858474466513258,0.47,0,NO_WARNING,LOW,2026-09-10T18:20:37.298651+00:00
AIZ_GRID_027_23.608611_92.809722,2026-09-10,23.608611,92.809722,489.0,33.55191421508789,2.7,2.7,8.0,0.0,0.06148664588443331,6.1486645884433315,0.47,0,NO_WARNING,LOW,2026-09-10T18:20:37.298651+00:00
AIZ_GRID_027_23.609722_92.809167,2026-09-10,23.609722,92.809167,528.0,29.707422256469727,2.7,2.7,8.0,0.0,0.05800795420907608,5.800795420907608,0.47,0,NO_WARNING,LOW,2026-09-10T18:20:37.298651+00:00
AIZ_GRID_027_23.613611_92.807778,2026-09-10,23.613611,92.807778,541.0,19.768285751342773,2.7,2.7,8.0,0.0,0.023815178068289557,2.3815178068289558,0.47,0,NO_WARNING,LOW,2026-09-10T18:20:37.298651+00:00
AIZ_GRID_027_23.612222_92.805278,2026-09-10,23.612222,92.805278,442.0,29.87653160095215,2.7,2.7,8.0,0.0,0.04832584475943193,4.832584475943193,0.47,0,NO_WARNING,LOW,2026-09-10T18:20:37.298651+00:00
AIZ_GRID_027_23.611389_92.803333,2026-09-10,23.611389,92.803333,461.0,40.75917053222656,2.7,2.7,8.0,0.0,0.12824060014844169,12.824060014844168,0.47,0,NO_WARNING,LOW,2026-09-10T18:20:37.298651+00:00
AIZ_GRID_026_23.616111_92.797778,2026-09-10,23.616111,92.797778,407.0,28.669931411743164,2.7,2.7,8.0,0.0,0.02539504421873244,2.539504421873244,0.47,0,NO_WARNING,LOW,2026-09-10T18:20:37.298651+00:00
AIZ_GRID_026_23.614722_92.795833,2026-09-10,23.614722,92.795833,382.0,38.54449462890625,2.7,2.7,8.0,0.0,0.06190672739998534,6.190672739998534,0.47,0,NO_WARNING,LOW,2026-09-10T18:20:37.298651+00:00
AIZ_GRID_026_23.618611_92.79,2026-09-10,23.618611,92.79,321.0,2.9555916786193848,2.7,2.7,8.0,0.0,0.10698082518296963,10.698082518296962,0.47,0,NO_WARNING,LOW,2026-09-10T18:20:37.298651+00:00
AIZ_GRID_026_23.623333_92.788889,2026-09-10,23.623333,92.788889,213.0,39.47304534912109,2.7,2.7,8.0,0.0,0.11981756893896035,11.981756893896035,0.47,0,NO_WARNING,LOW,2026-09-10T18:20:37.298651+00:00
AIZ_GRID_026_23.623611_92.788889,2026-09-10,23.623611,92.788889,221.0,41.08526992797852,2.7,2.7,8.0,0.0,0.18795761750587606,18.795761750587605,0.47,0,NO_WARNING,LOW,2026-09-10T18:20:37.298651+00:00
AIZ_GRID_026_23.625278_92.786389,2026-09-10,23.625278,92.786389,189.0,12.226375579833984,2.7,2.7,8.0,0.0,0.17393510664034,17.393510664034,0.47,0,NO_WARNING,LOW,2026-09-10T18:20:37.298651+00:00
AIZ_GRID_026_23.601111_92.758889,2026-09-10,23.601111,92.758889,575.0,24.1611557006836,2.7,2.7,8.0,0.0,0.09156165010280451,9.156165010280452,0.47,0,NO_WARNING,LOW,2026-09-10T18:20:37.298651+00:00
AIZ_GRID_019_23.595278_92.717222,2026-09-10,23.595278,92.717222,732.0,17.710098266601562,2.2,2.2,8.0,0.0,0.17354415544170582,17.354415544170582,0.47,0,NO_WARNING,LOW,2026-09-10T18:20:37.298651+00:00
AIZ_GRID_019_23.590556_92.716111,2026-09-10,23.590556,92.716111,770.0,21.52736473083496,2.2,2.2,8.0,0.0,0.3958652500816729,39.58652500816729,0.47,0,NO_WARNING,MODERATE,2026-09-10T18:20:37.298651+00:00
AIZ_GRID_019_23.590278_92.715833,2026-09-10,23.590278,92.715833,782.0,20.421350479125977,2.2,2.2,8.0,0.0,0.4084890806260813,40.84890806260813,0.47,0,NO_WARNING,MODERATE,2026-09-10T18:20:37.298651+00:00
AIZ_GRID_019_23.586389_92.713889,2026-09-10,23.586389,92.713889,823.0,36.12057876586914,2.2,2.2,8.0,0.0,0.6901018973191453,69.01018973191452,0.47,1,WARNING,HIGH,2026-09-10T18:20:37.298651+00:00
AIZ_GRID_019_23.583889_92.711667,2026-09-10,23.583889,92.711667,816.0,13.693663597106934,2.2,2.2,8.0,0.0,0.3005762396123375,30.057623961233748,0.47,0,NO_WARNING,MODERATE,2026-09-10T18:20:37.298651+00:00
AIZ_GRID_019_23.571389_92.709722,2026-09-10,23.571389,92.709722,860.0,27.484453201293945,2.2,2.2,8.0,0.0,0.3703433107633786,37.034331076337864,0.47,0,NO_WARNING,MODERATE,2026-09-10T18:20:37.298651+00:00
AIZ_GRID_019_23.570556_92.708889,2026-09-10,23.570556,92.708889,889.0,21.697189331054688,2.2,2.2,8.0,0.0,0.3294153433441198,32.94153433441198,0.47,0,NO_WARNING,MODERATE,2026-09-10T18:20:37.298651+00:00
AIZ_GRID_019_23.570278_92.707222,2026-09-10,23.570278,92.707222,856.0,25.835494995117188,2.2,2.2,8.0,0.0,0.34877740062701046,34.877740062701044,0.47,0,NO_WARNING,MODERATE,2026-09-10T18:20:37.298651+00:00
AIZ_GRID_019_23.553889_92.704722,2026-09-10,23.553889,92.704722,825.0,11.157310485839844,2.2,2.2,8.0,0.0,0.2776381395170552,27.76381395170552,0.47,0,NO_WARNING,MODERATE,2026-09-10T18:20:37.298651+00:00
AIZ_GRID_019_23.554444_92.705278,2026-09-10,23.554444,92.705278,821.0,9.732787132263184,2.2,2.2,8.0,0.0,0.21932496863308365,21.932496863308366,0.47,0,NO_WARNING,LOW,2026-09-10T18:20:37.298651+00:00
AIZ_GRID_019_23.5625_92.707778,2026-09-10,23.5625,92.707778,819.0,17.675397872924805,2.2,2.2,8.0,0.0,0.2743327479011088,27.43327479011088,0.47,0,NO_WARNING,MODERATE,2026-09-10T18:20:37.298651+00:00
AIZ_GRID_019_23.565556_92.7075,2026-09-10,23.565556,92.7075,832.0,34.170413970947266,2.2,2.2,8.0,0.0,0.712009950087092,71.2009950087092,0.47,1,WARNING,HIGH,2026-09-10T18:20:37.298651+00:00
AIZ_GRID_019_23.55_92.704444,2026-09-10,23.55,92.704444,832.0,33.73912811279297,2.2,2.2,8.0,0.0,0.712009950087092,71.2009950087092,0.47,1,WARNING,HIGH,2026-09-10T18:20:37.298651+00:00
AIZ_GRID_012_23.532222_92.735,2026-09-10,23.532222,92.735,990.0,14.769588470458984,5.7,5.7,8.0,0.0,0.19183203662693296,19.183203662693295,0.47,0,NO_WARNING,LOW,2026-09-10T18:20:37.298651+00:00
AIZ_GRID_012_23.535556_92.723333,2026-09-10,23.535556,92.723333,914.0,8.517380714416504,5.7,5.7,8.0,0.0,0.11263917814077787,11.263917814077788,0.47,0,NO_WARNING,LOW,2026-09-10T18:20:37.298651+00:00
AIZ_GRID_012_23.538056_92.718611,2026-09-10,23.538056,92.718611,884.0,12.012615203857422,5.7,5.7,8.0,0.0,0.3397534816225399,33.97534816225399,0.47,0,NO_WARNING,MODERATE,2026-09-10T18:20:37.298651+00:00
AIZ_GRID_012_23.548333_92.710833,2026-09-10,23.548333,92.710833,937.0,13.521445274353027,5.7,5.7,8.0,0.0,0.20104456740580148,20.104456740580147,0.47,0,NO_WARNING,LOW,2026-09-10T18:20:37.298651+00:00
AIZ_GRID_012_23.548889_92.705556,2026-09-10,23.548889,92.705556,919.0,29.59077835083008,5.7,5.7,8.0,0.0,0.7081440114338261,70.81440114338261,0.47,1,WARNING,HIGH,2026-09-10T18:20:37.298651+00:00
AIZ_GRID_012_23.545_92.703333,2026-09-10,23.545,92.703333,863.0,28.738073348999023,5.7,5.7,8.0,0.0,0.5662250535007134,56.622505350071336,0.47,1,WARNING,HIGH,2026-09-10T18:20:37.298651+00:00
AIZ_GRID_011_23.536944_92.6975,2026-09-10,23.536944,92.6975,834.0,27.686426162719727,6.3,6.3,8.0,0.0,0.42702015876569066,42.702015876569064,0.47,0,NO_WARNING,MODERATE,2026-09-10T18:20:37.298651+00:00
AIZ_GRID_011_23.536111_92.697778,2026-09-10,23.536111,92.697778,891.0,36.53855514526367,6.3,6.3,8.0,0.0,0.7861681580677343,78.61681580677343,0.47,1,WARNING,CRITICAL,2026-09-10T18:20:37.298651+00:00
AIZ_GRID_011_23.535556_92.696944,2026-09-10,23.535556,92.696944,871.0,25.01380729675293,6.3,6.3,8.0,0.0,0.3626158405159791,36.261584051597914,0.47,0,NO_WARNING,MODERATE,2026-09-10T18:20:37.298651+00:00
AIZ_GRID_011_23.530278_92.696667,2026-09-10,23.530278,92.696667,852.0,42.04297256469727,6.3,6.3,8.0,0.0,0.8078024462952142,80.78024462952142,0.47,1,WARNING,CRITICAL,2026-09-10T18:20:37.298651+00:00
AIZ_GRID_011_23.528611_92.6975,2026-09-10,23.528611,92.6975,857.0,34.13237762451172,6.3,6.3,8.0,0.0,0.7954971587887653,79.54971587887653,0.47,1,WARNING,CRITICAL,2026-09-10T18:20:37.298651+00:00
AIZ_GRID_011_23.527778_92.698611,2026-09-10,23.527778,92.698611,820.0,23.66540145874023,6.3,6.3,8.0,0.0,0.3873527727437971,38.73527727437971,0.47,0,NO_WARNING,MODERATE,2026-09-10T18:20:37.298651+00:00
AIZ_GRID_012_23.522778_92.702778,2026-09-10,23.522778,92.702778,807.0,24.79594039916992,5.7,5.7,8.0,0.0,0.4126367120769499,41.26367120769499,0.47,0,NO_WARNING,MODERATE,2026-09-10T18:20:37.298651+00:00
AIZ_GRID_012_23.519444_92.700556,2026-09-10,23.519444,92.700556,805.0,25.67679786682129,5.7,5.7,8.0,0.0,0.41513920362258655,41.51392036225865,0.47,0,NO_WARNING,MODERATE,2026-09-10T18:20:37.298651+00:00
AIZ_GRID_011_23.514444_92.698056,2026-09-10,23.514444,92.698056,826.0,15.696943283081056,6.3,6.3,8.0,0.0,0.3117078763343041,31.170787633430407,0.47,0,NO_WARNING,MODERATE,2026-09-10T18:20:37.298651+00:00
AIZ_GRID_011_23.510556_92.699722,2026-09-10,23.510556,92.699722,825.0,34.256961822509766,6.3,6.3,8.0,0.0,0.7950256339877855,79.50256339877855,0.47,1,WARNING,CRITICAL,2026-09-10T18:20:37.298651+00:00
AIZ_GRID_011_23.508611_92.698056,2026-09-10,23.508611,92.698056,840.0,25.545066833496097,6.3,6.3,8.0,0.0,0.39776425570005114,39.77642557000512,0.47,0,NO_WARNING,MODERATE,2026-09-10T18:20:37.298651+00:00
AIZ_GRID_011_23.506944_92.696389,2026-09-10,23.506944,92.696389,847.0,26.36637687683105,6.3,6.3,8.0,0.0,0.3922878020218039,39.22878020218039,0.47,0,NO_WARNING,MODERATE,2026-09-10T18:20:37.298651+00:00
AIZ_GRID_011_23.505278_92.6975,2026-09-10,23.505278,92.6975,854.0,24.19708824157715,6.3,6.3,8.0,0.0,0.3643731427374935,36.43731427374935,0.47,0,NO_WARNING,MODERATE,2026-09-10T18:20:37.298651+00:00
AIZ_GRID_019_23.550278_92.704444,2026-09-10,23.550278,92.704444,826.0,30.67173194885254,2.2,2.2,8.0,0.0,0.712796864888386,71.2796864888386,0.47,1,WARNING,HIGH,2026-09-10T18:20:37.298651+00:00
AIZ_GRID_012_23.543056_92.700556,2026-09-10,23.543056,92.700556,796.0,28.20966529846192,5.7,5.7,8.0,0.0,0.4523951066882261,45.23951066882261,0.47,0,NO_WARNING,MODERATE,2026-09-10T18:20:37.298651+00:00
AIZ_GRID_011_23.539722_92.699444,2026-09-10,23.539722,92.699444,811.0,32.35097122192383,6.3,6.3,8.0,0.0,0.8002272971894486,80.02272971894486,0.47,1,WARNING,CRITICAL,2026-09-10T18:20:37.298651+00:00
AIZ_GRID_011_23.537778_92.698333,2026-09-10,23.537778,92.698333,821.0,30.976280212402344,6.3,6.3,8.0,0.0,0.8042238309849425,80.42238309849425,0.47,1,WARNING,CRITICAL,2026-09-10T18:20:37.298651+00:00
AIZ_GRID_011_23.542778_92.676389,2026-09-10,23.542778,92.676389,660.0,18.54336929321289,6.3,6.3,8.0,0.0,0.16190823844648183,16.190823844648182,0.47,0,NO_WARNING,LOW,2026-09-10T18:20:37.298651+00:00
AIZ_GRID_011_23.542778_92.674722,2026-09-10,23.542778,92.674722,635.0,36.6032600402832,6.3,6.3,8.0,0.0,0.16828918429520773,16.828918429520773,0.47,0,NO_WARNING,LOW,2026-09-10T18:20:37.298651+00:00
AIZ_GRID_011_23.543333_92.664722,2026-09-10,23.543333,92.664722,676.0,18.69658851623535,6.3,6.3,8.0,0.0,0.16190823844648183,16.190823844648182,0.47,0,NO_WARNING,LOW,2026-09-10T18:20:37.298651+00:00
AIZ_GRID_011_23.541667_92.664722,2026-09-10,23.541667,92.664722,707.0,17.52849578857422,6.3,6.3,8.0,0.0,0.2062249254219781,20.622492542197808,0.47,0,NO_WARNING,LOW,2026-09-10T18:20:37.298651+00:00
AIZ_GRID_011_23.539444_92.665278,2026-09-10,23.539444,92.665278,621.0,26.114858627319336,6.3,6.3,8.0,0.0,0.11615856253004604,11.615856253004605,0.47,0,NO_WARNING,LOW,2026-09-10T18:20:37.298651+00:00
AIZ_GRID_011_23.538889_92.6625,2026-09-10,23.538889,92.6625,622.0,17.99090576171875,6.3,6.3,8.0,0.0,0.11173809246969924,11.173809246969924,0.47,0,NO_WARNING,LOW,2026-09-10T18:20:37.298651+00:00
AIZ_GRID_011_23.539444_92.658889,2026-09-10,23.539444,92.658889,567.0,13.249390602111816,6.3,6.3,8.0,0.0,0.2291212718203821,22.912127182038212,0.47,0,NO_WARNING,LOW,2026-09-10T18:20:37.298651+00:00
AIZ_GRID_011_23.536111_92.655278,2026-09-10,23.536111,92.655278,499.0,35.05294418334961,6.3,6.3,8.0,0.0,0.1143372122792876,11.43372122792876,0.47,0,NO_WARNING,LOW,2026-09-10T18:20:37.298651+00:00
AIZ_GRID_011_23.526944_92.654444,2026-09-10,23.526944,92.654444,405.0,22.05249214172364,6.3,6.3,8.0,0.0,0.05990023845559122,5.990023845559122,0.47,0,NO_WARNING,LOW,2026-09-10T18:20:37.298651+00:00
AIZ_GRID_008_23.450833_92.6825,2026-09-10,23.450833,92.6825,905.0,9.49730396270752,4.3,4.3,8.0,0.0,0.1401985945308269,14.01985945308269,0.47,0,NO_WARNING,LOW,2026-09-10T18:20:37.298651+00:00
AIZ_GRID_004_23.448056_92.683333,2026-09-10,23.448056,92.683333,863.0,19.51909446716309,4.3,4.3,8.0,0.0,0.36486278604766237,36.486278604766234,0.47,0,NO_WARNING,MODERATE,2026-09-10T18:20:37.298651+00:00
AIZ_GRID_004_23.443333_92.685278,2026-09-10,23.443333,92.685278,857.0,13.42956829071045,4.3,4.3,8.0,0.0,0.3474606146377463,34.74606146377463,0.47,0,NO_WARNING,MODERATE,2026-09-10T18:20:37.298651+00:00
AIZ_GRID_005_23.427222_92.712778,2026-09-10,23.427222,92.712778,919.0,37.948974609375,6.0,6.0,8.0,0.0,0.7769782631669649,77.69782631669649,0.47,1,WARNING,CRITICAL,2026-09-10T18:20:37.298651+00:00
AIZ_GRID_005_23.416944_92.718056,2026-09-10,23.416944,92.718056,1086.0,32.3216667175293,6.0,6.0,8.0,0.0,0.7865633276580961,78.65633276580961,0.47,1,WARNING,CRITICAL,2026-09-10T18:20:37.298651+00:00
AIZ_GRID_005_23.41_92.749444,2026-09-10,23.41,92.749444,1229.0,29.402381896972656,6.0,6.0,8.0,0.0,0.5609371432403839,56.09371432403839,0.47,1,WARNING,HIGH,2026-09-10T18:20:37.298651+00:00
AIZ_GRID_002_23.379722_92.751667,2026-09-10,23.379722,92.751667,1289.0,28.54796981811523,4.6,4.6,8.0,0.0,0.34222732049196686,34.222732049196686,0.47,0,NO_WARNING,MODERATE,2026-09-10T18:20:37.298651+00:00
AIZ_GRID_002_23.356944_92.770278,2026-09-10,23.356944,92.770278,1033.0,27.22526359558105,4.6,4.6,8.0,0.0,0.2926467404953968,29.26467404953968,0.47,0,NO_WARNING,MODERATE,2026-09-10T18:20:37.298651+00:00
AIZ_GRID_002_23.356389_92.770278,2026-09-10,23.356389,92.770278,1008.0,23.494129180908203,4.6,4.6,8.0,0.0,0.2532777984093125,25.327779840931253,0.47,0,NO_WARNING,MODERATE,2026-09-10T18:20:37.298651+00:00
AIZ_GRID_002_23.391667_92.755278,2026-09-10,23.391667,92.755278,1306.0,29.517797470092773,4.6,4.6,8.0,0.0,0.6198465211309467,61.984652113094675,0.47,1,WARNING,HIGH,2026-09-10T18:20:37.298651+00:00
AIZ_GRID_006_23.431944_92.760833,2026-09-10,23.431944,92.760833,1475.0,26.61834716796875,4.5,4.5,8.0,0.0,0.20911333378187769,20.91133337818777,0.47,0,NO_WARNING,LOW,2026-09-10T18:20:37.298651+00:00
AIZ_GRID_006_23.441389_92.778889,2026-09-10,23.441389,92.778889,1340.0,27.899396896362305,4.5,4.5,8.0,0.0,0.2079788967378878,20.79788967378878,0.47,0,NO_WARNING,LOW,2026-09-10T18:20:37.298651+00:00
AIZ_GRID_009_23.485556_92.703056,2026-09-10,23.485556,92.703056,971.0,18.54336929321289,6.0,6.0,8.0,0.0,0.16815164302892166,16.815164302892168,0.47,0,NO_WARNING,LOW,2026-09-10T18:20:37.298651+00:00
AIZ_GRID_009_23.490833_92.705556,2026-09-10,23.490833,92.705556,1018.0,40.86216735839844,6.0,6.0,8.0,0.0,0.8007751345699442,80.07751345699442,0.47,1,WARNING,CRITICAL,2026-09-10T18:20:37.298651+00:00
AIZ_GRID_009_23.498611_92.703889,2026-09-10,23.498611,92.703889,982.0,35.61542892456055,6.0,6.0,8.0,0.0,0.7673200149988576,76.73200149988575,0.47,1,WARNING,CRITICAL,2026-09-10T18:20:37.298651+00:00
AIZ_GRID_036_23.661944_92.854167,2026-09-10,23.661944,92.854167,844.0,19.49338150024414,1.4,1.4,8.0,0.0,0.39184914421926276,39.18491442192627,0.47,0,NO_WARNING,MODERATE,2026-09-10T18:20:37.298651+00:00
AIZ_GRID_036_23.682778_92.8575,2026-09-10,23.682778,92.8575,954.0,31.85177993774414,1.4,1.4,8.0,0.0,0.6829043992570741,68.29043992570742,0.47,1,WARNING,HIGH,2026-09-10T18:20:37.298651+00:00
AIZ_GRID_036_23.683056_92.8575,2026-09-10,23.683056,92.8575,968.0,20.1423397064209,1.4,1.4,8.0,0.0,0.1940327330245945,19.40327330245945,0.47,0,NO_WARNING,LOW,2026-09-10T18:20:37.298651+00:00
AIZ_GRID_044_23.713889_92.857222,2026-09-10,23.713889,92.857222,854.0,37.932899475097656,1.6,1.6,8.0,0.0,0.7579149390354859,75.79149390354858,0.47,1,WARNING,CRITICAL,2026-09-10T18:20:37.298651+00:00
AIZ_GRID_036_23.686389_92.858333,2026-09-10,23.686389,92.858333,930.0,29.90041923522949,1.4,1.4,8.0,0.0,0.5926774317888668,59.267743178886676,0.47,1,WARNING,HIGH,2026-09-10T18:20:37.298651+00:00
AIZ_GRID_036_23.694722_92.859722,2026-09-10,23.694722,92.859722,947.0,18.589183807373047,1.4,1.4,8.0,0.0,0.1605150492434001,16.05150492434001,0.47,0,NO_WARNING,LOW,2026-09-10T18:20:37.298651+00:00
AIZ_GRID_044_23.714167_92.858056,2026-09-10,23.714167,92.858056,888.0,21.22980499267578,1.6,1.6,8.0,0.0,0.4021033742148188,40.21033742148188,0.47,0,NO_WARNING,MODERATE,2026-09-10T18:20:37.298651+00:00
AIZ_GRID_044_23.727222_92.854722,2026-09-10,23.727222,92.854722,819.0,33.35020446777344,1.6,1.6,8.0,0.0,0.7566939609631882,75.66939609631882,0.47,1,WARNING,CRITICAL,2026-09-10T18:20:37.298651+00:00
AIZ_GRID_044_23.729722_92.853056,2026-09-10,23.729722,92.853056,786.0,31.50731658935547,1.6,1.6,8.0,0.0,0.7089632960779905,70.89632960779905,0.47,1,WARNING,HIGH,2026-09-10T18:20:37.298651+00:00
AIZ_GRID_043_23.731111_92.846389,2026-09-10,23.731111,92.846389,712.0,26.61834716796875,1.6,1.6,8.0,0.0,0.203005414956062,20.3005414956062,0.47,0,NO_WARNING,LOW,2026-09-10T18:20:37.298651+00:00
AIZ_GRID_043_23.733611_92.843056,2026-09-10,23.733611,92.843056,690.0,26.75701713562012,1.6,1.6,8.0,0.0,0.18848614588605528,18.84861458860553,0.47,0,NO_WARNING,LOW,2026-09-10T18:20:37.298651+00:00
AIZ_GRID_043_23.738333_92.813333,2026-09-10,23.738333,92.813333,403.0,23.66083526611328,1.6,1.6,8.0,0.0,0.02544404668969214,2.5444046689692144,0.47,0,NO_WARNING,LOW,2026-09-10T18:20:37.298651+00:00
AIZ_GRID_043_23.736944_92.813611,2026-09-10,23.736944,92.813611,410.0,32.32339096069336,1.6,1.6,8.0,0.0,0.14958468211700704,14.958468211700705,0.47,0,NO_WARNING,LOW,2026-09-10T18:20:37.298651+00:00
AIZ_GRID_043_23.734722_92.813333,2026-09-10,23.734722,92.813333,429.0,39.07339096069336,1.6,1.6,8.0,0.0,0.10433153032575401,10.433153032575401,0.47,0,NO_WARNING,LOW,2026-09-10T18:20:37.298651+00:00
AIZ_GRID_042_23.729167_92.758889,2026-09-10,23.729167,92.758889,987.0,20.633180618286133,4.7,4.7,8.0,0.0,0.24573148949039755,24.573148949039755,0.47,0,NO_WARNING,LOW,2026-09-10T18:20:37.298651+00:00
AIZ_GRID_042_23.73_92.758333,2026-09-10,23.73,92.758333,928.0,38.79518508911133,4.7,4.7,8.0,0.0,0.7824258562306663,78.24258562306663,0.47,1,WARNING,CRITICAL,2026-09-10T18:20:37.298651+00:00
AIZ_GRID_042_23.730556_92.758611,2026-09-10,23.730556,92.758611,897.0,42.51365280151367,4.7,4.7,8.0,0.0,0.8236776252301947,82.36776252301948,0.47,1,WARNING,CRITICAL,2026-09-10T18:20:37.298651+00:00
AIZ_GRID_042_23.729167_92.765833,2026-09-10,23.729167,92.765833,780.0,12.226375579833984,4.7,4.7,8.0,0.0,0.45242834323578307,45.24283432357831,0.47,0,NO_WARNING,MODERATE,2026-09-10T18:20:37.298651+00:00
AIZ_GRID_042_23.730278_92.768611,2026-09-10,23.730278,92.768611,744.0,20.63872718811035,4.7,4.7,8.0,0.0,0.4143087777112432,41.43087777112432,0.47,0,NO_WARNING,MODERATE,2026-09-10T18:20:37.298651+00:00
AIZ_GRID_042_23.732222_92.765556,2026-09-10,23.732222,92.765556,911.0,23.523117065429688,4.7,4.7,8.0,0.0,0.30336341642153736,30.336341642153737,0.47,0,NO_WARNING,MODERATE,2026-09-10T18:20:37.298651+00:00
AIZ_GRID_042_23.737944_92.786139,2026-09-10,23.737944,92.786139,562.0,31.820539474487305,4.7,4.7,8.0,0.0,0.26069710606136925,26.069710606136926,0.47,0,NO_WARNING,MODERATE,2026-09-10T18:20:37.298651+00:00
AIZ_GRID_042_23.7375_92.788056,2026-09-10,23.7375,92.788056,548.0,20.440710067749023,4.7,4.7,8.0,0.0,0.10682229846345423,10.682229846345423,0.47,0,NO_WARNING,LOW,2026-09-10T18:20:37.298651+00:00
AIZ_GRID_042_23.733889_92.793889,2026-09-10,23.733889,92.793889,315.0,17.52849578857422,4.7,4.7,8.0,0.0,0.08533381183958394,8.533381183958394,0.47,0,NO_WARNING,LOW,2026-09-10T18:20:37.298651+00:00
AIZ_GRID_042_23.722222_92.798611,2026-09-10,23.722222,92.798611,197.0,13.943257331848145,4.7,4.7,8.0,0.0,0.2345517157906237,23.45517157906237,0.47,0,NO_WARNING,LOW,2026-09-10T18:20:37.298651+00:00
AIZ_GRID_042_23.721389_92.799444,2026-09-10,23.721389,92.799444,204.0,22.36122703552246,4.7,4.7,8.0,0.0,0.12195182235306659,12.195182235306659,0.47,0,NO_WARNING,LOW,2026-09-10T18:20:37.298651+00:00
AIZ_GRID_044_23.721389_92.857778,2026-09-10,23.721389,92.857778,801.0,27.212526321411133,1.6,1.6,8.0,0.0,0.43376561299425426,43.376561299425425,0.47,0,NO_WARNING,MODERATE,2026-09-10T18:20:37.298651+00:00
AIZ_GRID_044_23.720833_92.864722,2026-09-10,23.720833,92.864722,819.0,36.6032600402832,1.6,1.6,8.0,0.0,0.7528305523844518,75.28305523844519,0.47,1,WARNING,CRITICAL,2026-09-10T18:20:37.298651+00:00
AIZ_GRID_044_23.711667_92.878333,2026-09-10,23.711667,92.878333,592.0,31.382339477539062,1.6,1.6,8.0,0.0,0.23325903011261012,23.325903011261012,0.47,0,NO_WARNING,LOW,2026-09-10T18:20:37.298651+00:00
AIZ_GRID_044_23.711111_92.878611,2026-09-10,23.711111,92.878611,588.0,28.334793090820312,1.6,1.6,8.0,0.0,0.14269786648680313,14.269786648680313,0.47,0,NO_WARNING,LOW,2026-09-10T18:20:37.298651+00:00
AIZ_GRID_044_23.703333_92.876389,2026-09-10,23.703333,92.876389,575.0,12.124710083007812,1.6,1.6,8.0,0.0,0.22734309821719506,22.734309821719506,0.47,0,NO_WARNING,LOW,2026-09-10T18:20:37.298651+00:00
AIZ_GRID_043_23.733611_92.848333,2026-09-10,23.733611,92.848333,740.0,21.118059158325195,1.6,1.6,8.0,0.0,0.3069087148459142,30.69087148459142,0.47,0,NO_WARNING,MODERATE,2026-09-10T18:20:37.298651+00:00
AIZ_GRID_044_23.733611_92.853056,2026-09-10,23.733611,92.853056,828.0,35.638023376464844,1.6,1.6,8.0,0.0,0.7368331531646858,73.68331531646858,0.47,1,WARNING,HIGH,2026-09-10T18:20:37.298651+00:00
AIZ_GRID_044_23.735_92.856667,2026-09-10,23.735,92.856667,788.0,31.7506046295166,1.6,1.6,8.0,0.0,0.7087632443871449,70.87632443871449,0.47,1,WARNING,HIGH,2026-09-10T18:20:37.298651+00:00
AIZ_GRID_044_23.736667_92.856111,2026-09-10,23.736667,92.856111,763.0,31.89004707336425,1.6,1.6,8.0,0.0,0.5350787031925337,53.50787031925337,0.47,1,WARNING,HIGH,2026-09-10T18:20:37.298651+00:00
AIZ_GRID_044_23.735833_92.851944,2026-09-10,23.735833,92.851944,708.0,26.08116340637207,1.6,1.6,8.0,0.0,0.18627578373545078,18.627578373545077,0.47,0,NO_WARNING,LOW,2026-09-10T18:20:37.298651+00:00
AIZ_GRID_044_23.744167_92.855556,2026-09-10,23.744167,92.855556,850.0,18.79589080810547,1.6,1.6,8.0,0.0,0.31294336454024596,31.294336454024595,0.47,0,NO_WARNING,MODERATE,2026-09-10T18:20:37.298651+00:00
AIZ_GRID_044_23.743611_92.854167,2026-09-10,23.743611,92.854167,830.0,28.89985084533692,1.6,1.6,8.0,0.0,0.6235596932833884,62.355969328338844,0.47,1,WARNING,HIGH,2026-09-10T18:20:37.298651+00:00
AIZ_GRID_051_23.761111_92.847778,2026-09-10,23.761111,92.847778,791.0,26.51814651489257,2.5,2.5,8.0,0.0,0.42951703299544713,42.95170329954471,0.47,0,NO_WARNING,MODERATE,2026-09-10T18:20:37.298651+00:00
AIZ_GRID_052_23.761667_92.850833,2026-09-10,23.761667,92.850833,809.0,26.21508979797364,2.5,2.5,8.0,0.0,0.37284570849079546,37.28457084907954,0.47,0,NO_WARNING,MODERATE,2026-09-10T18:20:37.298651+00:00
AIZ_GRID_051_23.765278_92.85,2026-09-10,23.765278,92.85,780.0,18.54336929321289,2.5,2.5,8.0,0.0,0.32680007763446234,32.680007763446234,0.47,0,NO_WARNING,MODERATE,2026-09-10T18:20:37.298651+00:00
AIZ_GRID_052_23.768611_92.851389,2026-09-10,23.768611,92.851389,773.0,34.02273178100586,2.5,2.5,8.0,0.0,0.6099527114742425,60.99527114742425,0.47,1,WARNING,HIGH,2026-09-10T18:20:37.298651+00:00
AIZ_GRID_051_23.777778_92.8479,2026-09-10,23.777778,92.8479,694.0,27.484453201293945,2.5,2.5,8.0,0.0,0.17590665776123096,17.590665776123096,0.47,0,NO_WARNING,LOW,2026-09-10T18:20:37.298651+00:00
AIZ_GRID_051_23.774_92.848,2026-09-10,23.774,92.848,670.0,22.69641876220703,2.5,2.5,8.0,0.0,0.1522721037896584,15.22721037896584,0.47,0,NO_WARNING,LOW,2026-09-10T18:20:37.298651+00:00
AIZ_GRID_051_23.7775_92.848333,2026-09-10,23.7775,92.848333,700.0,26.6378231048584,2.5,2.5,8.0,0.0,0.17121438819850965,17.121438819850965,0.47,0,NO_WARNING,LOW,2026-09-10T18:20:37.298651+00:00
AIZ_GRID_051_23.778333_92.846667,2026-09-10,23.778333,92.846667,674.0,28.86742782592773,2.5,2.5,8.0,0.0,0.18123808367960675,18.123808367960674,0.47,0,NO_WARNING,LOW,2026-09-10T18:20:37.298651+00:00
AIZ_GRID_051_23.771667_92.848056,2026-09-10,23.771667,92.848056,729.0,34.705848693847656,2.5,2.5,8.0,0.0,0.2473676404626689,24.73676404626689,0.47,0,NO_WARNING,LOW,2026-09-10T18:20:37.298651+00:00
AIZ_GRID_051_23.773611_92.849444,2026-09-10,23.773611,92.849444,736.0,28.08105087280273,2.5,2.5,8.0,0.0,0.28015655849035254,28.015655849035255,0.47,0,NO_WARNING,MODERATE,2026-09-10T18:20:37.298651+00:00
AIZ_GRID_059_23.826389_92.8325,2026-09-10,23.826389,92.8325,402.0,45.55062484741211,2.5,2.5,8.0,0.0,0.16684273213939024,16.684273213939026,0.47,0,NO_WARNING,LOW,2026-09-10T18:20:37.298651+00:00
AIZ_GRID_059_23.832778_92.8325,2026-09-10,23.832778,92.8325,380.0,26.08116340637207,2.5,2.5,8.0,0.0,0.006272120875589185,0.6272120875589186,0.47,0,NO_WARNING,LOW,2026-09-10T18:20:37.298651+00:00
AIZ_GRID_059_23.838889_92.831944,2026-09-10,23.838889,92.831944,260.0,28.50118064880371,2.5,2.5,8.0,0.0,0.05017414046026582,5.017414046026582,0.47,0,NO_WARNING,LOW,2026-09-10T18:20:37.298651+00:00
AIZ_GRID_059_23.847778_92.836944,2026-09-10,23.847778,92.836944,378.0,26.23935508728028,2.5,2.5,8.0,0.0,0.006272120875589185,0.6272120875589186,0.47,0,NO_WARNING,LOW,2026-09-10T18:20:37.298651+00:00
AIZ_GRID_069_23.851944_92.833056,2026-09-10,23.851944,92.833056,181.0,17.845069885253906,2.2,2.2,8.0,0.0,0.08084295389649267,8.084295389649267,0.47,0,NO_WARNING,LOW,2026-09-10T18:20:37.298651+00:00
AIZ_GRID_069_23.862222_92.836667,2026-09-10,23.862222,92.836667,249.0,11.025328636169434,2.2,2.2,8.0,0.0,0.16600108669479008,16.600108669479006,0.47,0,NO_WARNING,LOW,2026-09-10T18:20:37.298651+00:00
AIZ_GRID_069_23.876944_92.84,2026-09-10,23.876944,92.84,370.0,28.167573928833008,2.2,2.2,8.0,0.0,0.01978482001403731,1.9784820014037312,0.47,0,NO_WARNING,LOW,2026-09-10T18:20:37.298651+00:00
AIZ_GRID_069_23.877778_92.840833,2026-09-10,23.877778,92.840833,361.0,34.81061172485352,2.2,2.2,8.0,0.0,0.07820623576641424,7.820623576641424,0.47,0,NO_WARNING,LOW,2026-09-10T18:20:37.298651+00:00
AIZ_GRID_070_23.885833_92.850556,2026-09-10,23.885833,92.850556,525.0,31.59108543395996,2.2,2.2,8.0,0.0,0.136303387199535,13.6303387199535,0.47,0,NO_WARNING,LOW,2026-09-10T18:20:37.298651+00:00
AIZ_GRID_070_23.892778_92.850833,2026-09-10,23.892778,92.850833,587.0,34.74893569946289,2.2,2.2,8.0,0.0,0.15156405752664268,15.156405752664268,0.47,0,NO_WARNING,LOW,2026-09-10T18:20:37.298651+00:00
AIZ_GRID_069_23.891389_92.848889,2026-09-10,23.891389,92.848889,576.0,22.02956199645996,2.2,2.2,8.0,0.0,0.10308013392442213,10.308013392442213,0.47,0,NO_WARNING,LOW,2026-09-10T18:20:37.298651+00:00
AIZ_GRID_069_23.893056_92.847222,2026-09-10,23.893056,92.847222,575.0,13.931629180908203,2.2,2.2,8.0,0.0,0.19986883735119326,19.986883735119328,0.47,0,NO_WARNING,LOW,2026-09-10T18:20:37.298651+00:00
AIZ_GRID_070_23.883611_92.853056,2026-09-10,23.883611,92.853056,664.0,29.85790061950684,2.2,2.2,8.0,0.0,0.19970277642072226,19.970277642072226,0.47,0,NO_WARNING,LOW,2026-09-10T18:20:37.298651+00:00
AIZ_GRID_070_23.885278_92.8575,2026-09-10,23.885278,92.8575,716.0,34.47832107543945,2.2,2.2,8.0,0.0,0.2231320247446799,22.313202474467992,0.47,0,NO_WARNING,LOW,2026-09-10T18:20:37.298651+00:00
AIZ_GRID_050_23.769722_92.76,2026-09-10,23.769722,92.76,1190.0,43.00267791748047,5.8,5.8,8.0,0.0,0.7301844562384414,73.01844562384414,0.47,1,WARNING,HIGH,2026-09-10T18:20:37.298651+00:00
AIZ_GRID_019_23.577222_92.712222,2026-09-10,23.577222,92.712222,901.0,2.226734161376953,2.2,2.2,8.0,0.0,0.07533722437797757,7.533722437797757,0.47,0,NO_WARNING,LOW,2026-09-10T18:20:37.298651+00:00
AIZ_GRID_033_23.686803_92.725199,2026-09-10,23.686803,92.725199,873.0,42.61337661743164,2.7,2.7,8.0,0.0,0.7531974200544804,75.31974200544805,0.47,1,WARNING,CRITICAL,2026-09-10T18:20:37.298651+00:00
AIZ_GRID_041_23.700269_92.718168,2026-09-10,23.700269,92.718168,1066.0,38.4525260925293,4.7,4.7,8.0,0.0,0.8091469844672075,80.91469844672075,0.47,1,WARNING,CRITICAL,2026-09-10T18:20:37.298651+00:00
AIZ_GRID_041_23.74247_92.705587,2026-09-10,23.74247,92.705587,918.0,32.49155807495117,4.7,4.7,8.0,0.0,0.8013688732773193,80.13688732773193,0.47,1,WARNING,CRITICAL,2026-09-10T18:20:37.298651+00:00
AIZ_GRID_041_23.729422_92.716596,2026-09-10,23.729422,92.716596,1042.0,35.8038215637207,4.7,4.7,8.0,0.0,0.8029452669786504,80.29452669786504,0.47,1,WARNING,CRITICAL,2026-09-10T18:20:37.298651+00:00
AIZ_GRID_041_23.717553_92.716826,2026-09-10,23.717553,92.716826,1012.0,22.38055419921875,4.7,4.7,8.0,0.0,0.2276030283961819,22.76030283961819,0.47,0,NO_WARNING,LOW,2026-09-10T18:20:37.298651+00:00
AIZ_GRID_041_23.71577_92.713172,2026-09-10,23.71577,92.713172,957.0,35.85724639892578,4.7,4.7,8.0,0.0,0.7887794203381354,78.87794203381354,0.47,1,WARNING,CRITICAL,2026-09-10T18:20:37.298651+00:00
AIZ_GRID_042_23.730243_92.75603,2026-09-10,23.730243,92.75603,921.0,22.69641876220703,4.7,4.7,8.0,0.0,0.2784310079868052,27.84310079868052,0.47,0,NO_WARNING,MODERATE,2026-09-10T18:20:37.298651+00:00
AIZ_GRID_049_23.75024_92.736662,2026-09-10,23.75024,92.736662,1108.0,24.23047637939453,4.7,4.7,8.0,0.0,0.20491913775545553,20.49191377554555,0.47,0,NO_WARNING,LOW,2026-09-10T18:20:37.298651+00:00
AIZ_GRID_049_23.758901_92.730863,2026-09-10,23.758901,92.730863,1076.0,33.829444885253906,4.7,4.7,8.0,0.0,0.8045877462789779,80.45877462789778,0.47,1,WARNING,CRITICAL,2026-09-10T18:20:37.298651+00:00
AIZ_GRID_049_23.755925_92.726753,2026-09-10,23.755925,92.726753,1021.0,41.42621612548828,4.7,4.7,8.0,0.0,0.8320017706960605,83.20017706960606,0.47,1,WARNING,CRITICAL,2026-09-10T18:20:37.298651+00:00
AIZ_GRID_041_23.745802_92.717053,2026-09-10,23.745802,92.717053,915.0,32.2030029296875,4.7,4.7,8.0,0.0,0.8063701736674362,80.63701736674362,0.47,1,WARNING,CRITICAL,2026-09-10T18:20:37.298651+00:00
AIZ_GRID_025_23.605091_92.72184,2026-09-10,23.605091,92.72184,816.0,34.888572692871094,2.2,2.2,8.0,0.0,0.697184283809213,69.71842838092131,0.47,1,WARNING,HIGH,2026-09-10T18:20:37.298651+00:00
AIZ_GRID_019_23.581766_92.713413,2026-09-10,23.581766,92.713413,867.0,36.09857177734375,2.2,2.2,8.0,0.0,0.7006010145056056,70.06010145056057,0.47,1,WARNING,HIGH,2026-09-10T18:20:37.298651+00:00
AIZ_GRID_009_23.469247_92.744068,2026-09-10,23.469247,92.744068,1357.0,20.974666595458984,6.0,6.0,8.0,0.0,0.17670759950483733,17.670759950483735,0.47,0,NO_WARNING,LOW,2026-09-10T18:20:37.298651+00:00
AIZ_GRID_006_23.410771_92.753123,2026-09-10,23.410771,92.753123,1116.0,31.887178421020508,4.5,4.5,8.0,0.0,0.7482627056760165,74.82627056760165,0.47,1,WARNING,HIGH,2026-09-10T18:20:37.298651+00:00
AIZ_GRID_002_23.367366_92.767304,2026-09-10,23.367366,92.767304,1162.0,51.299564361572266,4.6,4.6,8.0,0.0,0.7501975153478005,75.01975153478006,0.47,1,WARNING,CRITICAL,2026-09-10T18:20:37.298651+00:00
AIZ_GRID_002_23.353485_92.780193,2026-09-10,23.353485,92.780193,867.0,28.21599006652832,4.6,4.6,8.0,0.0,0.4475990388944788,44.75990388944788,0.47,0,NO_WARNING,MODERATE,2026-09-10T18:20:37.298651+00:00
AIZ_GRID_002_23.350187_92.778852,2026-09-10,23.350187,92.778852,834.0,32.65620803833008,4.6,4.6,8.0,0.0,0.8427186051625677,84.27186051625677,0.47,1,WARNING,CRITICAL,2026-09-10T18:20:37.298651+00:00
AIZ_GRID_002_23.341022_92.776761,2026-09-10,23.341022,92.776761,759.0,31.89004707336425,4.6,4.6,8.0,0.0,0.6149289798188877,61.492897981888774,0.47,1,WARNING,HIGH,2026-09-10T18:20:37.298651+00:00
AIZ_GRID_002_23.339144_92.786128,2026-09-10,23.339144,92.786128,700.0,9.49730396270752,4.6,4.6,8.0,0.0,0.2584585719180997,25.84585719180997,0.47,0,NO_WARNING,MODERATE,2026-09-10T18:20:37.298651+00:00
AIZ_GRID_002_23.336229_92.787113,2026-09-10,23.336229,92.787113,687.0,37.87282943725586,4.6,4.6,8.0,0.0,0.2836979566465208,28.36979566465208,0.47,0,NO_WARNING,MODERATE,2026-09-10T18:20:37.298651+00:00
AIZ_GRID_044_23.700835_92.877449,2026-09-10,23.700835,92.877449,533.0,23.25823783874512,1.6,1.6,8.0,0.0,0.029874289812693473,2.9874289812693475,0.47,0,NO_WARNING,LOW,2026-09-10T18:20:37.298651+00:00
AIZ_GRID_051_23.760466_92.848969,2026-09-10,23.760466,92.848969,828.0,4.1494646072387695,2.5,2.5,8.0,0.0,0.21131807912935038,21.131807912935038,0.47,0,NO_WARNING,LOW,2026-09-10T18:20:37.298651+00:00
AIZ_GRID_059_23.807952_92.834037,2026-09-10,23.807952,92.834037,511.0,21.821081161499023,2.5,2.5,8.0,0.0,0.02506442561774802,2.506442561774802,0.47,0,NO_WARNING,LOW,2026-09-10T18:20:37.298651+00:00
AIZ_GRID_116_24.285871_92.94599,2026-09-10,24.285871,92.94599,923.0,19.28753471374512,2.9,2.9,8.0,0.0,0.20750075212989322,20.750075212989323,0.47,0,NO_WARNING,LOW,2026-09-10T18:20:37.298651+00:00
AIZ_GRID_116_24.288014_92.946017,2026-09-10,24.288014,92.946017,924.0,29.38678359985352,2.9,2.9,8.0,0.0,0.6280919074566357,62.80919074566357,0.47,1,WARNING,HIGH,2026-09-10T18:20:37.298651+00:00
AIZ_GRID_122_24.354658_92.925511,2026-09-10,24.354658,92.925511,683.0,16.021011352539062,2.3,2.3,8.0,0.0,0.16375835476307488,16.375835476307486,0.47,0,NO_WARNING,LOW,2026-09-10T18:20:37.298651+00:00
AIZ_GRID_122_24.365715_92.930137,2026-09-10,24.365715,92.930137,609.0,23.10662841796875,2.3,2.3,8.0,0.0,0.0661224571542606,6.61224571542606,0.47,0,NO_WARNING,LOW,2026-09-10T18:20:37.298651+00:00
AIZ_GRID_044_23.747519_92.853155,2026-09-10,23.747519,92.853155,813.0,11.15342903137207,1.6,1.6,8.0,0.0,0.33222019654713636,33.222019654713634,0.47,0,NO_WARNING,MODERATE,2026-09-10T18:20:37.298651+00:00
AIZ_GRID_041_23.701667_92.719444,2026-09-10,23.701667,92.719444,1027.0,37.87282943725586,4.7,4.7,8.0,0.0,0.8162797557134858,81.62797557134857,0.47,1,WARNING,CRITICAL,2026-09-10T18:20:37.298651+00:00
AIZ_GRID_041_23.741908_92.741614,2026-09-10,23.741908,92.741614,888.0,22.519908905029297,4.7,4.7,8.0,0.0,0.39466941724343013,39.466941724343016,0.47,0,NO_WARNING,MODERATE,2026-09-10T18:20:37.298651+00:00
AIZ_GRID_036_23.684167_92.857083,2026-09-10,23.684167,92.857083,959.0,15.467188835144045,1.4,1.4,8.0,0.0,0.1942647442692928,19.42647442692928,0.47,0,NO_WARNING,LOW,2026-09-10T18:20:37.298651+00:00
AIZ_GRID_041_23.716889_92.720833,2026-09-10,23.716889,92.720833,1016.0,31.827539443969727,4.7,4.7,8.0,0.0,0.8199593616091814,81.99593616091813,0.47,1,WARNING,CRITICAL,2026-09-10T18:20:37.298651+00:00
AIZ_GRID_041_23.741508_92.707858,2026-09-10,23.741508,92.707858,893.0,36.64385223388672,4.7,4.7,8.0,0.0,0.8276734345312364,82.76734345312364,0.47,1,WARNING,CRITICAL,2026-09-10T18:20:37.298651+00:00
AIZ_GRID_009_23.47_92.7215,2026-09-10,23.47,92.7215,1086.0,32.07890701293945,6.0,6.0,8.0,0.0,0.7865633276580961,78.65633276580961,0.47,1,WARNING,CRITICAL,2026-09-10T18:20:37.298651+00:00
AIZ_GRID_009_23.4688_92.7208,2026-09-10,23.4688,92.7208,1141.0,25.37133026123047,6.0,6.0,8.0,0.0,0.12764949825327093,12.764949825327093,0.47,0,NO_WARNING,LOW,2026-09-10T18:20:37.298651+00:00
AIZ_GRID_009_23.4855_92.7033,2026-09-10,23.4855,92.7033,957.0,24.25544166564941,6.0,6.0,8.0,0.0,0.21625132137780598,21.625132137780597,0.47,0,NO_WARNING,LOW,2026-09-10T18:20:37.298651+00:00
AIZ_GRID_009_23.4946_92.7044,2026-09-10,23.4946,92.7044,905.0,31.02042388916016,6.0,6.0,8.0,0.0,0.7934577630849211,79.3457763084921,0.47,1,WARNING,CRITICAL,2026-09-10T18:20:37.298651+00:00
AIZ_GRID_012_23.524999_92.725004,2026-09-10,23.524999,92.725004,861.0,18.92451286315918,5.7,5.7,8.0,0.0,0.2682227881698873,26.82227881698873,0.47,0,NO_WARNING,MODERATE,2026-09-10T18:20:37.298651+00:00
AIZ_GRID_009_23.474999_92.725004,2026-09-10,23.474999,92.725004,967.0,22.421056747436523,6.0,6.0,8.0,0.0,0.1652145055905358,16.52145055905358,0.47,0,NO_WARNING,LOW,2026-09-10T18:20:37.298651+00:00
AIZ_GRID_050_23.774999_92.775004,2026-09-10,23.774999,92.775004,640.0,38.00202560424805,5.8,5.8,8.0,0.0,0.17888066943561481,17.88806694356148,0.47,0,NO_WARNING,LOW,2026-09-10T18:20:37.298651+00:00
AIZ_GRID_059_23.824999_92.825004,2026-09-10,23.824999,92.825004,431.0,20.12483024597168,2.5,2.5,8.0,0.0,0.015336116353614234,1.5336116353614233,0.47,0,NO_WARNING,LOW,2026-09-10T18:20:37.298651+00:00
AIZ_GRID_044_23.724999_92.875004,2026-09-10,23.724999,92.875004,463.0,26.29429626464844,1.6,1.6,8.0,0.0,0.025558137137858313,2.5558137137858314,0.47,0,NO_WARNING,LOW,2026-09-10T18:20:37.298651+00:00
AIZ_GRID_002_23.374999_92.775004,2026-09-10,23.374999,92.775004,1258.0,28.33089637756348,4.6,4.6,8.0,0.0,0.16471385426200857,16.471385426200857,0.47,0,NO_WARNING,LOW,2026-09-10T18:20:37.298651+00:00
AIZ_GRID_019_23.574999_92.725004,2026-09-10,23.574999,92.725004,712.0,22.656633377075195,2.2,2.2,8.0,0.0,0.154982822719517,15.4982822719517,0.47,0,NO_WARNING,LOW,2026-09-10T18:20:37.298651+00:00
AIZ_GRID_008_23.474999_92.675004,2026-09-10,23.474999,92.675004,511.0,23.73074722290039,4.3,4.3,8.0,0.0,0.060736352870776875,6.073635287077687,0.47,0,NO_WARNING,LOW,2026-09-10T18:20:37.298651+00:00
AIZ_GRID_041_23.724999_92.725004,2026-09-10,23.724999,92.725004,902.0,8.836584091186523,4.7,4.7,8.0,0.0,0.1372273165854019,13.72273165854019,0.47,0,NO_WARNING,LOW,2026-09-10T18:20:37.298651+00:00
AIZ_GRID_122_24.374999_92.925004,2026-09-10,24.374999,92.925004,292.0,21.000205993652344,2.3,2.3,8.0,0.0,0.01827929516761102,1.827929516761102,0.47,0,NO_WARNING,LOW,2026-09-10T18:20:37.298651+00:00
AIZ_GRID_117_24.274999_92.975004,2026-09-10,24.274999,92.975004,544.0,28.460250854492188,2.9,2.9,8.0,0.0,0.031426102711646024,3.1426102711646022,0.47,0,NO_WARNING,LOW,2026-09-10T18:20:37.298651+00:00
AIZ_GRID_036_23.674999_92.875004,2026-09-10,23.674999,92.875004,513.0,33.69331741333008,1.4,1.4,8.0,0.0,0.08942300414526594,8.942300414526594,0.47,0,NO_WARNING,LOW,2026-09-10T18:20:37.298651+00:00
AIZ_GRID_020_23.574999_92.825004,2026-09-10,23.574999,92.825004,624.0,24.16557502746582,2.6,2.6,8.0,0.0,0.04833829089188747,4.833829089188748,0.47,0,NO_WARNING,LOW,2026-09-10T18:20:37.298651+00:00
AIZ_GRID_028_23.624999_92.875004,2026-09-10,23.624999,92.875004,467.0,23.672719955444336,1.4,1.4,8.0,0.0,0.025692494212206696,2.5692494212206696,0.47,0,NO_WARNING,LOW,2026-09-10T18:20:37.298651+00:00
AIZ_GRID_042_23.724999_92.775004,2026-09-10,23.724999,92.775004,913.0,14.976007461547852,4.7,4.7,8.0,0.0,0.21013357109203326,21.013357109203326,0.47,0,NO_WARNING,LOW,2026-09-10T18:20:37.298651+00:00
AIZ_GRID_051_23.774999_92.825004,2026-09-10,23.774999,92.825004,370.0,22.39339828491211,2.5,2.5,8.0,0.0,0.011073369574860777,1.1073369574860776,0.47,0,NO_WARNING,LOW,2026-09-10T18:20:37.298651+00:00
AIZ_GRID_027_23.624999_92.825004,2026-09-10,23.624999,92.825004,383.0,30.00912475585937,2.7,2.7,8.0,0.0,0.04065816767987825,4.065816767987825,0.47,0,NO_WARNING,LOW,2026-09-10T18:20:37.298651+00:00
AIZ_GRID_025_23.624999_92.725004,2026-09-10,23.624999,92.725004,804.0,16.64626693725586,2.2,2.2,8.0,0.0,0.246648703163935,24.6648703163935,0.47,0,NO_WARNING,LOW,2026-09-10T18:20:37.298651+00:00
AIZ_GRID_011_23.524999_92.675004,2026-09-10,23.524999,92.675004,287.0,18.75066566467285,6.3,6.3,8.0,0.0,0.040512095451931025,4.051209545193102,0.47,0,NO_WARNING,LOW,2026-09-10T18:20:37.298651+00:00
AIZ_GRID_026_23.624999_92.775004,2026-09-10,23.624999,92.775004,364.0,28.36828994750977,2.7,2.7,8.0,0.0,0.020852411579305147,2.085241157930515,0.47,0,NO_WARNING,LOW,2026-09-10T18:20:37.298651+00:00
AIZ_GRID_069_23.874999_92.825004,2026-09-10,23.874999,92.825004,497.0,39.14694595336914,2.2,2.2,8.0,0.0,0.05577671640795238,5.577671640795238,0.47,0,NO_WARNING,LOW,2026-09-10T18:20:37.298651+00:00
AIZ_GRID_111_24.174999_92.925004,2026-09-10,24.174999,92.925004,391.0,18.949432373046875,2.5,2.5,8.0,0.0,0.014429433143800414,1.4429433143800414,0.47,0,NO_WARNING,LOW,2026-09-10T18:20:37.298651+00:00
AIZ_GRID_043_23.724999_92.825004,2026-09-10,23.724999,92.825004,355.0,25.548095703125,1.6,1.6,8.0,0.0,0.02534418974772994,2.534418974772994,0.47,0,NO_WARNING,LOW,2026-09-10T18:20:37.298651+00:00
AIZ_GRID_033_23.674999_92.725004,2026-09-10,23.674999,92.725004,693.0,16.65552520751953,2.7,2.7,8.0,0.0,0.1429263875124417,14.29263875124417,0.47,0,NO_WARNING,LOW,2026-09-10T18:20:37.298651+00:00
AIZ_GRID_040_23.724999_92.675004,2026-09-10,23.724999,92.675004,602.0,16.792776107788086,7.6,7.6,8.0,0.0,0.1431062521082541,14.310625210825409,0.47,0,NO_WARNING,LOW,2026-09-10T18:20:37.298651+00:00
AIZ_GRID_048_23.774999_92.675004,2026-09-10,23.774999,92.675004,633.0,17.809877395629883,10.4,10.4,8.0,0.0,0.10586349366597801,10.586349366597801,0.47,0,NO_WARNING,LOW,2026-09-10T18:20:37.298651+00:00
AIZ_GRID_004_23.424999_92.675004,2026-09-10,23.424999,92.675004,561.0,25.10403823852539,4.3,4.3,8.0,0.0,0.12559266326091853,12.559266326091853,0.47,0,NO_WARNING,LOW,2026-09-10T18:20:37.298651+00:00
AIZ_GRID_005_23.424999_92.725004,2026-09-10,23.424999,92.725004,724.0,12.203960418701172,6.0,6.0,8.0,0.0,0.2793329291254113,27.93329291254113,0.47,0,NO_WARNING,MODERATE,2026-09-10T18:20:37.298651+00:00
AIZ_GRID_049_23.774999_92.725004,2026-09-10,23.774999,92.725004,1176.0,11.863102912902832,4.7,4.7,8.0,0.0,0.12478368165257633,12.478368165257633,0.47,0,NO_WARNING,LOW,2026-09-10T18:20:37.298651+00:00
AIZ_GRID_052_23.774999_92.875004,2026-09-10,23.774999,92.875004,641.0,39.927764892578125,2.5,2.5,8.0,0.0,0.10551948913334505,10.551948913334504,0.47,0,NO_WARNING,LOW,2026-09-10T18:20:37.298651+00:00
AIZ_GRID_070_23.874999_92.875004,2026-09-10,23.874999,92.875004,937.0,7.558364391326904,2.2,2.2,8.0,0.0,0.0539231990043708,5.39231990043708,0.47,0,NO_WARNING,LOW,2026-09-10T18:20:37.298651+00:00
AIZ_GRID_057_23.824999_92.725004,2026-09-10,23.824999,92.725004,751.0,35.48188781738281,5.8,5.8,8.0,0.0,0.3407864204932471,34.078642049324706,0.47,0,NO_WARNING,MODERATE,2026-09-10T18:20:37.298651+00:00
AIZ_GRID_032_23.674999_92.675004,2026-09-10,23.674999,92.675004,929.0,10.597792625427246,5.0,5.0,8.0,0.0,0.17435500446441107,17.435500446441107,0.47,0,NO_WARNING,LOW,2026-09-10T18:20:37.298651+00:00
AIZ_GRID_006_23.424999_92.775004,2026-09-10,23.424999,92.775004,1121.0,26.242820739746097,4.5,4.5,8.0,0.0,0.17112192567392853,17.112192567392853,0.47,0,NO_WARNING,LOW,2026-09-10T18:20:37.298651+00:00
AIZ_GRID_116_24.274999_92.925004,2026-09-10,24.274999,92.925004,435.0,17.16617202758789,2.9,2.9,8.0,0.0,0.037797565788840644,3.7797565788840646,0.47,0,NO_WARNING,LOW,2026-09-10T18:20:37.298651+00:00
