location_id,date,latitude,longitude,rainfall_mm,rainfall_1d_mm,consecutive_rainy_days,consecutive_heavy_rain_days
AIZ_GRID_002_23.336229_92.787113,2025-05-30,23.336229,92.787113,199.8891143798828,199.8891143798828,12.0,6.0
AIZ_GRID_002_23.339144_92.786128,2025-05-30,23.339144,92.786128,199.8891143798828,199.8891143798828,12.0,6.0
AIZ_GRID_002_23.341022_92.776761,2025-05-30,23.341022,92.776761,199.8891143798828,199.8891143798828,12.0,6.0
AIZ_GRID_002_23.350187_92.778852,2025-05-30,23.350187,92.778852,199.8891143798828,199.8891143798828,12.0,6.0
AIZ_GRID_002_23.353485_92.780193,2025-05-31,23.353485,92.780193,67.59369659423828,67.59369659423828,13.0,7.0
AIZ_GRID_002_23.356389_92.770278,2024-05-28,23.356389,92.770278,150.603515625,150.603515625,8.0,6.0
AIZ_GRID_002_23.356944_92.770278,2024-05-28,23.356944,92.770278,150.603515625,150.603515625,8.0,6.0
AIZ_GRID_002_23.367366_92.767304,2025-06-01,23.367366,92.767304,176.30020141601562,176.30020141601562,14.0,8.0
AIZ_GRID_002_23.374999_92.775004,2020-01-21,23.374999,92.775004,0.9925339818000792,0.9925339818000792,0.0,0.0
AIZ_GRID_002_23.374999_92.775004,2020-02-07,23.374999,92.775004,0.0365497581660747,0.0365497581660747,0.0,0.0
AIZ_GRID_002_23.374999_92.775004,2020-02-08,23.374999,92.775004,0.3281731903553009,0.3281731903553009,0.0,0.0
AIZ_GRID_002_23.374999_92.775004,2020-02-19,23.374999,92.775004,0.812351644039154,0.812351644039154,0.0,0.0
AIZ_GRID_002_23.374999_92.775004,2020-10-07,23.374999,92.775004,21.32366943359375,21.32366943359375,10.0,0.0
AIZ_GRID_002_23.374999_92.775004,2021-08-22,23.374999,92.775004,14.780447959899902,14.780447959899902,12.0,0.0
AIZ_GRID_002_23.374999_92.775004,2021-10-05,23.374999,92.775004,0.6528074741363525,0.6528074741363525,0.0,0.0
AIZ_GRID_002_23.374999_92.775004,2021-11-02,23.374999,92.775004,1.5893511772155762,1.5893511772155762,2.0,0.0
AIZ_GRID_002_23.374999_92.775004,2021-11-23,23.374999,92.775004,1.2584608793258667,1.2584608793258667,11.0,0.0
AIZ_GRID_002_23.374999_92.775004,2022-02-20,23.374999,92.775004,8.574366569519043,8.574366569519043,1.0,0.0
AIZ_GRID_002_23.374999_92.775004,2022-05-20,23.374999,92.775004,5.154891490936279,5.154891490936279,4.0,0.0
AIZ_GRID_002_23.374999_92.775004,2023-03-09,23.374999,92.775004,6.408621311187744,6.408621311187744,1.0,0.0
AIZ_GRID_002_23.374999_92.775004,2023-07-30,23.374999,92.775004,35.873023986816406,35.873023986816406,2.0,1.0
AIZ_GRID_002_23.374999_92.775004,2024-02-25,23.374999,92.775004,3.912947416305542,3.912947416305542,5.0,0.0
AIZ_GRID_002_23.374999_92.775004,2024-06-05,23.374999,92.775004,0.2318180352449417,0.2318180352449417,0.0,0.0
AIZ_GRID_002_23.374999_92.775004,2024-06-18,23.374999,92.775004,69.17212677001953,69.17212677001953,2.0,1.0
AIZ_GRID_002_23.374999_92.775004,2024-06-21,23.374999,92.775004,120.64723205566406,120.64723205566406,5.0,1.0
AIZ_GRID_002_23.374999_92.775004,2025-02-06,23.374999,92.775004,0.7428896427154541,0.7428896427154541,0.0,0.0
AIZ_GRID_002_23.374999_92.775004,2025-02-13,23.374999,92.775004,2.647874593734741,2.647874593734741,1.0,0.0
AIZ_GRID_002_23.374999_92.775004,2025-05-26,23.374999,92.775004,50.49693298339844,50.49693298339844,8.0,2.0
AIZ_GRID_002_23.374999_92.775004,2025-06-29,23.374999,92.775004,6.647763729095459,6.647763729095459,8.0,0.0
AIZ_GRID_002_23.379722_92.751667,2024-05-28,23.379722,92.751667,150.603515625,150.603515625,8.0,6.0
AIZ_GRID_002_23.391667_92.755278,2024-05-28,23.391667,92.755278,150.603515625,150.603515625,8.0,6.0
AIZ_GRID_004_23.424999_92.675004,2020-07-19,23.424999,92.675004,58.90023422241211,58.90023422241211,12.0,1.0
AIZ_GRID_004_23.424999_92.675004,2021-07-15,23.424999,92.675004,0.7664101719856262,0.7664101719856262,0.0,0.0
AIZ_GRID_004_23.424999_92.675004,2021-10-29,23.424999,92.675004,0.4691939055919647,0.4691939055919647,0.0,0.0
AIZ_GRID_004_23.424999_92.675004,2021-11-25,23.424999,92.675004,1.0396288633346558,1.0396288633346558,13.0,0.0
AIZ_GRID_004_23.424999_92.675004,2022-05-23,23.424999,92.675004,26.1427001953125,26.1427001953125,7.0,2.0
AIZ_GRID_004_23.424999_92.675004,2022-07-01,23.424999,92.675004,20.00699043273925,20.00699043273925,19.0,0.0
AIZ_GRID_004_23.424999_92.675004,2022-07-26,23.424999,92.675004,12.134385108947754,12.134385108947754,7.0,0.0
AIZ_GRID_004_23.424999_92.675004,2022-09-06,23.424999,92.675004,8.706238746643066,8.706238746643066,4.0,0.0
AIZ_GRID_004_23.424999_92.675004,2022-11-04,23.424999,92.675004,5.221610069274902,5.221610069274902,1.0,0.0
AIZ_GRID_004_23.424999_92.675004,2023-06-26,23.424999,92.675004,18.712804794311523,18.712804794311523,1.0,0.0
AIZ_GRID_004_23.424999_92.675004,2023-07-08,23.424999,92.675004,6.275295257568359,6.275295257568359,5.0,0.0
AIZ_GRID_004_23.424999_92.675004,2023-08-27,23.424999,92.675004,57.01834487915039,57.01834487915039,7.0,3.0
AIZ_GRID_004_23.424999_92.675004,2023-12-14,23.424999,92.675004,0.9123627543449402,0.9123627543449402,0.0,0.0
AIZ_GRID_004_23.424999_92.675004,2024-02-18,23.424999,92.675004,0.847285270690918,0.847285270690918,0.0,0.0
AIZ_GRID_004_23.424999_92.675004,2024-03-28,23.424999,92.675004,33.6594352722168,33.6594352722168,1.0,1.0
AIZ_GRID_004_23.424999_92.675004,2024-04-26,23.424999,92.675004,0.8089697957038879,0.8089697957038879,0.0,0.0
AIZ_GRID_004_23.424999_92.675004,2024-05-10,23.424999,92.675004,13.544317245483398,13.544317245483398,1.0,0.0
AIZ_GRID_004_23.424999_92.675004,2024-10-05,23.424999,92.675004,0.8969941139221191,0.8969941139221191,0.0,0.0
AIZ_GRID_004_23.424999_92.675004,2025-02-27,23.424999,92.675004,0.6882842779159546,0.6882842779159546,0.0,0.0
AIZ_GRID_004_23.424999_92.675004,2025-04-03,23.424999,92.675004,0.1145212575793266,0.1145212575793266,0.0,0.0
AIZ_GRID_004_23.424999_92.675004,2025-06-27,23.424999,92.675004,1.062020182609558,1.062020182609558,20.0,0.0
AIZ_GRID_004_23.443333_92.685278,2024-05-28,23.443333,92.685278,136.586669921875,136.586669921875,8.0,5.0
AIZ_GRID_004_23.448056_92.683333,2024-05-28,23.448056,92.683333,136.586669921875,136.586669921875,8.0,5.0
AIZ_GRID_005_23.416944_92.718056,2024-05-28,23.416944,92.718056,147.24600219726562,147.24600219726562,8.0,6.0
AIZ_GRID_005_23.41_92.749444,2024-05-28,23.41,92.749444,147.24600219726562,147.24600219726562,8.0,6.0
AIZ_GRID_005_23.424999_92.725004,2020-09-01,23.424999,92.725004,45.884159088134766,45.884159088134766,3.0,2.0
AIZ_GRID_005_23.424999_92.725004,2020-12-30,23.424999,92.725004,0.3323659300804138,0.3323659300804138,0.0,0.0
AIZ_GRID_005_23.424999_92.725004,2021-01-15,23.424999,92.725004,0.3883646428585052,0.3883646428585052,0.0,0.0
AIZ_GRID_005_23.424999_92.725004,2021-04-25,23.424999,92.725004,0.9866896867752076,0.9866896867752076,0.0,0.0
AIZ_GRID_005_23.424999_92.725004,2021-06-18,23.424999,92.725004,14.252226829528809,14.252226829528809,2.0,0.0
AIZ_GRID_005_23.424999_92.725004,2021-12-10,23.424999,92.725004,0.0546193793416023,0.0546193793416023,0.0,0.0
AIZ_GRID_005_23.424999_92.725004,2021-12-18,23.424999,92.725004,0.4952053725719452,0.4952053725719452,0.0,0.0
AIZ_GRID_005_23.424999_92.725004,2021-12-19,23.424999,92.725004,0.4952053725719452,0.4952053725719452,0.0,0.0
AIZ_GRID_005_23.424999_92.725004,2021-12-28,23.424999,92.725004,0.3618977069854736,0.3618977069854736,0.0,0.0
AIZ_GRID_005_23.424999_92.725004,2022-04-14,23.424999,92.725004,4.028541088104248,4.028541088104248,1.0,0.0
AIZ_GRID_005_23.424999_92.725004,2022-10-04,23.424999,92.725004,18.203590393066406,18.203590393066406,6.0,0.0
AIZ_GRID_005_23.424999_92.725004,2023-12-28,23.424999,92.725004,0.6232357025146484,0.6232357025146484,0.0,0.0
AIZ_GRID_005_23.424999_92.725004,2024-01-18,23.424999,92.725004,4.3576178550720215,4.3576178550720215,1.0,0.0
AIZ_GRID_005_23.424999_92.725004,2024-03-29,23.424999,92.725004,5.140321254730225,5.140321254730225,2.0,0.0
AIZ_GRID_005_23.424999_92.725004,2024-04-30,23.424999,92.725004,0.8425369262695312,0.8425369262695312,0.0,0.0
AIZ_GRID_005_23.424999_92.725004,2024-08-31,23.424999,92.725004,72.32134246826172,72.32134246826172,20.0,1.0
AIZ_GRID_005_23.424999_92.725004,2024-09-21,23.424999,92.725004,13.565730094909668,13.565730094909668,2.0,0.0
AIZ_GRID_005_23.424999_92.725004,2025-06-15,23.424999,92.725004,57.59113311767578,57.59113311767578,8.0,2.0
AIZ_GRID_005_23.427222_92.712778,2024-05-28,23.427222,92.712778,147.24600219726562,147.24600219726562,8.0,6.0
AIZ_GRID_006_23.410771_92.753123,2024-05-28,23.410771,92.753123,145.19252014160156,145.19252014160156,8.0,6.0
AIZ_GRID_006_23.424999_92.775004,2020-06-07,23.424999,92.775004,1.3653839826583862,1.3653839826583862,6.0,0.0
AIZ_GRID_006_23.424999_92.775004,2020-08-03,23.424999,92.775004,46.5384635925293,46.5384635925293,9.0,1.0
AIZ_GRID_006_23.424999_92.775004,2020-11-02,23.424999,92.775004,14.01244068145752,14.01244068145752,4.0,0.0
AIZ_GRID_006_23.424999_92.775004,2020-11-24,23.424999,92.775004,11.23943042755127,11.23943042755127,1.0,0.0
AIZ_GRID_006_23.424999_92.775004,2021-01-10,23.424999,92.775004,0.3851186037063598,0.3851186037063598,0.0,0.0
AIZ_GRID_006_23.424999_92.775004,2021-01-28,23.424999,92.775004,0.4120071530342102,0.4120071530342102,0.0,0.0
AIZ_GRID_006_23.424999_92.775004,2021-11-04,23.424999,92.775004,1.594720482826233,1.594720482826233,4.0,0.0
AIZ_GRID_006_23.424999_92.775004,2022-06-16,23.424999,92.775004,22.25127601623535,22.25127601623535,4.0,0.0
AIZ_GRID_006_23.424999_92.775004,2022-10-04,23.424999,92.775004,15.399471282958984,15.399471282958984,6.0,0.0
AIZ_GRID_006_23.424999_92.775004,2022-10-24,23.424999,92.775004,55.67961120605469,55.67961120605469,2.0,2.0
AIZ_GRID_006_23.424999_92.775004,2022-11-22,23.424999,92.775004,0.979658544063568,0.979658544063568,0.0,0.0
AIZ_GRID_006_23.424999_92.775004,2022-12-27,23.424999,92.775004,9.883111000061035,9.883111000061035,1.0,0.0
AIZ_GRID_006_23.424999_92.775004,2023-01-11,23.424999,92.775004,0.3440600931644439,0.3440600931644439,0.0,0.0
AIZ_GRID_006_23.424999_92.775004,2023-01-20,23.424999,92.775004,0.4967628121376037,0.4967628121376037,0.0,0.0
AIZ_GRID_006_23.424999_92.775004,2023-01-31,23.424999,92.775004,1.497333288192749,1.497333288192749,1.0,0.0
AIZ_GRID_006_23.424999_92.775004,2023-06-15,23.424999,92.775004,24.16373443603516,24.16373443603516,3.0,0.0
AIZ_GRID_006_23.424999_92.775004,2023-06-29,23.424999,92.775004,0.4214024841785431,0.4214024841785431,0.0,0.0
AIZ_GRID_006_23.424999_92.775004,2025-01-06,23.424999,92.775004,0.1989367008209228,0.1989367008209228,0.0,0.0
AIZ_GRID_006_23.424999_92.775004,2025-02-06,23.424999,92.775004,0.6671853065490723,0.6671853065490723,0.0,0.0
AIZ_GRID_006_23.424999_92.775004,2025-06-17,23.424999,92.775004,39.13832473754883,39.13832473754883,10.0,4.0
AIZ_GRID_006_23.431944_92.760833,2024-05-28,23.431944,92.760833,145.19252014160156,145.19252014160156,8.0,6.0
AIZ_GRID_006_23.432778_92.761111,2024-05-28,23.432778,92.761111,145.19252014160156,145.19252014160156,8.0,6.0
AIZ_GRID_006_23.441389_92.778889,2024-05-28,23.441389,92.778889,145.19252014160156,145.19252014160156,8.0,6.0
AIZ_GRID_008_23.450833_92.6825,2024-05-28,23.450833,92.6825,119.37982177734376,119.37982177734376,8.0,5.0
AIZ_GRID_008_23.474999_92.675004,2020-02-13,23.474999,92.675004,0.8751627206802368,0.8751627206802368,0.0,0.0
AIZ_GRID_008_23.474999_92.675004,2020-02-23,23.474999,92.675004,0.2439732104539871,0.2439732104539871,0.0,0.0
AIZ_GRID_008_23.474999_92.675004,2020-04-25,23.474999,92.675004,22.493328094482425,22.493328094482425,5.0,0.0
AIZ_GRID_008_23.474999_92.675004,2020-06-08,23.474999,92.675004,1.2483196258544922,1.2483196258544922,11.0,0.0
AIZ_GRID_008_23.474999_92.675004,2020-06-27,23.474999,92.675004,54.48618316650391,54.48618316650391,3.0,1.0
AIZ_GRID_008_23.474999_92.675004,2020-09-16,23.474999,92.675004,0.3941623568534851,0.3941623568534851,0.0,0.0
AIZ_GRID_008_23.474999_92.675004,2020-11-03,23.474999,92.675004,0.0792689099907875,0.0792689099907875,0.0,0.0
AIZ_GRID_008_23.474999_92.675004,2021-03-19,23.474999,92.675004,0.7712522149085999,0.7712522149085999,0.0,0.0
AIZ_GRID_008_23.474999_92.675004,2021-05-02,23.474999,92.675004,8.786857604980469,8.786857604980469,3.0,0.0
AIZ_GRID_008_23.474999_92.675004,2021-06-06,23.474999,92.675004,65.02763366699219,65.02763366699219,2.0,2.0
AIZ_GRID_008_23.474999_92.675004,2021-11-01,23.474999,92.675004,0.2684950530529022,0.2684950530529022,0.0,0.0
AIZ_GRID_008_23.474999_92.675004,2021-12-04,23.474999,92.675004,10.475936889648438,10.475936889648438,1.0,0.0
AIZ_GRID_008_23.474999_92.675004,2021-12-11,23.474999,92.675004,0.4340362548828125,0.4340362548828125,0.0,0.0
AIZ_GRID_008_23.474999_92.675004,2022-01-27,23.474999,92.675004,2.1877403259277344,2.1877403259277344,2.0,0.0
AIZ_GRID_008_23.474999_92.675004,2022-04-30,23.474999,92.675004,7.382530212402344,7.382530212402344,1.0,0.0
AIZ_GRID_008_23.474999_92.675004,2022-05-31,23.474999,92.675004,29.12736320495605,29.12736320495605,3.0,1.0
AIZ_GRID_008_23.474999_92.675004,2022-08-02,23.474999,92.675004,80.74913787841797,80.74913787841797,4.0,1.0
AIZ_GRID_008_23.474999_92.675004,2022-08-12,23.474999,92.675004,30.35999870300293,30.35999870300293,1.0,1.0
AIZ_GRID_008_23.474999_92.675004,2022-09-23,23.474999,92.675004,32.16499710083008,32.16499710083008,3.0,2.0
AIZ_GRID_008_23.474999_92.675004,2023-01-05,23.474999,92.675004,0.3869247138500213,0.3869247138500213,0.0,0.0
AIZ_GRID_008_23.474999_92.675004,2023-06-05,23.474999,92.675004,78.9800796508789,78.9800796508789,1.0,1.0
AIZ_GRID_008_23.474999_92.675004,2023-11-16,23.474999,92.675004,119.215576171875,119.215576171875,2.0,1.0
AIZ_GRID_008_23.474999_92.675004,2023-12-16,23.474999,92.675004,0.837959885597229,0.837959885597229,0.0,0.0
AIZ_GRID_008_23.474999_92.675004,2024-03-02,23.474999,92.675004,0.7830528616905212,0.7830528616905212,0.0,0.0
AIZ_GRID_008_23.474999_92.675004,2024-08-17,23.474999,92.675004,68.79900360107422,68.79900360107422,22.0,4.0
AIZ_GRID_008_23.474999_92.675004,2025-05-15,23.474999,92.675004,0.3297586441040039,0.3297586441040039,0.0,0.0
AIZ_GRID_008_23.474999_92.675004,2025-06-06,23.474999,92.675004,4.255560398101807,4.255560398101807,19.0,0.0
AIZ_GRID_008_23.474999_92.675004,2025-06-15,23.474999,92.675004,43.48501205444336,43.48501205444336,8.0,2.0
AIZ_GRID_008_23.474999_92.675004,2025-06-22,23.474999,92.675004,161.6782684326172,161.6782684326172,15.0,1.0
AIZ_GRID_009_23.467778_92.741111,2024-05-28,23.467778,92.741111,125.5210418701172,125.5210418701172,8.0,6.0
AIZ_GRID_009_23.468056_92.716389,2024-05-28,23.468056,92.716389,125.5210418701172,125.5210418701172,8.0,6.0
AIZ_GRID_009_23.4688_92.7208,2025-01-02,23.4688,92.7208,0.4006854593753814,0.4006854593753814,0.0,0.0
AIZ_GRID_009_23.469247_92.744068,2025-06-01,23.469247,92.744068,183.15338134765625,183.15338134765625,14.0,8.0
AIZ_GRID_009_23.4725_92.714444,2024-05-28,23.4725,92.714444,125.5210418701172,125.5210418701172,8.0,6.0
AIZ_GRID_009_23.474999_92.725004,2020-01-12,23.474999,92.725004,0.8659884333610535,0.8659884333610535,0.0,0.0
AIZ_GRID_009_23.474999_92.725004,2020-02-15,23.474999,92.725004,0.7664725184440613,0.7664725184440613,0.0,0.0
AIZ_GRID_009_23.474999_92.725004,2020-05-03,23.474999,92.725004,3.135825634002685,3.135825634002685,2.0,0.0
AIZ_GRID_009_23.474999_92.725004,2020-06-27,23.474999,92.725004,49.951454162597656,49.951454162597656,3.0,1.0
AIZ_GRID_009_23.474999_92.725004,2020-10-03,23.474999,92.725004,54.25925827026367,54.25925827026367,6.0,2.0
AIZ_GRID_009_23.474999_92.725004,2021-09-27,23.474999,92.725004,1.9348262548446653,1.9348262548446653,2.0,0.0
AIZ_GRID_009_23.474999_92.725004,2022-02-12,23.474999,92.725004,0.9580726027488708,0.9580726027488708,0.0,0.0
AIZ_GRID_009_23.474999_92.725004,2022-03-04,23.474999,92.725004,1.071848750114441,1.071848750114441,13.0,0.0
AIZ_GRID_009_23.474999_92.725004,2022-07-17,23.474999,92.725004,68.04119110107422,68.04119110107422,4.0,1.0
AIZ_GRID_009_23.474999_92.725004,2022-10-19,23.474999,92.725004,4.040332794189453,4.040332794189453,4.0,0.0
AIZ_GRID_009_23.474999_92.725004,2023-03-03,23.474999,92.725004,1.2732326984405518,1.2732326984405518,6.0,0.0
AIZ_GRID_009_23.474999_92.725004,2023-04-04,23.474999,92.725004,0.4356584250926971,0.4356584250926971,0.0,0.0
AIZ_GRID_009_23.474999_92.725004,2023-04-21,23.474999,92.725004,9.742743492126465,9.742743492126465,2.0,0.0
AIZ_GRID_009_23.474999_92.725004,2023-04-29,23.474999,92.725004,1.1855347156524658,1.1855347156524658,1.0,0.0
AIZ_GRID_009_23.474999_92.725004,2023-05-10,23.474999,92.725004,2.141318321228028,2.141318321228028,5.0,0.0
AIZ_GRID_009_23.474999_92.725004,2023-05-16,23.474999,92.725004,11.54466152191162,11.54466152191162,5.0,0.0
AIZ_GRID_009_23.474999_92.725004,2023-06-19,23.474999,92.725004,50.06696319580078,50.06696319580078,7.0,3.0
AIZ_GRID_009_23.474999_92.725004,2023-07-30,23.474999,92.725004,41.69883346557617,41.69883346557617,1.0,1.0
AIZ_GRID_009_23.474999_92.725004,2023-10-17,23.474999,92.725004,0.9637473225593568,0.9637473225593568,0.0,0.0
AIZ_GRID_009_23.474999_92.725004,2023-11-21,23.474999,92.725004,4.806942462921143,4.806942462921143,2.0,0.0
AIZ_GRID_009_23.474999_92.725004,2024-01-31,23.474999,92.725004,2.761115550994873,2.761115550994873,1.0,0.0
AIZ_GRID_009_23.474999_92.725004,2024-07-18,23.474999,92.725004,6.647886753082275,6.647886753082275,6.0,0.0
AIZ_GRID_009_23.474999_92.725004,2025-02-01,23.474999,92.725004,0.5740148425102234,0.5740148425102234,0.0,0.0
AIZ_GRID_009_23.474999_92.725004,2025-05-01,23.474999,92.725004,13.02029800415039,13.02029800415039,1.0,0.0
AIZ_GRID_009_23.474999_92.725004,2025-05-14,23.474999,92.725004,9.650297164916992,9.650297164916992,9.0,0.0
AIZ_GRID_009_23.474999_92.725004,2025-05-17,23.474999,92.725004,54.13398361206055,54.13398361206055,1.0,1.0
AIZ_GRID_009_23.47_92.7215,2025-06-02,23.47,92.7215,7.405479431152344,7.405479431152344,15.0,0.0
AIZ_GRID_009_23.485556_92.703056,2024-05-28,23.485556,92.703056,125.5210418701172,125.5210418701172,8.0,6.0
AIZ_GRID_009_23.4855_92.7033,2024-07-02,23.4855,92.7033,34.26607131958008,34.26607131958008,15.0,3.0
AIZ_GRID_009_23.490833_92.705556,2024-05-28,23.490833,92.705556,125.5210418701172,125.5210418701172,8.0,6.0
AIZ_GRID_009_23.4946_92.7044,2024-08-25,23.4946,92.7044,22.08466339111328,22.08466339111328,17.0,0.0
AIZ_GRID_009_23.497222_92.703333,2024-05-28,23.497222,92.703333,125.5210418701172,125.5210418701172,8.0,6.0
AIZ_GRID_009_23.498611_92.703889,2024-05-28,23.498611,92.703889,125.5210418701172,125.5210418701172,8.0,6.0
AIZ_GRID_009_23.499917_92.701361,2023-06-02,23.499917,92.701361,0.8890745043754578,0.8890745043754578,0.0,0.0
AIZ_GRID_009_23.49_92.705556,2024-05-28,23.49,92.705556,125.5210418701172,125.5210418701172,8.0,6.0
AIZ_GRID_011_23.505278_92.6975,2024-05-28,23.505278,92.6975,86.19194030761719,86.19194030761719,8.0,5.0
AIZ_GRID_011_23.506944_92.696389,2024-05-28,23.506944,92.696389,86.19194030761719,86.19194030761719,8.0,5.0
AIZ_GRID_011_23.508611_92.698056,2024-05-28,23.508611,92.698056,86.19194030761719,86.19194030761719,8.0,5.0
AIZ_GRID_011_23.510556_92.699722,2024-05-28,23.510556,92.699722,86.19194030761719,86.19194030761719,8.0,5.0
AIZ_GRID_011_23.513611_92.698333,2024-05-28,23.513611,92.698333,86.19194030761719,86.19194030761719,8.0,5.0
AIZ_GRID_011_23.514444_92.698056,2024-05-28,23.514444,92.698056,86.19194030761719,86.19194030761719,8.0,5.0
AIZ_GRID_011_23.524999_92.675004,2020-01-24,23.524999,92.675004,0.891888439655304,0.891888439655304,0.0,0.0
AIZ_GRID_011_23.524999_92.675004,2020-06-28,23.524999,92.675004,16.513866424560547,16.513866424560547,4.0,0.0
AIZ_GRID_011_23.524999_92.675004,2020-10-06,23.524999,92.675004,1.371047854423523,1.371047854423523,9.0,0.0
AIZ_GRID_011_23.524999_92.675004,2020-11-02,23.524999,92.675004,0.8753040432929993,0.8753040432929993,0.0,0.0
AIZ_GRID_011_23.524999_92.675004,2020-11-27,23.524999,92.675004,3.25019907951355,3.25019907951355,1.0,0.0
AIZ_GRID_011_23.524999_92.675004,2021-01-02,23.524999,92.675004,0.3238940238952636,0.3238940238952636,0.0,0.0
AIZ_GRID_011_23.524999_92.675004,2021-09-06,23.524999,92.675004,0.6955612301826477,0.6955612301826477,0.0,0.0
AIZ_GRID_011_23.524999_92.675004,2021-09-17,23.524999,92.675004,47.655887603759766,47.655887603759766,11.0,5.0
AIZ_GRID_011_23.524999_92.675004,2021-11-16,23.524999,92.675004,2.096524238586426,2.096524238586426,4.0,0.0
AIZ_GRID_011_23.524999_92.675004,2021-12-24,23.524999,92.675004,0.3743305206298828,0.3743305206298828,0.0,0.0
AIZ_GRID_011_23.524999_92.675004,2022-02-04,23.524999,92.675004,16.12551498413086,16.12551498413086,2.0,0.0
AIZ_GRID_011_23.524999_92.675004,2023-02-11,23.524999,92.675004,0.5803113579750061,0.5803113579750061,0.0,0.0
AIZ_GRID_011_23.524999_92.675004,2023-12-17,23.524999,92.675004,0.8159551620483398,0.8159551620483398,0.0,0.0
AIZ_GRID_011_23.524999_92.675004,2024-03-13,23.524999,92.675004,1.7792675495147705,1.7792675495147705,3.0,0.0
AIZ_GRID_011_23.524999_92.675004,2024-05-02,23.524999,92.675004,109.6534652709961,109.6534652709961,1.0,1.0
AIZ_GRID_011_23.524999_92.675004,2024-05-26,23.524999,92.675004,98.73330688476562,98.73330688476562,6.0,3.0
AIZ_GRID_011_23.524999_92.675004,2024-05-30,23.524999,92.675004,0.6575454473495483,0.6575454473495483,0.0,0.0
AIZ_GRID_011_23.524999_92.675004,2024-06-23,23.524999,92.675004,38.455684661865234,38.455684661865234,6.0,3.0
AIZ_GRID_011_23.524999_92.675004,2024-10-06,23.524999,92.675004,0.0745351463556289,0.0745351463556289,0.0,0.0
AIZ_GRID_011_23.524999_92.675004,2025-01-16,23.524999,92.675004,0.4362585246562958,0.4362585246562958,0.0,0.0
AIZ_GRID_011_23.524999_92.675004,2025-05-25,23.524999,92.675004,63.72938537597656,63.72938537597656,7.0,1.0
AIZ_GRID_011_23.524999_92.675004,2025-06-09,23.524999,92.675004,60.462100982666016,60.462100982666016,2.0,2.0
AIZ_GRID_011_23.526944_92.654444,2024-09-20,23.526944,92.654444,8.410600662231445,8.410600662231445,1.0,0.0
AIZ_GRID_011_23.527778_92.698611,2024-05-28,23.527778,92.698611,86.19194030761719,86.19194030761719,8.0,5.0
AIZ_GRID_011_23.528611_92.6975,2024-05-28,23.528611,92.6975,86.19194030761719,86.19194030761719,8.0,5.0
AIZ_GRID_011_23.529722_92.696111,2023-08-03,23.529722,92.696111,8.926006317138672,8.926006317138672,6.0,0.0
AIZ_GRID_011_23.530278_92.696667,2024-05-28,23.530278,92.696667,86.19194030761719,86.19194030761719,8.0,5.0
AIZ_GRID_011_23.533333_92.697222,2023-08-02,23.533333,92.697222,56.55709457397461,56.55709457397461,5.0,1.0
AIZ_GRID_011_23.535556_92.696944,2024-05-28,23.535556,92.696944,86.19194030761719,86.19194030761719,8.0,5.0
AIZ_GRID_011_23.535_92.696944,2023-07-28,23.535,92.696944,0.827729344367981,0.827729344367981,0.0,0.0
AIZ_GRID_011_23.536111_92.655278,2024-05-28,23.536111,92.655278,86.19194030761719,86.19194030761719,8.0,5.0
AIZ_GRID_011_23.536111_92.697778,2024-05-28,23.536111,92.697778,86.19194030761719,86.19194030761719,8.0,5.0
AIZ_GRID_011_23.536667_92.6975,2024-05-28,23.536667,92.6975,86.19194030761719,86.19194030761719,8.0,5.0
AIZ_GRID_011_23.536944_92.6975,2024-05-28,23.536944,92.6975,86.19194030761719,86.19194030761719,8.0,5.0
AIZ_GRID_011_23.537778_92.698333,2024-05-28,23.537778,92.698333,86.19194030761719,86.19194030761719,8.0,5.0
AIZ_GRID_011_23.538889_92.6625,2024-05-28,23.538889,92.6625,86.19194030761719,86.19194030761719,8.0,5.0
AIZ_GRID_011_23.539444_92.658889,2024-05-28,23.539444,92.658889,86.19194030761719,86.19194030761719,8.0,5.0
AIZ_GRID_011_23.539444_92.665278,2024-05-28,23.539444,92.665278,86.19194030761719,86.19194030761719,8.0,5.0
AIZ_GRID_011_23.539722_92.699444,2024-05-28,23.539722,92.699444,86.19194030761719,86.19194030761719,8.0,5.0
AIZ_GRID_011_23.541667_92.664722,2023-08-12,23.541667,92.664722,12.668089866638184,12.668089866638184,3.0,0.0
AIZ_GRID_011_23.542778_92.674722,2024-05-28,23.542778,92.674722,86.19194030761719,86.19194030761719,8.0,5.0
AIZ_GRID_011_23.542778_92.676389,2024-05-28,23.542778,92.676389,86.19194030761719,86.19194030761719,8.0,5.0
AIZ_GRID_011_23.543333_92.664722,2024-05-28,23.543333,92.664722,86.19194030761719,86.19194030761719,8.0,5.0
AIZ_GRID_012_23.519444_92.700556,2024-09-25,23.519444,92.700556,66.24752807617188,66.24752807617188,6.0,1.0
AIZ_GRID_012_23.519806_92.700667,2023-08-13,23.519806,92.700667,5.492700576782227,5.492700576782227,15.0,0.0
AIZ_GRID_012_23.522778_92.702778,2024-05-28,23.522778,92.702778,85.41419982910156,85.41419982910156,8.0,6.0
AIZ_GRID_012_23.524999_92.725004,2020-01-16,23.524999,92.725004,0.8181635737419128,0.8181635737419128,0.0,0.0
AIZ_GRID_012_23.524999_92.725004,2020-01-17,23.524999,92.725004,0.8181635737419128,0.8181635737419128,0.0,0.0
AIZ_GRID_012_23.524999_92.725004,2020-07-06,23.524999,92.725004,11.06698513031006,11.06698513031006,4.0,0.0
AIZ_GRID_012_23.524999_92.725004,2020-08-13,23.524999,92.725004,8.820877075195312,8.820877075195312,1.0,0.0
AIZ_GRID_012_23.524999_92.725004,2020-11-18,23.524999,92.725004,0.7664307951927185,0.7664307951927185,0.0,0.0
AIZ_GRID_012_23.524999_92.725004,2021-01-14,23.524999,92.725004,0.2996677160263061,0.2996677160263061,0.0,0.0
AIZ_GRID_012_23.524999_92.725004,2021-02-27,23.524999,92.725004,1.0561764240264893,1.0561764240264893,2.0,0.0
AIZ_GRID_012_23.524999_92.725004,2021-04-25,23.524999,92.725004,0.669608473777771,0.669608473777771,0.0,0.0
AIZ_GRID_012_23.524999_92.725004,2022-03-06,23.524999,92.725004,1.1427477598190308,1.1427477598190308,1.0,0.0
AIZ_GRID_012_23.524999_92.725004,2022-09-07,23.524999,92.725004,2.420610189437866,2.420610189437866,3.0,0.0
AIZ_GRID_012_23.524999_92.725004,2022-11-14,23.524999,92.725004,0.6826413869857788,0.6826413869857788,0.0,0.0
AIZ_GRID_012_23.524999_92.725004,2023-06-26,23.524999,92.725004,27.706859588623047,27.706859588623047,14.0,1.0
AIZ_GRID_012_23.524999_92.725004,2024-02-13,23.524999,92.725004,0.8688629269599915,0.8688629269599915,0.0,0.0
AIZ_GRID_012_23.524999_92.725004,2024-02-14,23.524999,92.725004,0.8688629269599915,0.8688629269599915,0.0,0.0
AIZ_GRID_012_23.524999_92.725004,2024-06-27,23.524999,92.725004,44.86212921142578,44.86212921142578,10.0,1.0
AIZ_GRID_012_23.524999_92.725004,2024-07-08,23.524999,92.725004,8.809646606445312,8.809646606445312,3.0,0.0
AIZ_GRID_012_23.524999_92.725004,2024-08-16,23.524999,92.725004,85.41845703125,85.41845703125,8.0,3.0
AIZ_GRID_012_23.524999_92.725004,2024-08-27,23.524999,92.725004,7.3752827644348145,7.3752827644348145,19.0,0.0
AIZ_GRID_012_23.524999_92.725004,2025-01-03,23.524999,92.725004,0.3304274082183838,0.3304274082183838,0.0,0.0
AIZ_GRID_012_23.529444_92.729444,2024-05-28,23.529444,92.729444,85.41419982910156,85.41419982910156,8.0,6.0
AIZ_GRID_012_23.530833_92.730556,2024-05-28,23.530833,92.730556,85.41419982910156,85.41419982910156,8.0,6.0
AIZ_GRID_012_23.530833_92.733333,2024-05-28,23.530833,92.733333,85.41419982910156,85.41419982910156,8.0,6.0
AIZ_GRID_012_23.531111_92.733611,2024-05-28,23.531111,92.733611,85.41419982910156,85.41419982910156,8.0,6.0
AIZ_GRID_012_23.532222_92.735,2024-05-28,23.532222,92.735,85.41419982910156,85.41419982910156,8.0,6.0
AIZ_GRID_012_23.535556_92.723333,2024-05-28,23.535556,92.723333,85.41419982910156,85.41419982910156,8.0,6.0
AIZ_GRID_012_23.538056_92.718611,2024-05-29,23.538056,92.718611,1.2931784391403198,1.2931784391403198,9.0,0.0
AIZ_GRID_012_23.539861_92.700639,2023-08-06,23.539861,92.700639,67.69093322753906,67.69093322753906,8.0,2.0
AIZ_GRID_012_23.540278_92.701389,2023-08-06,23.540278,92.701389,67.69093322753906,67.69093322753906,8.0,2.0
AIZ_GRID_012_23.540278_92.701389,2024-05-28,23.540278,92.701389,85.41419982910156,85.41419982910156,8.0,6.0
AIZ_GRID_012_23.541667_92.701944,2024-05-28,23.541667,92.701944,85.41419982910156,85.41419982910156,8.0,6.0
AIZ_GRID_012_23.542778_92.703333,2024-05-28,23.542778,92.703333,85.41419982910156,85.41419982910156,8.0,6.0
AIZ_GRID_012_23.543056_92.700556,2024-05-28,23.543056,92.700556,85.41419982910156,85.41419982910156,8.0,6.0
AIZ_GRID_012_23.543806_92.701361,2023-08-06,23.543806,92.701361,67.69093322753906,67.69093322753906,8.0,2.0
AIZ_GRID_012_23.545_92.703333,2024-05-28,23.545,92.703333,85.41419982910156,85.41419982910156,8.0,6.0
AIZ_GRID_012_23.548333_92.710833,2024-05-28,23.548333,92.710833,85.41419982910156,85.41419982910156,8.0,6.0
AIZ_GRID_012_23.548889_92.705556,2024-05-28,23.548889,92.705556,85.41419982910156,85.41419982910156,8.0,6.0
AIZ_GRID_012_23.5_92.701111,2023-08-09,23.5,92.701111,1.233054757118225,1.233054757118225,11.0,0.0
AIZ_GRID_019_23.550278_92.704444,2024-05-28,23.550278,92.704444,75.02012634277344,75.02012634277344,8.0,5.0
AIZ_GRID_019_23.553889_92.704722,2024-05-28,23.553889,92.704722,75.02012634277344,75.02012634277344,8.0,5.0
AIZ_GRID_019_23.554444_92.705278,2024-05-28,23.554444,92.705278,75.02012634277344,75.02012634277344,8.0,5.0
AIZ_GRID_019_23.559444_92.708333,2023-07-06,23.559444,92.708333,1.7014544010162354,1.7014544010162354,3.0,0.0
AIZ_GRID_019_23.55_92.704444,2024-05-28,23.55,92.704444,75.02012634277344,75.02012634277344,8.0,5.0
AIZ_GRID_019_23.5625_92.707778,2024-08-25,23.5625,92.707778,18.32470893859864,18.32470893859864,16.0,0.0
AIZ_GRID_019_23.563889_92.708056,2024-05-28,23.563889,92.708056,75.02012634277344,75.02012634277344,8.0,5.0
AIZ_GRID_019_23.564167_92.708056,2024-05-28,23.564167,92.708056,75.02012634277344,75.02012634277344,8.0,5.0
AIZ_GRID_019_23.565556_92.7075,2024-07-19,23.565556,92.7075,11.365545272827148,11.365545272827148,7.0,0.0
AIZ_GRID_019_23.565_92.707778,2024-05-28,23.565,92.707778,75.02012634277344,75.02012634277344,8.0,5.0
AIZ_GRID_019_23.566667_92.708889,2024-05-28,23.566667,92.708889,75.02012634277344,75.02012634277344,8.0,5.0
AIZ_GRID_019_23.570278_92.707222,2024-05-28,23.570278,92.707222,75.02012634277344,75.02012634277344,8.0,5.0
AIZ_GRID_019_23.570556_92.708889,2024-05-28,23.570556,92.708889,75.02012634277344,75.02012634277344,8.0,5.0
AIZ_GRID_019_23.571389_92.709722,2024-05-28,23.571389,92.709722,75.02012634277344,75.02012634277344,8.0,5.0
AIZ_GRID_019_23.571667_92.710833,2023-06-09,23.571667,92.710833,76.11323547363281,76.11323547363281,5.0,1.0
AIZ_GRID_019_23.574999_92.725004,2020-06-23,23.574999,92.725004,1.835082411766052,1.835082411766052,1.0,0.0
AIZ_GRID_019_23.574999_92.725004,2020-07-27,23.574999,92.725004,5.649119853973389,5.649119853973389,1.0,0.0
AIZ_GRID_019_23.574999_92.725004,2020-09-11,23.574999,92.725004,0.8394033312797546,0.8394033312797546,0.0,0.0
AIZ_GRID_019_23.574999_92.725004,2020-09-26,23.574999,92.725004,3.800795078277588,3.800795078277588,1.0,0.0
AIZ_GRID_019_23.574999_92.725004,2020-12-10,23.574999,92.725004,0.3990615308284759,0.3990615308284759,0.0,0.0
AIZ_GRID_019_23.574999_92.725004,2021-01-14,23.574999,92.725004,0.2403420954942703,0.2403420954942703,0.0,0.0
AIZ_GRID_019_23.574999_92.725004,2021-01-17,23.574999,92.725004,0.7335721254348755,0.7335721254348755,0.0,0.0
AIZ_GRID_019_23.574999_92.725004,2021-05-03,23.574999,92.725004,1.1402641534805298,1.1402641534805298,2.0,0.0
AIZ_GRID_019_23.574999_92.725004,2021-05-09,23.574999,92.725004,2.365724802017212,2.365724802017212,1.0,0.0
AIZ_GRID_019_23.574999_92.725004,2021-11-17,23.574999,92.725004,1.6009994745254517,1.6009994745254517,5.0,0.0
AIZ_GRID_019_23.574999_92.725004,2021-11-25,23.574999,92.725004,0.669418215751648,0.669418215751648,0.0,0.0
AIZ_GRID_019_23.574999_92.725004,2021-12-13,23.574999,92.725004,0.470222920179367,0.470222920179367,0.0,0.0
AIZ_GRID_019_23.574999_92.725004,2021-12-20,23.574999,92.725004,0.4211313426494598,0.4211313426494598,0.0,0.0
AIZ_GRID_019_23.574999_92.725004,2022-03-07,23.574999,92.725004,1.1740211248397827,1.1740211248397827,2.0,0.0
AIZ_GRID_019_23.574999_92.725004,2022-06-27,23.574999,92.725004,0.4214327931404114,0.4214327931404114,0.0,0.0
AIZ_GRID_019_23.574999_92.725004,2022-07-28,23.574999,92.725004,16.321916580200195,16.321916580200195,1.0,0.0
AIZ_GRID_019_23.574999_92.725004,2022-08-12,23.574999,92.725004,11.06190586090088,11.06190586090088,1.0,0.0
AIZ_GRID_019_23.574999_92.725004,2022-08-30,23.574999,92.725004,6.61994218826294,6.61994218826294,1.0,0.0
AIZ_GRID_019_23.574999_92.725004,2023-01-17,23.574999,92.725004,0.3787815570831299,0.3787815570831299,0.0,0.0
AIZ_GRID_019_23.574999_92.725004,2023-06-13,23.574999,92.725004,3.7287096977233887,3.7287096977233887,1.0,0.0
AIZ_GRID_019_23.574999_92.725004,2023-07-12,23.574999,92.725004,8.228708267211914,8.228708267211914,5.0,0.0
AIZ_GRID_019_23.574999_92.725004,2023-09-05,23.574999,92.725004,0.5847455859184265,0.5847455859184265,0.0,0.0
AIZ_GRID_019_23.574999_92.725004,2024-08-12,23.574999,92.725004,3.526494026184082,3.526494026184082,3.0,0.0
AIZ_GRID_019_23.574999_92.725004,2024-12-26,23.574999,92.725004,0.1880383342504501,0.1880383342504501,0.0,0.0
AIZ_GRID_019_23.574999_92.725004,2025-02-17,23.574999,92.725004,0.2350486814975738,0.2350486814975738,0.0,0.0
AIZ_GRID_019_23.576944_92.713056,2024-05-28,23.576944,92.713056,75.02012634277344,75.02012634277344,8.0,5.0
AIZ_GRID_019_23.577222_92.712222,2024-05-28,23.577222,92.712222,75.02012634277344,75.02012634277344,8.0,5.0
AIZ_GRID_019_23.580278_92.715,2024-05-28,23.580278,92.715,75.02012634277344,75.02012634277344,8.0,5.0
AIZ_GRID_019_23.581389_92.714167,2024-05-28,23.581389,92.714167,75.02012634277344,75.02012634277344,8.0,5.0
AIZ_GRID_019_23.581766_92.713413,2025-05-30,23.581766,92.713413,107.77906799316406,107.77906799316406,12.0,6.0
AIZ_GRID_019_23.583889_92.711667,2024-05-28,23.583889,92.711667,75.02012634277344,75.02012634277344,8.0,5.0
AIZ_GRID_019_23.583889_92.717222,2023-08-08,23.583889,92.717222,13.61323070526123,13.61323070526123,12.0,0.0
AIZ_GRID_019_23.585556_92.715833,2024-05-28,23.585556,92.715833,75.02012634277344,75.02012634277344,8.0,5.0
AIZ_GRID_019_23.585833_92.716389,2024-05-28,23.585833,92.716389,75.02012634277344,75.02012634277344,8.0,5.0
AIZ_GRID_019_23.585917_92.717778,2023-07-25,23.585917,92.717778,12.609963417053224,12.609963417053224,10.0,0.0
AIZ_GRID_019_23.586389_92.713889,2024-05-28,23.586389,92.713889,75.02012634277344,75.02012634277344,8.0,5.0
AIZ_GRID_019_23.586389_92.715833,2024-05-28,23.586389,92.715833,75.02012634277344,75.02012634277344,8.0,5.0
AIZ_GRID_019_23.586944_92.7175,2024-05-28,23.586944,92.7175,75.02012634277344,75.02012634277344,8.0,5.0
AIZ_GRID_019_23.587222_92.713611,2024-05-28,23.587222,92.713611,75.02012634277344,75.02012634277344,8.0,5.0
AIZ_GRID_019_23.590278_92.715833,2024-05-28,23.590278,92.715833,75.02012634277344,75.02012634277344,8.0,5.0
AIZ_GRID_019_23.590556_92.716111,2024-05-28,23.590556,92.716111,75.02012634277344,75.02012634277344,8.0,5.0
AIZ_GRID_019_23.591944_92.750556,2024-05-28,23.591944,92.750556,75.02012634277344,75.02012634277344,8.0,5.0
AIZ_GRID_019_23.5925_92.716667,2024-05-28,23.5925,92.716667,75.02012634277344,75.02012634277344,8.0,5.0
AIZ_GRID_019_23.595278_92.717222,2024-05-28,23.595278,92.717222,75.02012634277344,75.02012634277344,8.0,5.0
AIZ_GRID_019_23.599444_92.720194,2023-06-09,23.599444,92.720194,76.11323547363281,76.11323547363281,5.0,1.0
AIZ_GRID_020_23.574999_92.825004,2020-02-03,23.574999,92.825004,0.5045044422149658,0.5045044422149658,0.0,0.0
AIZ_GRID_020_23.574999_92.825004,2021-02-13,23.574999,92.825004,0.4291255176067352,0.4291255176067352,0.0,0.0
AIZ_GRID_020_23.574999_92.825004,2021-07-19,23.574999,92.825004,3.282856702804565,3.282856702804565,14.0,0.0
AIZ_GRID_020_23.574999_92.825004,2021-08-01,23.574999,92.825004,35.39300537109375,35.39300537109375,1.0,1.0
AIZ_GRID_020_23.574999_92.825004,2022-11-25,23.574999,92.825004,0.4572992324829101,0.4572992324829101,0.0,0.0
AIZ_GRID_020_23.574999_92.825004,2023-09-08,23.574999,92.825004,22.81095695495605,22.81095695495605,3.0,0.0
AIZ_GRID_020_23.574999_92.825004,2024-03-23,23.574999,92.825004,5.495492935180664,5.495492935180664,1.0,0.0
AIZ_GRID_020_23.586944_92.8175,2024-08-25,23.586944,92.8175,23.47799301147461,23.47799301147461,28.0,0.0
AIZ_GRID_020_23.595_92.816111,2024-05-28,23.595,92.816111,75.91255950927734,75.91255950927734,8.0,6.0
AIZ_GRID_025_23.605091_92.72184,2025-06-01,23.605091,92.72184,98.99248504638672,98.99248504638672,14.0,8.0
AIZ_GRID_025_23.605556_92.725,2024-05-28,23.605556,92.725,66.76982879638672,66.76982879638672,9.0,5.0
AIZ_GRID_025_23.606667_92.723056,2024-05-28,23.606667,92.723056,66.76982879638672,66.76982879638672,9.0,5.0
AIZ_GRID_025_23.616111_92.717222,2024-05-28,23.616111,92.717222,66.76982879638672,66.76982879638672,9.0,5.0
AIZ_GRID_025_23.618611_92.726111,2024-05-28,23.618611,92.726111,66.76982879638672,66.76982879638672,9.0,5.0
AIZ_GRID_025_23.619167_92.7225,2024-05-28,23.619167,92.7225,66.76982879638672,66.76982879638672,9.0,5.0
AIZ_GRID_025_23.619722_92.725278,2024-05-28,23.619722,92.725278,66.76982879638672,66.76982879638672,9.0,5.0
AIZ_GRID_025_23.61_92.720833,2024-05-28,23.61,92.720833,66.76982879638672,66.76982879638672,9.0,5.0
AIZ_GRID_025_23.620278_92.725556,2024-05-28,23.620278,92.725556,66.76982879638672,66.76982879638672,9.0,5.0
AIZ_GRID_025_23.620278_92.726111,2024-05-28,23.620278,92.726111,66.76982879638672,66.76982879638672,9.0,5.0
AIZ_GRID_025_23.620833_92.7225,2024-05-28,23.620833,92.7225,66.76982879638672,66.76982879638672,9.0,5.0
AIZ_GRID_025_23.621111_92.724444,2024-05-28,23.621111,92.724444,66.76982879638672,66.76982879638672,9.0,5.0
AIZ_GRID_025_23.621944_92.723056,2024-05-28,23.621944,92.723056,66.76982879638672,66.76982879638672,9.0,5.0
AIZ_GRID_025_23.622778_92.724444,2024-05-28,23.622778,92.724444,66.76982879638672,66.76982879638672,9.0,5.0
AIZ_GRID_025_23.624999_92.725004,2020-05-02,23.624999,92.725004,15.307159423828123,15.307159423828123,2.0,0.0
AIZ_GRID_025_23.624999_92.725004,2021-02-22,23.624999,92.725004,0.4852791726589203,0.4852791726589203,0.0,0.0
AIZ_GRID_025_23.624999_92.725004,2021-03-01,23.624999,92.725004,0.7062801718711853,0.7062801718711853,0.0,0.0
AIZ_GRID_025_23.624999_92.725004,2021-06-10,23.624999,92.725004,80.80329895019531,80.80329895019531,4.0,3.0
AIZ_GRID_025_23.624999_92.725004,2021-11-25,23.624999,92.725004,0.6125339865684509,0.6125339865684509,0.0,0.0
AIZ_GRID_025_23.624999_92.725004,2022-01-28,23.624999,92.725004,1.6199374198913574,1.6199374198913574,3.0,0.0
AIZ_GRID_025_23.624999_92.725004,2022-01-29,23.624999,92.725004,1.6199374198913574,1.6199374198913574,4.0,0.0
AIZ_GRID_025_23.624999_92.725004,2022-05-02,23.624999,92.725004,3.239057302474976,3.239057302474976,3.0,0.0
AIZ_GRID_025_23.624999_92.725004,2022-05-13,23.624999,92.725004,0.2550320029258728,0.2550320029258728,0.0,0.0
AIZ_GRID_025_23.624999_92.725004,2022-08-02,23.624999,92.725004,39.9586296081543,39.9586296081543,2.0,1.0
AIZ_GRID_025_23.624999_92.725004,2022-08-14,23.624999,92.725004,11.855003356933594,11.855003356933594,3.0,0.0
AIZ_GRID_025_23.624999_92.725004,2022-10-17,23.624999,92.725004,14.523283004760742,14.523283004760742,2.0,0.0
AIZ_GRID_025_23.624999_92.725004,2023-06-13,23.624999,92.725004,1.2608520984649658,1.2608520984649658,1.0,0.0
AIZ_GRID_025_23.624999_92.725004,2023-09-18,23.624999,92.725004,33.907222747802734,33.907222747802734,2.0,2.0
AIZ_GRID_025_23.624999_92.725004,2023-11-03,23.624999,92.725004,0.4413135051727295,0.4413135051727295,0.0,0.0
AIZ_GRID_025_23.624999_92.725004,2023-11-15,23.624999,92.725004,2.337387561798096,2.337387561798096,1.0,0.0
AIZ_GRID_025_23.624999_92.725004,2023-12-18,23.624999,92.725004,0.694208562374115,0.694208562374115,0.0,0.0
AIZ_GRID_025_23.624999_92.725004,2023-12-31,23.624999,92.725004,0.3954446315765381,0.3954446315765381,0.0,0.0
AIZ_GRID_025_23.624999_92.725004,2024-01-29,23.624999,92.725004,0.3467320799827575,0.3467320799827575,0.0,0.0
AIZ_GRID_025_23.624999_92.725004,2024-02-18,23.624999,92.725004,0.6425840854644775,0.6425840854644775,0.0,0.0
AIZ_GRID_025_23.624999_92.725004,2024-03-26,23.624999,92.725004,39.91834259033203,39.91834259033203,2.0,1.0
AIZ_GRID_025_23.624999_92.725004,2024-07-08,23.624999,92.725004,3.729353427886963,3.729353427886963,3.0,0.0
AIZ_GRID_025_23.624999_92.725004,2024-12-08,23.624999,92.725004,0.3384093046188354,0.3384093046188354,0.0,0.0
AIZ_GRID_025_23.624999_92.725004,2025-02-05,23.624999,92.725004,0.3984228074550628,0.3984228074550628,0.0,0.0
AIZ_GRID_025_23.624999_92.725004,2025-03-13,23.624999,92.725004,2.464718818664551,2.464718818664551,3.0,0.0
AIZ_GRID_025_23.624999_92.725004,2025-06-28,23.624999,92.725004,0.51286780834198,0.51286780834198,0.0,0.0
AIZ_GRID_025_23.626111_92.726389,2024-05-28,23.626111,92.726389,66.76982879638672,66.76982879638672,9.0,5.0
AIZ_GRID_025_23.628333_92.723333,2024-05-28,23.628333,92.723333,66.76982879638672,66.76982879638672,9.0,5.0
AIZ_GRID_025_23.629722_92.725556,2024-05-28,23.629722,92.725556,66.76982879638672,66.76982879638672,9.0,5.0
AIZ_GRID_025_23.62_92.724722,2024-05-28,23.62,92.724722,66.76982879638672,66.76982879638672,9.0,5.0
AIZ_GRID_025_23.630556_92.723056,2024-05-28,23.630556,92.723056,66.76982879638672,66.76982879638672,9.0,5.0
AIZ_GRID_025_23.631111_92.723889,2024-05-28,23.631111,92.723889,66.76982879638672,66.76982879638672,9.0,5.0
AIZ_GRID_025_23.6325_92.723889,2024-05-28,23.6325,92.723889,66.76982879638672,66.76982879638672,9.0,5.0
AIZ_GRID_025_23.635_92.723611,2024-05-28,23.635,92.723611,66.76982879638672,66.76982879638672,9.0,5.0
AIZ_GRID_025_23.6375_92.722778,2024-05-28,23.6375,92.722778,66.76982879638672,66.76982879638672,9.0,5.0
AIZ_GRID_025_23.640833_92.724722,2024-05-28,23.640833,92.724722,66.76982879638672,66.76982879638672,9.0,5.0
AIZ_GRID_025_23.641667_92.724167,2024-05-28,23.641667,92.724167,66.76982879638672,66.76982879638672,9.0,5.0
AIZ_GRID_025_23.643333_92.734444,2024-05-28,23.643333,92.734444,66.76982879638672,66.76982879638672,9.0,5.0
AIZ_GRID_025_23.643889_92.725833,2024-05-28,23.643889,92.725833,66.76982879638672,66.76982879638672,9.0,5.0
AIZ_GRID_025_23.644444_92.725278,2024-05-28,23.644444,92.725278,66.76982879638672,66.76982879638672,9.0,5.0
AIZ_GRID_025_23.645556_92.724444,2024-05-28,23.645556,92.724444,66.76982879638672,66.76982879638672,9.0,5.0
AIZ_GRID_025_23.646389_92.725278,2024-05-28,23.646389,92.725278,66.76982879638672,66.76982879638672,9.0,5.0
AIZ_GRID_025_23.646389_92.726389,2023-10-02,23.646389,92.726389,3.3877737522125244,3.3877737522125244,7.0,0.0
AIZ_GRID_026_23.601111_92.758889,2024-05-26,23.601111,92.758889,68.87401580810547,68.87401580810547,6.0,3.0
AIZ_GRID_026_23.614722_92.795833,2024-05-28,23.614722,92.795833,63.86432647705078,63.86432647705078,8.0,5.0
AIZ_GRID_026_23.616111_92.797778,2024-05-28,23.616111,92.797778,63.86432647705078,63.86432647705078,8.0,5.0
AIZ_GRID_026_23.618611_92.79,2024-05-28,23.618611,92.79,63.86432647705078,63.86432647705078,8.0,5.0
AIZ_GRID_026_23.623333_92.788889,2024-05-28,23.623333,92.788889,63.86432647705078,63.86432647705078,8.0,5.0
AIZ_GRID_026_23.623611_92.788889,2024-08-28,23.623611,92.788889,9.152679443359377,9.152679443359377,32.0,0.0
AIZ_GRID_026_23.624999_92.775004,2020-04-26,23.624999,92.775004,0.1198454797267913,0.1198454797267913,0.0,0.0
AIZ_GRID_026_23.624999_92.775004,2020-09-01,23.624999,92.775004,8.045828819274902,8.045828819274902,2.0,0.0
AIZ_GRID_026_23.624999_92.775004,2021-01-22,23.624999,92.775004,0.3806948065757751,0.3806948065757751,0.0,0.0
AIZ_GRID_026_23.624999_92.775004,2021-07-21,23.624999,92.775004,5.120120525360107,5.120120525360107,10.0,0.0
AIZ_GRID_026_23.624999_92.775004,2021-09-28,23.624999,92.775004,14.4424409866333,14.4424409866333,1.0,0.0
AIZ_GRID_026_23.624999_92.775004,2023-10-18,23.624999,92.775004,0.1030514165759086,0.1030514165759086,0.0,0.0
AIZ_GRID_026_23.624999_92.775004,2023-11-06,23.624999,92.775004,1.033048391342163,1.033048391342163,1.0,0.0
AIZ_GRID_026_23.624999_92.775004,2023-11-09,23.624999,92.775004,0.172174721956253,0.172174721956253,0.0,0.0
AIZ_GRID_026_23.624999_92.775004,2023-11-16,23.624999,92.775004,83.91985321044922,83.91985321044922,2.0,1.0
AIZ_GRID_026_23.624999_92.775004,2023-12-18,23.624999,92.775004,0.6347532272338867,0.6347532272338867,0.0,0.0
AIZ_GRID_026_23.624999_92.775004,2024-02-18,23.624999,92.775004,0.6906761527061462,0.6906761527061462,0.0,0.0
AIZ_GRID_026_23.624999_92.775004,2024-02-23,23.624999,92.775004,5.390494346618652,5.390494346618652,3.0,0.0
AIZ_GRID_026_23.624999_92.775004,2024-11-07,23.624999,92.775004,1.2011710405349731,1.2011710405349731,3.0,0.0
AIZ_GRID_026_23.624999_92.775004,2025-01-03,23.624999,92.775004,0.2233034372329712,0.2233034372329712,0.0,0.0
AIZ_GRID_026_23.624999_92.775004,2025-03-20,23.624999,92.775004,6.956801891326904,6.956801891326904,1.0,0.0
AIZ_GRID_026_23.624999_92.775004,2025-04-06,23.624999,92.775004,8.399428367614746,8.399428367614746,1.0,0.0
AIZ_GRID_026_23.624999_92.775004,2025-04-11,23.624999,92.775004,0.156991496682167,0.156991496682167,0.0,0.0
AIZ_GRID_026_23.624999_92.775004,2025-04-19,23.624999,92.775004,0.0275678746402263,0.0275678746402263,0.0,0.0
AIZ_GRID_026_23.624999_92.775004,2025-05-24,23.624999,92.775004,7.536727905273437,7.536727905273437,6.0,0.0
AIZ_GRID_026_23.625278_92.786389,2024-05-28,23.625278,92.786389,63.86432647705078,63.86432647705078,8.0,5.0
AIZ_GRID_027_23.608611_92.809722,2024-05-28,23.608611,92.809722,58.19657897949219,58.19657897949219,8.0,5.0
AIZ_GRID_027_23.609722_92.809167,2024-05-28,23.609722,92.809167,58.19657897949219,58.19657897949219,8.0,5.0
AIZ_GRID_027_23.611389_92.803333,2024-05-28,23.611389,92.803333,58.19657897949219,58.19657897949219,8.0,5.0
AIZ_GRID_027_23.612222_92.805278,2024-05-28,23.612222,92.805278,58.19657897949219,58.19657897949219,8.0,5.0
AIZ_GRID_027_23.613611_92.807778,2024-05-28,23.613611,92.807778,58.19657897949219,58.19657897949219,8.0,5.0
AIZ_GRID_027_23.624999_92.825004,2020-06-17,23.624999,92.825004,3.1389851570129395,3.1389851570129395,9.0,0.0
AIZ_GRID_027_23.624999_92.825004,2021-01-28,23.624999,92.825004,0.2983121871948242,0.2983121871948242,0.0,0.0
AIZ_GRID_027_23.624999_92.825004,2021-05-26,23.624999,92.825004,2.1892306804656982,2.1892306804656982,4.0,0.0
AIZ_GRID_027_23.624999_92.825004,2021-06-23,23.624999,92.825004,4.612398147583008,4.612398147583008,2.0,0.0
AIZ_GRID_027_23.624999_92.825004,2021-07-08,23.624999,92.825004,5.389378070831299,5.389378070831299,2.0,0.0
AIZ_GRID_027_23.624999_92.825004,2021-07-09,23.624999,92.825004,55.094757080078125,55.094757080078125,3.0,1.0
AIZ_GRID_027_23.624999_92.825004,2021-07-21,23.624999,92.825004,7.83237361907959,7.83237361907959,5.0,0.0
AIZ_GRID_027_23.624999_92.825004,2022-01-04,23.624999,92.825004,0.282707154750824,0.282707154750824,0.0,0.0
AIZ_GRID_027_23.624999_92.825004,2022-02-14,23.624999,92.825004,0.5820375084877014,0.5820375084877014,0.0,0.0
AIZ_GRID_027_23.624999_92.825004,2022-07-11,23.624999,92.825004,46.738651275634766,46.738651275634766,3.0,1.0
AIZ_GRID_027_23.624999_92.825004,2022-11-11,23.624999,92.825004,0.3423932194709778,0.3423932194709778,0.0,0.0
AIZ_GRID_027_23.624999_92.825004,2022-12-14,23.624999,92.825004,0.369523137807846,0.369523137807846,0.0,0.0
AIZ_GRID_027_23.624999_92.825004,2023-01-24,23.624999,92.825004,0.3739703893661499,0.3739703893661499,0.0,0.0
AIZ_GRID_027_23.624999_92.825004,2023-06-20,23.624999,92.825004,22.63302993774414,22.63302993774414,7.0,0.0
AIZ_GRID_027_23.624999_92.825004,2023-09-11,23.624999,92.825004,29.31602096557617,29.31602096557617,2.0,1.0
AIZ_GRID_027_23.624999_92.825004,2024-02-21,23.624999,92.825004,5.361072540283203,5.361072540283203,1.0,0.0
AIZ_GRID_027_23.624999_92.825004,2024-02-23,23.624999,92.825004,5.361072540283203,5.361072540283203,3.0,0.0
AIZ_GRID_027_23.624999_92.825004,2024-03-23,23.624999,92.825004,7.404174327850342,7.404174327850342,1.0,0.0
AIZ_GRID_027_23.624999_92.825004,2024-05-20,23.624999,92.825004,0.0615152940154075,0.0615152940154075,0.0,0.0
AIZ_GRID_027_23.624999_92.825004,2024-05-23,23.624999,92.825004,13.82196044921875,13.82196044921875,3.0,0.0
AIZ_GRID_027_23.624999_92.825004,2024-09-21,23.624999,92.825004,10.548884391784668,10.548884391784668,2.0,0.0
AIZ_GRID_027_23.624999_92.825004,2024-10-04,23.624999,92.825004,4.602865219116211,4.602865219116211,4.0,0.0
AIZ_GRID_027_23.624999_92.825004,2024-10-14,23.624999,92.825004,1.3556711673736572,1.3556711673736572,1.0,0.0
AIZ_GRID_027_23.624999_92.825004,2024-11-15,23.624999,92.825004,0.3611322045326233,0.3611322045326233,0.0,0.0
AIZ_GRID_027_23.624999_92.825004,2024-12-02,23.624999,92.825004,0.4800258278846741,0.4800258278846741,0.0,0.0
AIZ_GRID_027_23.624999_92.825004,2024-12-26,23.624999,92.825004,0.1634472906589508,0.1634472906589508,0.0,0.0
AIZ_GRID_027_23.624999_92.825004,2024-12-30,23.624999,92.825004,0.1634472906589508,0.1634472906589508,0.0,0.0
AIZ_GRID_027_23.624999_92.825004,2025-05-10,23.624999,92.825004,10.934999465942385,10.934999465942385,1.0,0.0
AIZ_GRID_028_23.608611_92.850556,2024-05-28,23.608611,92.850556,61.39087677001953,61.39087677001953,8.0,6.0
AIZ_GRID_028_23.624999_92.875004,2020-04-29,23.624999,92.875004,0.0200365874916315,0.0200365874916315,0.0,0.0
AIZ_GRID_028_23.624999_92.875004,2020-05-05,23.624999,92.875004,4.814956188201904,4.814956188201904,1.0,0.0
AIZ_GRID_028_23.624999_92.875004,2020-06-07,23.624999,92.875004,0.0804225876927375,0.0804225876927375,0.0,0.0
AIZ_GRID_028_23.624999_92.875004,2020-06-17,23.624999,92.875004,1.9133514165878296,1.9133514165878296,9.0,0.0
AIZ_GRID_028_23.624999_92.875004,2020-08-27,23.624999,92.875004,2.2054102420806885,2.2054102420806885,5.0,0.0
AIZ_GRID_028_23.624999_92.875004,2022-01-26,23.624999,92.875004,6.511205196380615,6.511205196380615,1.0,0.0
AIZ_GRID_028_23.624999_92.875004,2022-03-19,23.624999,92.875004,0.8004130721092224,0.8004130721092224,0.0,0.0
AIZ_GRID_028_23.624999_92.875004,2022-05-18,23.624999,92.875004,7.209902286529541,7.209902286529541,2.0,0.0
AIZ_GRID_028_23.624999_92.875004,2022-07-21,23.624999,92.875004,14.70561408996582,14.70561408996582,1.0,0.0
AIZ_GRID_028_23.624999_92.875004,2022-08-02,23.624999,92.875004,27.29790687561035,27.29790687561035,4.0,1.0
AIZ_GRID_028_23.624999_92.875004,2022-11-08,23.624999,92.875004,0.4594348967075348,0.4594348967075348,0.0,0.0
AIZ_GRID_028_23.624999_92.875004,2022-11-15,23.624999,92.875004,0.3812877237796783,0.3812877237796783,0.0,0.0
AIZ_GRID_028_23.624999_92.875004,2022-12-04,23.624999,92.875004,0.5235520005226135,0.5235520005226135,0.0,0.0
AIZ_GRID_028_23.624999_92.875004,2023-06-10,23.624999,92.875004,4.571690082550049,4.571690082550049,6.0,0.0
AIZ_GRID_028_23.624999_92.875004,2023-06-30,23.624999,92.875004,2.9333508014678955,2.9333508014678955,1.0,0.0
AIZ_GRID_028_23.624999_92.875004,2023-08-04,23.624999,92.875004,5.265180587768555,5.265180587768555,8.0,0.0
AIZ_GRID_028_23.624999_92.875004,2023-08-05,23.624999,92.875004,8.467033386230469,8.467033386230469,9.0,0.0
AIZ_GRID_028_23.624999_92.875004,2023-08-26,23.624999,92.875004,25.102474212646484,25.102474212646484,2.0,1.0
AIZ_GRID_028_23.624999_92.875004,2023-09-29,23.624999,92.875004,12.30413818359375,12.30413818359375,2.0,0.0
AIZ_GRID_028_23.624999_92.875004,2023-12-30,23.624999,92.875004,0.4185419678688049,0.4185419678688049,0.0,0.0
AIZ_GRID_028_23.624999_92.875004,2024-01-07,23.624999,92.875004,0.2726674973964691,0.2726674973964691,0.0,0.0
AIZ_GRID_028_23.624999_92.875004,2024-01-13,23.624999,92.875004,0.2579591870307922,0.2579591870307922,0.0,0.0
AIZ_GRID_028_23.624999_92.875004,2024-01-15,23.624999,92.875004,0.2579591870307922,0.2579591870307922,0.0,0.0
AIZ_GRID_028_23.624999_92.875004,2024-04-17,23.624999,92.875004,46.421661376953125,46.421661376953125,1.0,1.0
AIZ_GRID_028_23.624999_92.875004,2024-04-26,23.624999,92.875004,12.425758361816406,12.425758361816406,1.0,0.0
AIZ_GRID_028_23.624999_92.875004,2024-06-20,23.624999,92.875004,1.344995617866516,1.344995617866516,3.0,0.0
AIZ_GRID_028_23.624999_92.875004,2024-08-12,23.624999,92.875004,2.2057080268859863,2.2057080268859863,3.0,0.0
AIZ_GRID_028_23.624999_92.875004,2025-02-19,23.624999,92.875004,0.3180435299873352,0.3180435299873352,0.0,0.0
AIZ_GRID_028_23.624999_92.875004,2025-03-15,23.624999,92.875004,2.6473500728607178,2.6473500728607178,5.0,0.0
AIZ_GRID_028_23.624999_92.875004,2025-03-20,23.624999,92.875004,3.4140164852142334,3.4140164852142334,1.0,0.0
AIZ_GRID_028_23.634722_92.855,2023-07-11,23.634722,92.855,38.5731201171875,38.5731201171875,4.0,1.0
AIZ_GRID_032_23.654167_92.69,2024-05-28,23.654167,92.69,61.86429214477539,61.86429214477539,11.0,5.0
AIZ_GRID_032_23.657778_92.674444,2024-05-28,23.657778,92.674444,61.86429214477539,61.86429214477539,11.0,5.0
AIZ_GRID_032_23.660556_92.672778,2024-05-28,23.660556,92.672778,61.86429214477539,61.86429214477539,11.0,5.0
AIZ_GRID_032_23.660833_92.672778,2024-05-28,23.660833,92.672778,61.86429214477539,61.86429214477539,11.0,5.0
AIZ_GRID_032_23.674999_92.675004,2020-03-20,23.674999,92.675004,1.3124459981918335,1.3124459981918335,6.0,0.0
AIZ_GRID_032_23.674999_92.675004,2020-05-07,23.674999,92.675004,3.3448407649993896,3.3448407649993896,3.0,0.0
AIZ_GRID_032_23.674999_92.675004,2020-10-03,23.674999,92.675004,37.8867416381836,37.8867416381836,6.0,1.0
AIZ_GRID_032_23.674999_92.675004,2021-10-21,23.674999,92.675004,27.128124237060547,27.128124237060547,2.0,1.0
AIZ_GRID_032_23.674999_92.675004,2022-01-13,23.674999,92.675004,0.2296387702226638,0.2296387702226638,0.0,0.0
AIZ_GRID_032_23.674999_92.675004,2022-01-31,23.674999,92.675004,0.7691718339920044,0.7691718339920044,0.0,0.0
AIZ_GRID_032_23.674999_92.675004,2022-03-06,23.674999,92.675004,1.266036033630371,1.266036033630371,1.0,0.0
AIZ_GRID_032_23.674999_92.675004,2022-05-21,23.674999,92.675004,34.054874420166016,34.054874420166016,5.0,1.0
AIZ_GRID_032_23.674999_92.675004,2022-09-25,23.674999,92.675004,32.57325744628906,32.57325744628906,5.0,1.0
AIZ_GRID_032_23.674999_92.675004,2022-11-28,23.674999,92.675004,0.273924320936203,0.273924320936203,0.0,0.0
AIZ_GRID_032_23.674999_92.675004,2023-01-23,23.674999,92.675004,0.3293482959270477,0.3293482959270477,0.0,0.0
AIZ_GRID_032_23.674999_92.675004,2023-01-31,23.674999,92.675004,0.2708193063735962,0.2708193063735962,0.0,0.0
AIZ_GRID_032_23.674999_92.675004,2023-02-13,23.674999,92.675004,0.3714863955974579,0.3714863955974579,0.0,0.0
AIZ_GRID_032_23.674999_92.675004,2023-03-03,23.674999,92.675004,0.7829249501228333,0.7829249501228333,0.0,0.0
AIZ_GRID_032_23.674999_92.675004,2023-04-18,23.674999,92.675004,0.4441885948181152,0.4441885948181152,0.0,0.0
AIZ_GRID_032_23.674999_92.675004,2023-12-13,23.674999,92.675004,0.7989870309829712,0.7989870309829712,0.0,0.0
AIZ_GRID_032_23.674999_92.675004,2024-03-12,23.674999,92.675004,2.5733792781829834,2.5733792781829834,2.0,0.0
AIZ_GRID_032_23.674999_92.675004,2024-04-07,23.674999,92.675004,5.8626017570495605,5.8626017570495605,1.0,0.0
AIZ_GRID_032_23.674999_92.675004,2024-04-21,23.674999,92.675004,9.321837425231934,9.321837425231934,1.0,0.0
AIZ_GRID_032_23.674999_92.675004,2024-11-12,23.674999,92.675004,1.6461893320083618,1.6461893320083618,1.0,0.0
AIZ_GRID_032_23.674999_92.675004,2025-01-31,23.674999,92.675004,0.25545534491539,0.25545534491539,0.0,0.0
AIZ_GRID_032_23.674999_92.675004,2025-05-16,23.674999,92.675004,0.3251079022884369,0.3251079022884369,0.0,0.0
AIZ_GRID_033_23.651389_92.726944,2024-05-28,23.651389,92.726944,63.3528938293457,63.3528938293457,11.0,5.0
AIZ_GRID_033_23.653889_92.724444,2024-05-28,23.653889,92.724444,63.3528938293457,63.3528938293457,11.0,5.0
AIZ_GRID_033_23.654167_92.717778,2024-05-28,23.654167,92.717778,63.3528938293457,63.3528938293457,11.0,5.0
AIZ_GRID_033_23.655278_92.726944,2024-05-28,23.655278,92.726944,63.3528938293457,63.3528938293457,11.0,5.0
AIZ_GRID_033_23.655306_92.7025,2022-04-05,23.655306,92.7025,0.188479945063591,0.188479945063591,0.0,0.0
AIZ_GRID_033_23.655_92.714444,2024-05-28,23.655,92.714444,63.3528938293457,63.3528938293457,11.0,5.0
AIZ_GRID_033_23.658611_92.705833,2024-05-28,23.658611,92.705833,63.3528938293457,63.3528938293457,11.0,5.0
AIZ_GRID_033_23.660278_92.726944,2024-05-28,23.660278,92.726944,63.3528938293457,63.3528938293457,11.0,5.0
AIZ_GRID_033_23.660556_92.725278,2024-05-28,23.660556,92.725278,63.3528938293457,63.3528938293457,11.0,5.0
AIZ_GRID_033_23.664167_92.720556,2024-05-28,23.664167,92.720556,63.3528938293457,63.3528938293457,11.0,5.0
AIZ_GRID_033_23.666667_92.723889,2024-05-28,23.666667,92.723889,63.3528938293457,63.3528938293457,11.0,5.0
AIZ_GRID_033_23.666944_92.721944,2024-05-28,23.666944,92.721944,63.3528938293457,63.3528938293457,11.0,5.0
AIZ_GRID_033_23.66_92.726389,2024-05-28,23.66,92.726389,63.3528938293457,63.3528938293457,11.0,5.0
AIZ_GRID_033_23.671389_92.723611,2024-05-28,23.671389,92.723611,63.3528938293457,63.3528938293457,11.0,5.0
AIZ_GRID_033_23.672069_92.709929,2024-05-28,23.672069,92.709929,63.3528938293457,63.3528938293457,11.0,5.0
AIZ_GRID_033_23.673889_92.714722,2024-05-28,23.673889,92.714722,63.3528938293457,63.3528938293457,11.0,5.0
AIZ_GRID_033_23.674444_92.714722,2024-05-28,23.674444,92.714722,63.3528938293457,63.3528938293457,11.0,5.0
AIZ_GRID_033_23.674722_92.717222,2024-05-28,23.674722,92.717222,63.3528938293457,63.3528938293457,11.0,5.0
AIZ_GRID_033_23.674999_92.725004,2020-04-18,23.674999,92.725004,36.359954833984375,36.359954833984375,4.0,2.0
AIZ_GRID_033_23.674999_92.725004,2020-09-25,23.674999,92.725004,0.2409930378198623,0.2409930378198623,0.0,0.0
AIZ_GRID_033_23.674999_92.725004,2020-11-27,23.674999,92.725004,1.555182933807373,1.555182933807373,1.0,0.0
AIZ_GRID_033_23.674999_92.725004,2021-01-01,23.674999,92.725004,0.2190055400133133,0.2190055400133133,0.0,0.0
AIZ_GRID_033_23.674999_92.725004,2021-03-06,23.674999,92.725004,1.1036559343338013,1.1036559343338013,1.0,0.0
AIZ_GRID_033_23.674999_92.725004,2021-03-10,23.674999,92.725004,1.1353305578231812,1.1353305578231812,5.0,0.0
AIZ_GRID_033_23.674999_92.725004,2021-08-03,23.674999,92.725004,1.7317919731140137,1.7317919731140137,3.0,0.0
AIZ_GRID_033_23.674999_92.725004,2021-08-22,23.674999,92.725004,0.1741398125886917,0.1741398125886917,0.0,0.0
AIZ_GRID_033_23.674999_92.725004,2021-09-27,23.674999,92.725004,0.5918294191360474,0.5918294191360474,0.0,0.0
AIZ_GRID_033_23.674999_92.725004,2022-08-13,23.674999,92.725004,14.137829780578612,14.137829780578612,2.0,0.0
AIZ_GRID_033_23.674999_92.725004,2022-08-14,23.674999,92.725004,12.084301948547363,12.084301948547363,3.0,0.0
AIZ_GRID_033_23.674999_92.725004,2022-09-24,23.674999,92.725004,5.572192668914795,5.572192668914795,4.0,0.0
AIZ_GRID_033_23.674999_92.725004,2022-10-26,23.674999,92.725004,0.4548310041427612,0.4548310041427612,0.0,0.0
AIZ_GRID_033_23.674999_92.725004,2023-06-06,23.674999,92.725004,16.87814712524414,16.87814712524414,2.0,0.0
AIZ_GRID_033_23.674999_92.725004,2024-03-10,23.674999,92.725004,0.7267609238624573,0.7267609238624573,0.0,0.0
AIZ_GRID_033_23.674999_92.725004,2024-08-06,23.674999,92.725004,60.548118591308594,60.548118591308594,10.0,2.0
AIZ_GRID_033_23.674999_92.725004,2024-12-02,23.674999,92.725004,0.5998197793960571,0.5998197793960571,0.0,0.0
AIZ_GRID_033_23.675833_92.715,2024-05-28,23.675833,92.715,63.3528938293457,63.3528938293457,11.0,5.0
AIZ_GRID_033_23.676111_92.719722,2024-05-28,23.676111,92.719722,63.3528938293457,63.3528938293457,11.0,5.0
AIZ_GRID_033_23.676944_92.717222,2024-05-28,23.676944,92.717222,63.3528938293457,63.3528938293457,11.0,5.0
AIZ_GRID_033_23.678056_92.72,2024-05-28,23.678056,92.72,63.3528938293457,63.3528938293457,11.0,5.0
AIZ_GRID_033_23.680278_92.724722,2024-05-28,23.680278,92.724722,63.3528938293457,63.3528938293457,11.0,5.0
AIZ_GRID_033_23.681436_92.721442,2024-05-28,23.681436,92.721442,63.3528938293457,63.3528938293457,11.0,5.0
AIZ_GRID_033_23.683611_92.722778,2024-05-28,23.683611,92.722778,63.3528938293457,63.3528938293457,11.0,5.0
AIZ_GRID_033_23.684301_92.715511,2024-05-28,23.684301,92.715511,63.3528938293457,63.3528938293457,11.0,5.0
AIZ_GRID_033_23.686803_92.725199,2025-05-29,23.686803,92.725199,34.87441635131836,34.87441635131836,11.0,5.0
AIZ_GRID_033_23.687433_92.721292,2024-05-28,23.687433,92.721292,63.3528938293457,63.3528938293457,11.0,5.0
AIZ_GRID_033_23.689167_92.720556,2024-07-02,23.689167,92.720556,14.71131992340088,14.71131992340088,15.0,0.0
AIZ_GRID_033_23.692778_92.720556,2024-05-28,23.692778,92.720556,63.3528938293457,63.3528938293457,11.0,5.0
AIZ_GRID_033_23.693333_92.720556,2024-05-28,23.693333,92.720556,63.3528938293457,63.3528938293457,11.0,5.0
AIZ_GRID_033_23.693611_92.7225,2024-06-28,23.693611,92.7225,1.6128575801849363,1.6128575801849363,11.0,0.0
AIZ_GRID_033_23.697778_92.719444,2024-09-20,23.697778,92.719444,2.932873487472534,2.932873487472534,1.0,0.0
AIZ_GRID_033_23.698056_92.722778,2024-07-02,23.698056,92.722778,14.71131992340088,14.71131992340088,15.0,0.0
AIZ_GRID_033_23.699444_92.719722,2024-05-28,23.699444,92.719722,63.3528938293457,63.3528938293457,11.0,5.0
AIZ_GRID_033_23.699722_92.716944,2024-05-28,23.699722,92.716944,63.3528938293457,63.3528938293457,11.0,5.0
AIZ_GRID_033_23.699722_92.7175,2024-06-20,23.699722,92.7175,1.7874211072921753,1.7874211072921753,3.0,0.0
AIZ_GRID_033_23.69_92.723611,2024-05-28,23.69,92.723611,63.3528938293457,63.3528938293457,11.0,5.0
AIZ_GRID_036_23.661944_92.854167,2024-11-12,23.661944,92.854167,0.430397093296051,0.430397093296051,0.0,0.0
AIZ_GRID_036_23.674999_92.875004,2021-01-02,23.674999,92.875004,0.2240521907806396,0.2240521907806396,0.0,0.0
AIZ_GRID_036_23.674999_92.875004,2021-03-07,23.674999,92.875004,1.242933750152588,1.242933750152588,2.0,0.0
AIZ_GRID_036_23.674999_92.875004,2021-07-11,23.674999,92.875004,0.2005838900804519,0.2005838900804519,0.0,0.0
AIZ_GRID_036_23.674999_92.875004,2021-07-31,23.674999,92.875004,0.1675024926662445,0.1675024926662445,0.0,0.0
AIZ_GRID_036_23.674999_92.875004,2021-12-26,23.674999,92.875004,0.270794540643692,0.270794540643692,0.0,0.0
AIZ_GRID_036_23.674999_92.875004,2022-01-13,23.674999,92.875004,0.0310228317975997,0.0310228317975997,0.0,0.0
AIZ_GRID_036_23.674999_92.875004,2022-05-09,23.674999,92.875004,27.13900184631348,27.13900184631348,1.0,1.0
AIZ_GRID_036_23.674999_92.875004,2022-05-24,23.674999,92.875004,28.6273193359375,28.6273193359375,8.0,1.0
AIZ_GRID_036_23.674999_92.875004,2022-08-20,23.674999,92.875004,13.778620719909668,13.778620719909668,3.0,0.0
AIZ_GRID_036_23.674999_92.875004,2022-11-13,23.674999,92.875004,0.368023008108139,0.368023008108139,0.0,0.0
AIZ_GRID_036_23.674999_92.875004,2023-01-01,23.674999,92.875004,0.229205921292305,0.229205921292305,0.0,0.0
AIZ_GRID_036_23.674999_92.875004,2023-01-05,23.674999,92.875004,0.229205921292305,0.229205921292305,0.0,0.0
AIZ_GRID_036_23.674999_92.875004,2023-05-31,23.674999,92.875004,33.36547088623047,33.36547088623047,2.0,2.0
AIZ_GRID_036_23.674999_92.875004,2023-07-03,23.674999,92.875004,0.2602643966674804,0.2602643966674804,0.0,0.0
AIZ_GRID_036_23.674999_92.875004,2023-08-27,23.674999,92.875004,15.984416961669922,15.984416961669922,3.0,0.0
AIZ_GRID_036_23.674999_92.875004,2023-09-12,23.674999,92.875004,24.16238784790039,24.16238784790039,3.0,0.0
AIZ_GRID_036_23.674999_92.875004,2024-01-06,23.674999,92.875004,0.5205380320549011,0.5205380320549011,0.0,0.0
AIZ_GRID_036_23.674999_92.875004,2024-03-30,23.674999,92.875004,40.382320404052734,40.382320404052734,6.0,1.0
AIZ_GRID_036_23.674999_92.875004,2024-06-14,23.674999,92.875004,2.307567596435547,2.307567596435547,9.0,0.0
AIZ_GRID_036_23.674999_92.875004,2024-09-08,23.674999,92.875004,2.5555343627929688,2.5555343627929688,30.0,0.0
AIZ_GRID_036_23.674999_92.875004,2024-09-21,23.674999,92.875004,10.475625038146973,10.475625038146973,2.0,0.0
AIZ_GRID_036_23.674999_92.875004,2025-04-29,23.674999,92.875004,2.0003232955932617,2.0003232955932617,2.0,0.0
AIZ_GRID_036_23.674999_92.875004,2025-05-06,23.674999,92.875004,1.6357954740524292,1.6357954740524292,1.0,0.0
AIZ_GRID_036_23.674999_92.875004,2025-06-13,23.674999,92.875004,6.343782901763916,6.343782901763916,1.0,0.0
AIZ_GRID_036_23.674999_92.875004,2025-06-20,23.674999,92.875004,0.6966391205787659,0.6966391205787659,0.0,0.0
AIZ_GRID_036_23.682778_92.8575,2024-05-28,23.682778,92.8575,62.55226135253906,62.55226135253906,8.0,3.0
AIZ_GRID_036_23.683056_92.8575,2024-05-28,23.683056,92.8575,62.55226135253906,62.55226135253906,8.0,3.0
AIZ_GRID_036_23.684167_92.857083,2021-10-09,23.684167,92.857083,0.0074202185496687,0.0074202185496687,0.0,0.0
AIZ_GRID_036_23.686389_92.858333,2024-05-28,23.686389,92.858333,62.55226135253906,62.55226135253906,8.0,3.0
AIZ_GRID_036_23.694722_92.859722,2024-05-28,23.694722,92.859722,62.55226135253906,62.55226135253906,8.0,3.0
AIZ_GRID_040_23.724999_92.675004,2020-03-01,23.724999,92.675004,0.6908667087554932,0.6908667087554932,0.0,0.0
AIZ_GRID_040_23.724999_92.675004,2020-03-20,23.724999,92.675004,1.39805805683136,1.39805805683136,6.0,0.0
AIZ_GRID_040_23.724999_92.675004,2020-05-19,23.724999,92.675004,73.7811279296875,73.7811279296875,1.0,1.0
AIZ_GRID_040_23.724999_92.675004,2020-07-09,23.724999,92.675004,5.296014308929443,5.296014308929443,2.0,0.0
AIZ_GRID_040_23.724999_92.675004,2021-06-14,23.724999,92.675004,2.1221094131469727,2.1221094131469727,7.0,0.0
AIZ_GRID_040_23.724999_92.675004,2021-09-12,23.724999,92.675004,0.7728103995323181,0.7728103995323181,0.0,0.0
AIZ_GRID_040_23.724999_92.675004,2022-04-10,23.724999,92.675004,6.056019306182861,6.056019306182861,1.0,0.0
AIZ_GRID_040_23.724999_92.675004,2022-05-08,23.724999,92.675004,0.3581491410732269,0.3581491410732269,0.0,0.0
AIZ_GRID_040_23.724999_92.675004,2022-06-14,23.724999,92.675004,8.615638732910156,8.615638732910156,2.0,0.0
AIZ_GRID_040_23.724999_92.675004,2022-08-24,23.724999,92.675004,0.4060322642326355,0.4060322642326355,0.0,0.0
AIZ_GRID_040_23.724999_92.675004,2022-11-29,23.724999,92.675004,0.5194687247276306,0.5194687247276306,0.0,0.0
AIZ_GRID_040_23.724999_92.675004,2023-05-20,23.724999,92.675004,2.340493440628052,2.340493440628052,2.0,0.0
AIZ_GRID_040_23.724999_92.675004,2024-01-26,23.724999,92.675004,0.1708805412054062,0.1708805412054062,0.0,0.0
AIZ_GRID_040_23.724999_92.675004,2024-05-22,23.724999,92.675004,3.6675641536712646,3.6675641536712646,5.0,0.0
AIZ_GRID_040_23.724999_92.675004,2024-08-16,23.724999,92.675004,33.06956481933594,33.06956481933594,20.0,2.0
AIZ_GRID_040_23.724999_92.675004,2024-09-04,23.724999,92.675004,1.589102864265442,1.589102864265442,6.0,0.0
AIZ_GRID_040_23.724999_92.675004,2025-01-21,23.724999,92.675004,0.3452544212341308,0.3452544212341308,0.0,0.0
AIZ_GRID_040_23.724999_92.675004,2025-04-06,23.724999,92.675004,2.382763385772705,2.382763385772705,1.0,0.0
AIZ_GRID_040_23.724999_92.675004,2025-05-12,23.724999,92.675004,3.969060659408569,3.969060659408569,3.0,0.0
AIZ_GRID_040_23.724999_92.675004,2025-05-15,23.724999,92.675004,0.8454630374908447,0.8454630374908447,0.0,0.0
AIZ_GRID_040_23.726694_92.695194,2024-05-28,23.726694,92.695194,59.88376998901367,59.88376998901367,11.0,5.0
AIZ_GRID_040_23.733056_92.699444,2024-05-28,23.733056,92.699444,59.88376998901367,59.88376998901367,11.0,5.0
AIZ_GRID_040_23.733611_92.693889,2024-05-28,23.733611,92.693889,59.88376998901367,59.88376998901367,11.0,5.0
AIZ_GRID_040_23.733861_92.694917,2024-05-28,23.733861,92.694917,59.88376998901367,59.88376998901367,11.0,5.0
AIZ_GRID_040_23.734722_92.695,2024-05-28,23.734722,92.695,59.88376998901367,59.88376998901367,11.0,5.0
AIZ_GRID_040_23.735833_92.697778,2024-05-28,23.735833,92.697778,59.88376998901367,59.88376998901367,11.0,5.0
AIZ_GRID_040_23.7375_92.694444,2024-05-28,23.7375,92.694444,59.88376998901367,59.88376998901367,11.0,5.0
AIZ_GRID_040_23.738575_92.694194,2024-05-28,23.738575,92.694194,59.88376998901367,59.88376998901367,11.0,5.0
AIZ_GRID_040_23.738889_92.696389,2024-05-28,23.738889,92.696389,59.88376998901367,59.88376998901367,11.0,5.0
AIZ_GRID_040_23.739472_92.696667,2024-05-28,23.739472,92.696667,59.88376998901367,59.88376998901367,11.0,5.0
AIZ_GRID_040_23.740278_92.697222,2024-05-28,23.740278,92.697222,59.88376998901367,59.88376998901367,11.0,5.0
AIZ_GRID_040_23.740667_92.693361,2024-05-28,23.740667,92.693361,59.88376998901367,59.88376998901367,11.0,5.0
AIZ_GRID_040_23.741167_92.694556,2024-05-28,23.741167,92.694556,59.88376998901367,59.88376998901367,11.0,5.0
AIZ_GRID_040_23.744722_92.692778,2024-05-28,23.744722,92.692778,59.88376998901367,59.88376998901367,11.0,5.0
AIZ_GRID_040_23.749167_92.694167,2024-05-28,23.749167,92.694167,59.88376998901367,59.88376998901367,11.0,5.0
AIZ_GRID_040_23.749722_92.698333,2024-05-28,23.749722,92.698333,59.88376998901367,59.88376998901367,11.0,5.0
AIZ_GRID_041_23.700269_92.718168,2025-05-13,23.700269,92.718168,0.0458841472864151,0.0458841472864151,0.0,0.0
AIZ_GRID_041_23.700278_92.716111,2024-05-28,23.700278,92.716111,61.116661071777344,61.116661071777344,11.0,5.0
AIZ_GRID_041_23.701667_92.719444,2021-06-13,23.701667,92.719444,36.307373046875,36.307373046875,6.0,1.0
AIZ_GRID_041_23.7025_92.721389,2024-07-02,23.7025,92.721389,13.865400314331056,13.865400314331056,16.0,0.0
AIZ_GRID_041_23.702778_92.720833,2024-07-02,23.702778,92.720833,13.865400314331056,13.865400314331056,16.0,0.0
AIZ_GRID_041_23.703056_92.720556,2024-05-28,23.703056,92.720556,61.116661071777344,61.116661071777344,11.0,5.0
AIZ_GRID_041_23.704167_92.712222,2024-05-28,23.704167,92.712222,61.116661071777344,61.116661071777344,11.0,5.0
AIZ_GRID_041_23.704167_92.72,2024-05-28,23.704167,92.72,61.116661071777344,61.116661071777344,11.0,5.0
AIZ_GRID_041_23.705278_92.711389,2024-05-28,23.705278,92.711389,61.116661071777344,61.116661071777344,11.0,5.0
AIZ_GRID_041_23.706389_92.720556,2024-05-28,23.706389,92.720556,61.116661071777344,61.116661071777344,11.0,5.0
AIZ_GRID_041_23.706667_92.714444,2024-05-28,23.706667,92.714444,61.116661071777344,61.116661071777344,11.0,5.0
AIZ_GRID_041_23.708278_92.717111,2022-07-23,23.708278,92.717111,21.80142402648925,21.80142402648925,4.0,0.0
AIZ_GRID_041_23.709722_92.722222,2024-05-28,23.709722,92.722222,61.116661071777344,61.116661071777344,11.0,5.0
AIZ_GRID_041_23.7104_92.722378,2024-05-28,23.7104,92.722378,61.116661071777344,61.116661071777344,11.0,5.0
AIZ_GRID_041_23.711389_92.724444,2024-05-28,23.711389,92.724444,61.116661071777344,61.116661071777344,11.0,5.0
AIZ_GRID_041_23.713056_92.708958,2024-05-28,23.713056,92.708958,61.116661071777344,61.116661071777344,11.0,5.0
AIZ_GRID_041_23.714444_92.728611,2024-05-28,23.714444,92.728611,61.116661071777344,61.116661071777344,11.0,5.0
AIZ_GRID_041_23.714464_92.711464,2024-05-28,23.714464,92.711464,61.116661071777344,61.116661071777344,11.0,5.0
AIZ_GRID_041_23.715231_92.715292,2024-05-28,23.715231,92.715292,61.116661071777344,61.116661071777344,11.0,5.0
AIZ_GRID_041_23.715714_92.726597,2024-05-28,23.715714,92.726597,61.116661071777344,61.116661071777344,11.0,5.0
AIZ_GRID_041_23.71577_92.713172,2025-06-01,23.71577,92.713172,89.9756851196289,89.9756851196289,14.0,8.0
AIZ_GRID_041_23.715811_92.70935,2024-05-28,23.715811,92.70935,61.116661071777344,61.116661071777344,11.0,5.0
AIZ_GRID_041_23.715833_92.72,2024-05-28,23.715833,92.72,61.116661071777344,61.116661071777344,11.0,5.0
AIZ_GRID_041_23.71595_92.708794,2024-05-28,23.71595,92.708794,61.116661071777344,61.116661071777344,11.0,5.0
AIZ_GRID_041_23.716389_92.721111,2024-05-28,23.716389,92.721111,61.116661071777344,61.116661071777344,11.0,5.0
AIZ_GRID_041_23.716889_92.720833,2022-07-26,23.716889,92.720833,5.787805557250977,5.787805557250977,7.0,0.0
AIZ_GRID_041_23.716972_92.708172,2024-05-28,23.716972,92.708172,61.116661071777344,61.116661071777344,11.0,5.0
AIZ_GRID_041_23.717217_92.707778,2024-05-28,23.717217,92.707778,61.116661071777344,61.116661071777344,11.0,5.0
AIZ_GRID_041_23.717356_92.707533,2024-05-28,23.717356,92.707533,61.116661071777344,61.116661071777344,11.0,5.0
AIZ_GRID_041_23.717408_92.706442,2024-05-28,23.717408,92.706442,61.116661071777344,61.116661071777344,11.0,5.0
AIZ_GRID_041_23.717553_92.716826,2025-05-31,23.717553,92.716826,58.03012466430664,58.03012466430664,13.0,7.0
AIZ_GRID_041_23.7175_92.706667,2024-05-28,23.7175,92.706667,61.116661071777344,61.116661071777344,11.0,5.0
AIZ_GRID_041_23.7175_92.719722,2023-09-19,23.7175,92.719722,41.3531379699707,41.3531379699707,4.0,3.0
AIZ_GRID_041_23.718658_92.723353,2024-05-28,23.718658,92.723353,61.116661071777344,61.116661071777344,11.0,5.0
AIZ_GRID_041_23.71_92.716111,2024-05-28,23.71,92.716111,61.116661071777344,61.116661071777344,11.0,5.0
AIZ_GRID_041_23.722769_92.70665,2024-05-28,23.722769,92.70665,61.116661071777344,61.116661071777344,11.0,5.0
AIZ_GRID_041_23.723278_92.702222,2022-05-21,23.723278,92.702222,27.94134330749512,27.94134330749512,5.0,1.0
AIZ_GRID_041_23.724283_92.707378,2024-05-28,23.724283,92.707378,61.116661071777344,61.116661071777344,11.0,5.0
AIZ_GRID_041_23.724999_92.725004,2020-06-17,23.724999,92.725004,8.491333961486816,8.491333961486816,9.0,0.0
AIZ_GRID_041_23.724999_92.725004,2021-01-28,23.724999,92.725004,0.2602356672286987,0.2602356672286987,0.0,0.0
AIZ_GRID_041_23.724999_92.725004,2021-02-19,23.724999,92.725004,1.004062533378601,1.004062533378601,1.0,0.0
AIZ_GRID_041_23.724999_92.725004,2021-03-14,23.724999,92.725004,1.2386953830718994,1.2386953830718994,9.0,0.0
AIZ_GRID_041_23.724999_92.725004,2021-07-27,23.724999,92.725004,9.766559600830078,9.766559600830078,16.0,0.0
AIZ_GRID_041_23.724999_92.725004,2021-11-29,23.724999,92.725004,0.6052142977714539,0.6052142977714539,0.0,0.0
AIZ_GRID_041_23.724999_92.725004,2022-06-24,23.724999,92.725004,2.780880212783813,2.780880212783813,12.0,0.0
AIZ_GRID_041_23.724999_92.725004,2022-08-06,23.724999,92.725004,3.347977638244629,3.347977638244629,2.0,0.0
AIZ_GRID_041_23.724999_92.725004,2022-10-31,23.724999,92.725004,0.5666093826293945,0.5666093826293945,0.0,0.0
AIZ_GRID_041_23.724999_92.725004,2022-12-25,23.724999,92.725004,0.3025863766670227,0.3025863766670227,0.0,0.0
AIZ_GRID_041_23.724999_92.725004,2023-02-23,23.724999,92.725004,0.4024310708045959,0.4024310708045959,0.0,0.0
AIZ_GRID_041_23.724999_92.725004,2023-03-08,23.724999,92.725004,0.9178825616836548,0.9178825616836548,0.0,0.0
AIZ_GRID_041_23.724999_92.725004,2023-03-30,23.724999,92.725004,13.685773849487305,13.685773849487305,3.0,0.0
AIZ_GRID_041_23.724999_92.725004,2023-07-26,23.724999,92.725004,22.986099243164062,22.986099243164062,2.0,0.0
AIZ_GRID_041_23.724999_92.725004,2023-11-03,23.724999,92.725004,0.468964546918869,0.468964546918869,0.0,0.0
AIZ_GRID_041_23.724999_92.725004,2024-03-08,23.724999,92.725004,0.6956912279129028,0.6956912279129028,0.0,0.0
AIZ_GRID_041_23.724999_92.725004,2024-03-31,23.724999,92.725004,3.0856034755706787,3.0856034755706787,4.0,0.0
AIZ_GRID_041_23.724999_92.725004,2024-10-06,23.724999,92.725004,0.0970230624079704,0.0970230624079704,0.0,0.0
AIZ_GRID_041_23.724999_92.725004,2024-10-11,23.724999,92.725004,44.3112907409668,44.3112907409668,1.0,1.0
AIZ_GRID_041_23.724999_92.725004,2024-12-14,23.724999,92.725004,0.326450914144516,0.326450914144516,0.0,0.0
AIZ_GRID_041_23.724999_92.725004,2025-05-16,23.724999,92.725004,0.2650699317455292,0.2650699317455292,0.0,0.0
AIZ_GRID_041_23.724999_92.725004,2025-06-14,23.724999,92.725004,29.59305763244629,29.59305763244629,2.0,1.0
AIZ_GRID_041_23.729422_92.716596,2025-05-31,23.729422,92.716596,58.03012466430664,58.03012466430664,13.0,7.0
AIZ_GRID_041_23.731111_92.702222,2024-05-28,23.731111,92.702222,61.116661071777344,61.116661071777344,11.0,5.0
AIZ_GRID_041_23.731111_92.703889,2024-05-28,23.731111,92.703889,61.116661071777344,61.116661071777344,11.0,5.0
AIZ_GRID_041_23.731328_92.708219,2024-05-28,23.731328,92.708219,61.116661071777344,61.116661071777344,11.0,5.0
AIZ_GRID_041_23.731944_92.75,2024-05-28,23.731944,92.75,61.116661071777344,61.116661071777344,11.0,5.0
AIZ_GRID_041_23.732222_92.75,2024-05-28,23.732222,92.75,61.116661071777344,61.116661071777344,11.0,5.0
AIZ_GRID_041_23.733056_92.75,2024-07-22,23.733056,92.75,4.600348949432373,4.600348949432373,10.0,0.0
AIZ_GRID_041_23.733333_92.705278,2024-05-28,23.733333,92.705278,61.116661071777344,61.116661071777344,11.0,5.0
AIZ_GRID_041_23.736944_92.715,2024-07-02,23.736944,92.715,13.865400314331056,13.865400314331056,16.0,0.0
AIZ_GRID_041_23.738889_92.714722,2024-08-21,23.738889,92.714722,41.42348098754883,41.42348098754883,9.0,3.0
AIZ_GRID_041_23.739444_92.714722,2024-05-28,23.739444,92.714722,61.116661071777344,61.116661071777344,11.0,5.0
AIZ_GRID_041_23.740833_92.741111,2024-05-28,23.740833,92.741111,61.116661071777344,61.116661071777344,11.0,5.0
AIZ_GRID_041_23.741508_92.707858,2023-06-04,23.741508,92.707858,,,,
AIZ_GRID_041_23.741908_92.741614,2021-06-11,23.741908,92.741614,55.06258010864258,55.06258010864258,4.0,2.0
AIZ_GRID_041_23.741944_92.713056,2024-08-21,23.741944,92.713056,41.42348098754883,41.42348098754883,9.0,3.0
AIZ_GRID_041_23.74247_92.705587,2025-05-31,23.74247,92.705587,58.03012466430664,58.03012466430664,13.0,7.0
AIZ_GRID_041_23.743889_92.712222,2024-07-20,23.743889,92.712222,13.813645362854004,13.813645362854004,8.0,0.0
AIZ_GRID_041_23.745802_92.717053,2025-06-01,23.745802,92.717053,89.9756851196289,89.9756851196289,14.0,8.0
AIZ_GRID_041_23.747222_92.718056,2024-07-02,23.747222,92.718056,13.865400314331056,13.865400314331056,16.0,0.0
AIZ_GRID_041_23.748611_92.738611,2024-05-28,23.748611,92.738611,61.116661071777344,61.116661071777344,11.0,5.0
AIZ_GRID_041_23.749167_92.7375,2024-06-30,23.749167,92.7375,49.81818771362305,49.81818771362305,14.0,1.0
AIZ_GRID_041_23.74_92.715,2024-05-28,23.74,92.715,61.116661071777344,61.116661071777344,11.0,5.0
AIZ_GRID_042_23.719722_92.797778,2024-05-28,23.719722,92.797778,58.08712768554688,58.08712768554688,11.0,6.0
AIZ_GRID_042_23.721389_92.799444,2024-07-02,23.721389,92.799444,13.351113319396973,13.351113319396973,15.0,0.0
AIZ_GRID_042_23.722222_92.798611,2024-05-28,23.722222,92.798611,58.08712768554688,58.08712768554688,11.0,6.0
AIZ_GRID_042_23.724999_92.775004,2020-06-05,23.724999,92.775004,10.054014205932615,10.054014205932615,4.0,0.0
AIZ_GRID_042_23.724999_92.775004,2020-06-07,23.724999,92.775004,0.1048254966735839,0.1048254966735839,0.0,0.0
AIZ_GRID_042_23.724999_92.775004,2021-02-04,23.724999,92.775004,0.31036576628685,0.31036576628685,0.0,0.0
AIZ_GRID_042_23.724999_92.775004,2021-02-07,23.724999,92.775004,0.3190741539001465,0.3190741539001465,0.0,0.0
AIZ_GRID_042_23.724999_92.775004,2021-06-02,23.724999,92.775004,0.0090378709137439,0.0090378709137439,0.0,0.0
AIZ_GRID_042_23.724999_92.775004,2021-08-31,23.724999,92.775004,39.12940216064453,39.12940216064453,6.0,2.0
AIZ_GRID_042_23.724999_92.775004,2021-09-11,23.724999,92.775004,26.6450424194336,26.6450424194336,5.0,1.0
AIZ_GRID_042_23.724999_92.775004,2021-09-24,23.724999,92.775004,0.0803940072655677,0.0803940072655677,0.0,0.0
AIZ_GRID_042_23.724999_92.775004,2021-10-23,23.724999,92.775004,1.8547337055206297,1.8547337055206297,7.0,0.0
AIZ_GRID_042_23.724999_92.775004,2022-01-14,23.724999,92.775004,1.8083860874176023,1.8083860874176023,1.0,0.0
AIZ_GRID_042_23.724999_92.775004,2022-09-05,23.724999,92.775004,1.445753574371338,1.445753574371338,1.0,0.0
AIZ_GRID_042_23.724999_92.775004,2022-12-11,23.724999,92.775004,0.3368947803974151,0.3368947803974151,0.0,0.0
AIZ_GRID_042_23.724999_92.775004,2022-12-24,23.724999,92.775004,0.2320966273546219,0.2320966273546219,0.0,0.0
AIZ_GRID_042_23.724999_92.775004,2023-01-17,23.724999,92.775004,0.3889418244361877,0.3889418244361877,0.0,0.0
AIZ_GRID_042_23.724999_92.775004,2023-02-08,23.724999,92.775004,0.3141574561595917,0.3141574561595917,0.0,0.0
AIZ_GRID_042_23.724999_92.775004,2023-05-16,23.724999,92.775004,0.0829514414072036,0.0829514414072036,0.0,0.0
AIZ_GRID_042_23.724999_92.775004,2023-06-20,23.724999,92.775004,12.205150604248049,12.205150604248049,7.0,0.0
AIZ_GRID_042_23.724999_92.775004,2023-09-21,23.724999,92.775004,35.80045318603516,35.80045318603516,6.0,3.0
AIZ_GRID_042_23.724999_92.775004,2024-08-05,23.724999,92.775004,36.1456184387207,36.1456184387207,9.0,1.0
AIZ_GRID_042_23.724999_92.775004,2024-08-18,23.724999,92.775004,20.12275505065918,20.12275505065918,6.0,0.0
AIZ_GRID_042_23.724999_92.775004,2024-11-16,23.724999,92.775004,0.267879843711853,0.267879843711853,0.0,0.0
AIZ_GRID_042_23.726944_92.795278,2024-05-28,23.726944,92.795278,58.08712768554688,58.08712768554688,11.0,6.0
AIZ_GRID_042_23.729167_92.758889,2024-07-03,23.729167,92.758889,1.154422163963318,1.154422163963318,16.0,0.0
AIZ_GRID_042_23.729167_92.765833,2024-07-02,23.729167,92.765833,13.351113319396973,13.351113319396973,15.0,0.0
AIZ_GRID_042_23.730243_92.75603,2025-05-30,23.730243,92.75603,98.56143951416016,98.56143951416016,12.0,6.0
AIZ_GRID_042_23.730278_92.768611,2024-08-28,23.730278,92.768611,4.6183905601501465,4.6183905601501465,16.0,0.0
AIZ_GRID_042_23.730556_92.758611,2024-05-28,23.730556,92.758611,58.08712768554688,58.08712768554688,11.0,6.0
AIZ_GRID_042_23.732222_92.765556,2024-07-02,23.732222,92.765556,13.351113319396973,13.351113319396973,15.0,0.0
AIZ_GRID_042_23.732778_92.797222,2024-05-28,23.732778,92.797222,58.08712768554688,58.08712768554688,11.0,6.0
AIZ_GRID_042_23.733889_92.793889,2024-07-02,23.733889,92.793889,13.351113319396973,13.351113319396973,15.0,0.0
AIZ_GRID_042_23.734167_92.798611,2024-05-28,23.734167,92.798611,58.08712768554688,58.08712768554688,11.0,6.0
AIZ_GRID_042_23.735556_92.788333,2024-05-28,23.735556,92.788333,58.08712768554688,58.08712768554688,11.0,6.0
AIZ_GRID_042_23.735833_92.798889,2024-05-28,23.735833,92.798889,58.08712768554688,58.08712768554688,11.0,6.0
AIZ_GRID_042_23.736389_92.798056,2024-05-28,23.736389,92.798056,58.08712768554688,58.08712768554688,11.0,6.0
AIZ_GRID_042_23.736389_92.8,2024-05-28,23.736389,92.8,58.08712768554688,58.08712768554688,11.0,6.0
AIZ_GRID_042_23.736667_92.797222,2024-05-28,23.736667,92.797222,58.08712768554688,58.08712768554688,11.0,6.0
AIZ_GRID_042_23.7375_92.788056,2024-07-02,23.7375,92.788056,13.351113319396973,13.351113319396973,15.0,0.0
AIZ_GRID_042_23.737944_92.786139,2024-07-02,23.737944,92.786139,13.351113319396973,13.351113319396973,15.0,0.0
AIZ_GRID_042_23.73_92.758333,2024-05-28,23.73,92.758333,58.08712768554688,58.08712768554688,11.0,6.0
AIZ_GRID_042_23.745556_92.794444,2024-05-28,23.745556,92.794444,58.08712768554688,58.08712768554688,11.0,6.0
AIZ_GRID_043_23.722222_92.801389,2024-05-28,23.722222,92.801389,58.10292816162109,58.10292816162109,6.0,3.0
AIZ_GRID_043_23.724999_92.825004,2020-03-12,23.724999,92.825004,0.9971111416816713,0.9971111416816713,0.0,0.0
AIZ_GRID_043_23.724999_92.825004,2020-05-10,23.724999,92.825004,2.380844593048096,2.380844593048096,6.0,0.0
AIZ_GRID_043_23.724999_92.825004,2020-06-02,23.724999,92.825004,10.371068000793455,10.371068000793455,1.0,0.0
AIZ_GRID_043_23.724999_92.825004,2020-08-07,23.724999,92.825004,6.430839538574219,6.430839538574219,8.0,0.0
AIZ_GRID_043_23.724999_92.825004,2020-12-25,23.724999,92.825004,0.1752681136131286,0.1752681136131286,0.0,0.0
AIZ_GRID_043_23.724999_92.825004,2021-04-22,23.724999,92.825004,1.1945528984069824,1.1945528984069824,2.0,0.0
AIZ_GRID_043_23.724999_92.825004,2021-05-17,23.724999,92.825004,24.31904029846192,24.31904029846192,3.0,0.0
AIZ_GRID_043_23.724999_92.825004,2021-06-13,23.724999,92.825004,24.15066146850586,24.15066146850586,6.0,0.0
AIZ_GRID_043_23.724999_92.825004,2021-10-27,23.724999,92.825004,3.0705368518829346,3.0705368518829346,1.0,0.0
AIZ_GRID_043_23.724999_92.825004,2021-11-16,23.724999,92.825004,0.5040381550788879,0.5040381550788879,0.0,0.0
AIZ_GRID_043_23.724999_92.825004,2021-11-27,23.724999,92.825004,0.5435276627540588,0.5435276627540588,0.0,0.0
AIZ_GRID_043_23.724999_92.825004,2022-06-19,23.724999,92.825004,104.05315399169922,104.05315399169922,7.0,3.0
AIZ_GRID_043_23.724999_92.825004,2022-06-29,23.724999,92.825004,26.708534240722656,26.708534240722656,17.0,1.0
AIZ_GRID_043_23.724999_92.825004,2023-07-28,23.724999,92.825004,3.1730058193206787,3.1730058193206787,21.0,0.0
AIZ_GRID_043_23.724999_92.825004,2023-10-22,23.724999,92.825004,4.098120212554932,4.098120212554932,1.0,0.0
AIZ_GRID_043_23.724999_92.825004,2023-10-25,23.724999,92.825004,0.0996070951223373,0.0996070951223373,0.0,0.0
AIZ_GRID_043_23.724999_92.825004,2023-12-06,23.724999,92.825004,3.0763161182403564,3.0763161182403564,2.0,0.0
AIZ_GRID_043_23.724999_92.825004,2024-12-12,23.724999,92.825004,0.2778353095054626,0.2778353095054626,0.0,0.0
AIZ_GRID_043_23.724999_92.825004,2025-01-09,23.724999,92.825004,0.2911096513271332,0.2911096513271332,0.0,0.0
AIZ_GRID_043_23.724999_92.825004,2025-02-08,23.724999,92.825004,0.4256655275821686,0.4256655275821686,0.0,0.0
AIZ_GRID_043_23.724999_92.825004,2025-03-02,23.724999,92.825004,1.160161018371582,1.160161018371582,5.0,0.0
AIZ_GRID_043_23.724999_92.825004,2025-03-08,23.724999,92.825004,0.915370762348175,0.915370762348175,0.0,0.0
AIZ_GRID_043_23.724999_92.825004,2025-06-15,23.724999,92.825004,35.53668975830078,35.53668975830078,3.0,2.0
AIZ_GRID_043_23.731111_92.846389,2024-05-28,23.731111,92.846389,58.10292816162109,58.10292816162109,6.0,3.0
AIZ_GRID_043_23.733056_92.847778,2024-05-28,23.733056,92.847778,58.10292816162109,58.10292816162109,6.0,3.0
AIZ_GRID_043_23.733611_92.843056,2024-05-28,23.733611,92.843056,58.10292816162109,58.10292816162109,6.0,3.0
AIZ_GRID_043_23.733611_92.848333,2024-06-07,23.733611,92.848333,8.665273666381836,8.665273666381836,2.0,0.0
AIZ_GRID_043_23.734722_92.813333,2024-05-28,23.734722,92.813333,58.10292816162109,58.10292816162109,6.0,3.0
AIZ_GRID_043_23.735556_92.800278,2024-05-28,23.735556,92.800278,58.10292816162109,58.10292816162109,6.0,3.0
AIZ_GRID_043_23.736944_92.813611,2024-07-02,23.736944,92.813611,12.01778793334961,12.01778793334961,15.0,0.0
AIZ_GRID_043_23.738333_92.813333,2024-05-28,23.738333,92.813333,58.10292816162109,58.10292816162109,6.0,3.0
AIZ_GRID_044_23.700835_92.877449,2025-06-15,23.700835,92.877449,31.51943588256836,31.51943588256836,3.0,2.0
AIZ_GRID_044_23.703333_92.876389,2024-07-18,23.703333,92.876389,5.181312084197998,5.181312084197998,6.0,0.0
AIZ_GRID_044_23.711111_92.878611,2024-06-28,23.711111,92.878611,4.327187538146973,4.327187538146973,11.0,0.0
AIZ_GRID_044_23.711667_92.878333,2024-07-02,23.711667,92.878333,11.501143455505373,11.501143455505373,15.0,0.0
AIZ_GRID_044_23.713889_92.857222,2024-07-02,23.713889,92.857222,11.501143455505373,11.501143455505373,15.0,0.0
AIZ_GRID_044_23.714167_92.858056,2024-05-28,23.714167,92.858056,65.62861633300781,65.62861633300781,6.0,3.0
AIZ_GRID_044_23.720833_92.864722,2024-07-02,23.720833,92.864722,11.501143455505373,11.501143455505373,15.0,0.0
AIZ_GRID_044_23.721389_92.857778,2024-07-02,23.721389,92.857778,11.501143455505373,11.501143455505373,15.0,0.0
AIZ_GRID_044_23.724999_92.875004,2020-01-11,23.724999,92.875004,0.4132559895515442,0.4132559895515442,0.0,0.0
AIZ_GRID_044_23.724999_92.875004,2020-03-03,23.724999,92.875004,1.2472211122512815,1.2472211122512815,3.0,0.0
AIZ_GRID_044_23.724999_92.875004,2020-05-06,23.724999,92.875004,1.809476852416992,1.809476852416992,2.0,0.0
AIZ_GRID_044_23.724999_92.875004,2020-05-27,23.724999,92.875004,47.86921691894531,47.86921691894531,2.0,2.0
AIZ_GRID_044_23.724999_92.875004,2020-08-21,23.724999,92.875004,4.708158016204834,4.708158016204834,4.0,0.0
AIZ_GRID_044_23.724999_92.875004,2020-10-24,23.724999,92.875004,4.254951000213623,4.254951000213623,5.0,0.0
AIZ_GRID_044_23.724999_92.875004,2020-12-06,23.724999,92.875004,0.3181108236312866,0.3181108236312866,0.0,0.0
AIZ_GRID_044_23.724999_92.875004,2020-12-11,23.724999,92.875004,0.141261950135231,0.141261950135231,0.0,0.0
AIZ_GRID_044_23.724999_92.875004,2021-01-25,23.724999,92.875004,0.7454045414924622,0.7454045414924622,0.0,0.0
AIZ_GRID_044_23.724999_92.875004,2021-05-18,23.724999,92.875004,6.1334099769592285,6.1334099769592285,4.0,0.0
AIZ_GRID_044_23.724999_92.875004,2021-07-10,23.724999,92.875004,20.22917938232422,20.22917938232422,5.0,0.0
AIZ_GRID_044_23.724999_92.875004,2021-10-12,23.724999,92.875004,1.4544183015823364,1.4544183015823364,2.0,0.0
AIZ_GRID_044_23.724999_92.875004,2021-11-19,23.724999,92.875004,0.7474110126495361,0.7474110126495361,0.0,0.0
AIZ_GRID_044_23.724999_92.875004,2022-04-30,23.724999,92.875004,8.540556907653809,8.540556907653809,1.0,0.0
AIZ_GRID_044_23.724999_92.875004,2023-03-15,23.724999,92.875004,19.391176223754883,19.391176223754883,1.0,0.0
AIZ_GRID_044_23.724999_92.875004,2023-05-20,23.724999,92.875004,2.632707595825196,2.632707595825196,1.0,0.0
AIZ_GRID_044_23.724999_92.875004,2023-12-30,23.724999,92.875004,0.3573747277259826,0.3573747277259826,0.0,0.0
AIZ_GRID_044_23.724999_92.875004,2024-07-16,23.724999,92.875004,4.079549789428711,4.079549789428711,4.0,0.0
AIZ_GRID_044_23.724999_92.875004,2024-08-19,23.724999,92.875004,65.95901489257812,65.95901489257812,7.0,5.0
AIZ_GRID_044_23.724999_92.875004,2024-10-21,23.724999,92.875004,0.2338121235370636,0.2338121235370636,0.0,0.0
AIZ_GRID_044_23.724999_92.875004,2024-12-13,23.724999,92.875004,0.2830891907215118,0.2830891907215118,0.0,0.0
AIZ_GRID_044_23.724999_92.875004,2025-02-12,23.724999,92.875004,0.632478654384613,0.632478654384613,0.0,0.0
AIZ_GRID_044_23.724999_92.875004,2025-06-01,23.724999,92.875004,89.47269439697266,89.47269439697266,14.0,8.0
AIZ_GRID_044_23.727222_92.854722,2024-05-28,23.727222,92.854722,65.62861633300781,65.62861633300781,6.0,3.0
AIZ_GRID_044_23.729722_92.853056,2024-05-28,23.729722,92.853056,65.62861633300781,65.62861633300781,6.0,3.0
AIZ_GRID_044_23.733611_92.853056,2024-08-28,23.733611,92.853056,4.122506141662598,4.122506141662598,16.0,0.0
AIZ_GRID_044_23.735833_92.851944,2024-05-28,23.735833,92.851944,65.62861633300781,65.62861633300781,6.0,3.0
AIZ_GRID_044_23.735_92.856667,2024-07-02,23.735,92.856667,11.501143455505373,11.501143455505373,15.0,0.0
AIZ_GRID_044_23.736667_92.856111,2024-07-02,23.736667,92.856111,11.501143455505373,11.501143455505373,15.0,0.0
AIZ_GRID_044_23.743611_92.854167,2024-09-25,23.743611,92.854167,40.5689697265625,40.5689697265625,3.0,1.0
AIZ_GRID_044_23.744167_92.855556,2024-09-25,23.744167,92.855556,40.5689697265625,40.5689697265625,3.0,1.0
AIZ_GRID_044_23.747519_92.853155,2025-06-15,23.747519,92.853155,31.51943588256836,31.51943588256836,3.0,2.0
AIZ_GRID_048_23.774999_92.675004,2020-02-19,23.774999,92.675004,0.393746018409729,0.393746018409729,0.0,0.0
AIZ_GRID_048_23.774999_92.675004,2020-03-17,23.774999,92.675004,1.584965467453003,1.584965467453003,3.0,0.0
AIZ_GRID_048_23.774999_92.675004,2020-03-19,23.774999,92.675004,1.584965467453003,1.584965467453003,5.0,0.0
AIZ_GRID_048_23.774999_92.675004,2020-04-25,23.774999,92.675004,32.009822845458984,32.009822845458984,5.0,3.0
AIZ_GRID_048_23.774999_92.675004,2020-06-06,23.774999,92.675004,2.670698881149292,2.670698881149292,5.0,0.0
AIZ_GRID_048_23.774999_92.675004,2020-06-15,23.774999,92.675004,7.525486946105957,7.525486946105957,7.0,0.0
AIZ_GRID_048_23.774999_92.675004,2020-07-08,23.774999,92.675004,7.235856056213379,7.235856056213379,1.0,0.0
AIZ_GRID_048_23.774999_92.675004,2020-08-30,23.774999,92.675004,0.6724231243133545,0.6724231243133545,0.0,0.0
AIZ_GRID_048_23.774999_92.675004,2020-08-31,23.774999,92.675004,36.03493881225586,36.03493881225586,1.0,1.0
AIZ_GRID_048_23.774999_92.675004,2020-11-29,23.774999,92.675004,0.2968979775905609,0.2968979775905609,0.0,0.0
AIZ_GRID_048_23.774999_92.675004,2021-02-04,23.774999,92.675004,0.3455233871936798,0.3455233871936798,0.0,0.0
AIZ_GRID_048_23.774999_92.675004,2021-06-19,23.774999,92.675004,3.3557283878326416,3.3557283878326416,3.0,0.0
AIZ_GRID_048_23.774999_92.675004,2021-11-27,23.774999,92.675004,0.5866075754165649,0.5866075754165649,0.0,0.0
AIZ_GRID_048_23.774999_92.675004,2021-12-11,23.774999,92.675004,0.355260968208313,0.355260968208313,0.0,0.0
AIZ_GRID_048_23.774999_92.675004,2022-03-07,23.774999,92.675004,1.664482355117798,1.664482355117798,16.0,0.0
AIZ_GRID_048_23.774999_92.675004,2022-07-17,23.774999,92.675004,31.43738174438477,31.43738174438477,3.0,1.0
AIZ_GRID_048_23.774999_92.675004,2022-07-28,23.774999,92.675004,5.855997085571289,5.855997085571289,1.0,0.0
AIZ_GRID_048_23.774999_92.675004,2022-10-11,23.774999,92.675004,0.6077654957771301,0.6077654957771301,0.0,0.0
AIZ_GRID_048_23.774999_92.675004,2023-07-09,23.774999,92.675004,2.765289068222046,2.765289068222046,7.0,0.0
AIZ_GRID_048_23.774999_92.675004,2023-07-20,23.774999,92.675004,13.836838722229004,13.836838722229004,18.0,0.0
AIZ_GRID_048_23.774999_92.675004,2023-07-24,23.774999,92.675004,1.3074909448623655,1.3074909448623655,22.0,0.0
AIZ_GRID_048_23.774999_92.675004,2023-08-02,23.774999,92.675004,39.62508773803711,39.62508773803711,1.0,1.0
AIZ_GRID_048_23.774999_92.675004,2023-08-12,23.774999,92.675004,9.808703422546388,9.808703422546388,3.0,0.0
AIZ_GRID_048_23.774999_92.675004,2023-08-25,23.774999,92.675004,30.30472183227539,30.30472183227539,1.0,1.0
AIZ_GRID_048_23.774999_92.675004,2023-10-06,23.774999,92.675004,53.69157791137695,53.69157791137695,11.0,1.0
AIZ_GRID_048_23.774999_92.675004,2023-11-07,23.774999,92.675004,0.4420633912086487,0.4420633912086487,0.0,0.0
AIZ_GRID_048_23.774999_92.675004,2024-01-31,23.774999,92.675004,1.1367350816726685,1.1367350816726685,1.0,0.0
AIZ_GRID_048_23.774999_92.675004,2024-12-28,23.774999,92.675004,0.1530945897102356,0.1530945897102356,0.0,0.0
AIZ_GRID_048_23.781389_92.676389,2023-10-25,23.781389,92.676389,0.2120386064052581,0.2120386064052581,0.0,0.0
AIZ_GRID_049_23.75024_92.736662,2025-06-01,23.75024,92.736662,91.08402252197266,91.08402252197266,19.0,8.0
AIZ_GRID_049_23.755925_92.726753,2025-05-24,23.755925,92.726753,5.086225509643555,5.086225509643555,11.0,0.0
AIZ_GRID_049_23.758901_92.730863,2025-05-30,23.758901,92.730863,103.79071807861328,103.79071807861328,17.0,6.0
AIZ_GRID_049_23.760556_92.731944,2024-07-04,23.760556,92.731944,0.3529047966003418,0.3529047966003418,0.0,0.0
AIZ_GRID_049_23.763889_92.733889,2024-09-26,23.763889,92.733889,27.7490463256836,27.7490463256836,3.0,2.0
AIZ_GRID_049_23.769722_92.744722,2024-05-28,23.769722,92.744722,63.51375579833984,63.51375579833984,11.0,5.0
AIZ_GRID_049_23.773056_92.743611,2024-05-28,23.773056,92.743611,63.51375579833984,63.51375579833984,11.0,5.0
AIZ_GRID_049_23.774999_92.725004,2020-02-09,23.774999,92.725004,1.088512897491455,1.088512897491455,1.0,0.0
AIZ_GRID_049_23.774999_92.725004,2020-05-20,23.774999,92.725004,10.768113136291504,10.768113136291504,2.0,0.0
AIZ_GRID_049_23.774999_92.725004,2021-02-19,23.774999,92.725004,0.5810495018959045,0.5810495018959045,0.0,0.0
AIZ_GRID_049_23.774999_92.725004,2021-02-20,23.774999,92.725004,2.066671133041382,2.066671133041382,1.0,0.0
AIZ_GRID_049_23.774999_92.725004,2021-06-08,23.774999,92.725004,10.898480415344238,10.898480415344238,1.0,0.0
AIZ_GRID_049_23.774999_92.725004,2021-07-15,23.774999,92.725004,3.44903564453125,3.44903564453125,4.0,0.0
AIZ_GRID_049_23.774999_92.725004,2021-12-13,23.774999,92.725004,0.3916890025138855,0.3916890025138855,0.0,0.0
AIZ_GRID_049_23.774999_92.725004,2022-05-11,23.774999,92.725004,69.83025360107422,69.83025360107422,3.0,1.0
AIZ_GRID_049_23.774999_92.725004,2022-07-26,23.774999,92.725004,4.264473915100098,4.264473915100098,7.0,0.0
AIZ_GRID_049_23.774999_92.725004,2022-08-09,23.774999,92.725004,5.527514934539795,5.527514934539795,8.0,0.0
AIZ_GRID_049_23.774999_92.725004,2022-10-01,23.774999,92.725004,7.444661617279053,7.444661617279053,2.0,0.0
AIZ_GRID_049_23.774999_92.725004,2022-11-09,23.774999,92.725004,0.1870828121900558,0.1870828121900558,0.0,0.0
AIZ_GRID_049_23.774999_92.725004,2022-12-05,23.774999,92.725004,0.5315749645233154,0.5315749645233154,0.0,0.0
AIZ_GRID_049_23.774999_92.725004,2022-12-15,23.774999,92.725004,0.3377723693847656,0.3377723693847656,0.0,0.0
AIZ_GRID_049_23.774999_92.725004,2023-03-01,23.774999,92.725004,0.7404972910881042,0.7404972910881042,0.0,0.0
AIZ_GRID_049_23.774999_92.725004,2023-05-17,23.774999,92.725004,6.83793306350708,6.83793306350708,1.0,0.0
AIZ_GRID_049_23.774999_92.725004,2023-08-07,23.774999,92.725004,4.06810474395752,4.06810474395752,4.0,0.0
AIZ_GRID_049_23.774999_92.725004,2023-12-14,23.774999,92.725004,0.6775250434875488,0.6775250434875488,0.0,0.0
AIZ_GRID_049_23.774999_92.725004,2023-12-19,23.774999,92.725004,0.6256208419799805,0.6256208419799805,0.0,0.0
AIZ_GRID_049_23.774999_92.725004,2024-05-06,23.774999,92.725004,19.32024383544922,19.32024383544922,3.0,0.0
AIZ_GRID_049_23.774999_92.725004,2024-06-01,23.774999,92.725004,0.169019803404808,0.169019803404808,0.0,0.0
AIZ_GRID_049_23.774999_92.725004,2024-09-30,23.774999,92.725004,1.155212640762329,1.155212640762329,1.0,0.0
AIZ_GRID_049_23.774999_92.725004,2024-12-30,23.774999,92.725004,0.1633387356996536,0.1633387356996536,0.0,0.0
AIZ_GRID_049_23.774999_92.725004,2025-01-19,23.774999,92.725004,1.1242578029632568,1.1242578029632568,1.0,0.0
AIZ_GRID_049_23.774999_92.725004,2025-02-21,23.774999,92.725004,0.3481236696243286,0.3481236696243286,0.0,0.0
AIZ_GRID_049_23.774999_92.725004,2025-06-22,23.774999,92.725004,32.43228530883789,32.43228530883789,10.0,1.0
AIZ_GRID_050_23.769722_92.76,2024-07-02,23.769722,92.76,15.497661590576172,15.497661590576172,16.0,0.0
AIZ_GRID_050_23.773611_92.761111,2024-05-28,23.773611,92.761111,62.66719818115234,62.66719818115234,11.0,5.0
AIZ_GRID_050_23.774722_92.761944,2024-05-28,23.774722,92.761944,62.66719818115234,62.66719818115234,11.0,5.0
AIZ_GRID_050_23.774999_92.775004,2020-05-19,23.774999,92.775004,52.520118713378906,52.520118713378906,1.0,1.0
AIZ_GRID_050_23.774999_92.775004,2020-05-29,23.774999,92.775004,15.584490776062012,15.584490776062012,4.0,0.0
AIZ_GRID_050_23.774999_92.775004,2020-10-02,23.774999,92.775004,23.88437843322754,23.88437843322754,5.0,0.0
AIZ_GRID_050_23.774999_92.775004,2020-12-07,23.774999,92.775004,0.2432699650526046,0.2432699650526046,0.0,0.0
AIZ_GRID_050_23.774999_92.775004,2021-01-29,23.774999,92.775004,0.2523099780082702,0.2523099780082702,0.0,0.0
AIZ_GRID_050_23.774999_92.775004,2021-03-18,23.774999,92.775004,0.6834360361099243,0.6834360361099243,0.0,0.0
AIZ_GRID_050_23.774999_92.775004,2022-01-04,23.774999,92.775004,0.2888523042201996,0.2888523042201996,0.0,0.0
AIZ_GRID_050_23.774999_92.775004,2022-05-11,23.774999,92.775004,62.85783767700195,62.85783767700195,3.0,1.0
AIZ_GRID_050_23.774999_92.775004,2022-06-23,23.774999,92.775004,15.11783504486084,15.11783504486084,11.0,0.0
AIZ_GRID_050_23.774999_92.775004,2022-10-23,23.774999,92.775004,64.84410095214844,64.84410095214844,1.0,1.0
AIZ_GRID_050_23.774999_92.775004,2022-10-30,23.774999,92.775004,0.5269710421562195,0.5269710421562195,0.0,0.0
AIZ_GRID_050_23.774999_92.775004,2022-11-22,23.774999,92.775004,0.3155969083309173,0.3155969083309173,0.0,0.0
AIZ_GRID_050_23.774999_92.775004,2023-02-01,23.774999,92.775004,1.5356653928756714,1.5356653928756714,1.0,0.0
AIZ_GRID_050_23.774999_92.775004,2023-05-14,23.774999,92.775004,21.066516876220703,21.066516876220703,3.0,0.0
AIZ_GRID_050_23.774999_92.775004,2023-07-21,23.774999,92.775004,17.578296661376953,17.578296661376953,14.0,0.0
AIZ_GRID_050_23.774999_92.775004,2023-08-02,23.774999,92.775004,37.126502990722656,37.126502990722656,1.0,1.0
AIZ_GRID_050_23.774999_92.775004,2023-11-06,23.774999,92.775004,0.3659116923809051,0.3659116923809051,0.0,0.0
AIZ_GRID_050_23.774999_92.775004,2023-11-20,23.774999,92.775004,0.7023327350616455,0.7023327350616455,0.0,0.0
AIZ_GRID_050_23.774999_92.775004,2023-12-06,23.774999,92.775004,4.552391529083252,4.552391529083252,3.0,0.0
AIZ_GRID_050_23.774999_92.775004,2024-02-18,23.774999,92.775004,0.6992224454879761,0.6992224454879761,0.0,0.0
AIZ_GRID_050_23.774999_92.775004,2024-08-26,23.774999,92.775004,2.437429666519165,2.437429666519165,14.0,0.0
AIZ_GRID_050_23.774999_92.775004,2024-12-08,23.774999,92.775004,0.3183929622173309,0.3183929622173309,0.0,0.0
AIZ_GRID_050_23.774999_92.775004,2025-05-02,23.774999,92.775004,4.1913580894470215,4.1913580894470215,5.0,0.0
AIZ_GRID_050_23.774999_92.775004,2025-05-12,23.774999,92.775004,3.524972915649414,3.524972915649414,3.0,0.0
AIZ_GRID_051_23.760466_92.848969,2025-05-31,23.760466,92.848969,66.43356323242188,66.43356323242188,16.0,7.0
AIZ_GRID_051_23.760833_92.8475,2024-05-28,23.760833,92.8475,62.720123291015625,62.720123291015625,11.0,3.0
AIZ_GRID_051_23.761111_92.847778,2024-07-02,23.761111,92.847778,16.53374481201172,16.53374481201172,16.0,0.0
AIZ_GRID_051_23.765278_92.85,2024-07-02,23.765278,92.85,16.53374481201172,16.53374481201172,16.0,0.0
AIZ_GRID_051_23.771667_92.848056,2023-07-23,23.771667,92.848056,61.66725540161133,61.66725540161133,20.0,1.0
AIZ_GRID_051_23.773611_92.849444,2024-05-28,23.773611,92.849444,62.720123291015625,62.720123291015625,11.0,3.0
AIZ_GRID_051_23.774999_92.825004,2020-05-01,23.774999,92.825004,0.0455052033066749,0.0455052033066749,0.0,0.0
AIZ_GRID_051_23.774999_92.825004,2020-05-10,23.774999,92.825004,7.105172157287598,7.105172157287598,6.0,0.0
AIZ_GRID_051_23.774999_92.825004,2020-08-18,23.774999,92.825004,1.184824824333191,1.184824824333191,1.0,0.0
AIZ_GRID_051_23.774999_92.825004,2020-08-30,23.774999,92.825004,1.0370433330535889,1.0370433330535889,1.0,0.0
AIZ_GRID_051_23.774999_92.825004,2020-09-02,23.774999,92.825004,8.702152252197266,8.702152252197266,4.0,0.0
AIZ_GRID_051_23.774999_92.825004,2020-09-08,23.774999,92.825004,0.5833843946456909,0.5833843946456909,0.0,0.0
AIZ_GRID_051_23.774999_92.825004,2020-12-01,23.774999,92.825004,0.3639800548553467,0.3639800548553467,0.0,0.0
AIZ_GRID_051_23.774999_92.825004,2021-01-14,23.774999,92.825004,0.2339224368333816,0.2339224368333816,0.0,0.0
AIZ_GRID_051_23.774999_92.825004,2021-01-25,23.774999,92.825004,0.7371568083763123,0.7371568083763123,0.0,0.0
AIZ_GRID_051_23.774999_92.825004,2021-02-12,23.774999,92.825004,0.3818367421627044,0.3818367421627044,0.0,0.0
AIZ_GRID_051_23.774999_92.825004,2021-09-05,23.774999,92.825004,4.82213020324707,4.82213020324707,4.0,0.0
AIZ_GRID_051_23.774999_92.825004,2022-07-09,23.774999,92.825004,33.55370330810547,33.55370330810547,12.0,1.0
AIZ_GRID_051_23.774999_92.825004,2022-09-23,23.774999,92.825004,6.583194732666016,6.583194732666016,3.0,0.0
AIZ_GRID_051_23.774999_92.825004,2023-01-10,23.774999,92.825004,0.2414120286703109,0.2414120286703109,0.0,0.0
AIZ_GRID_051_23.774999_92.825004,2023-06-16,23.774999,92.825004,26.908824920654297,26.908824920654297,4.0,3.0
AIZ_GRID_051_23.774999_92.825004,2024-03-14,23.774999,92.825004,1.6672842502593994,1.6672842502593994,4.0,0.0
AIZ_GRID_051_23.774999_92.825004,2024-03-21,23.774999,92.825004,15.495927810668944,15.495927810668944,3.0,0.0
AIZ_GRID_051_23.774999_92.825004,2024-03-30,23.774999,92.825004,44.03178024291992,44.03178024291992,6.0,1.0
AIZ_GRID_051_23.774999_92.825004,2024-11-20,23.774999,92.825004,0.4645493626594543,0.4645493626594543,0.0,0.0
AIZ_GRID_051_23.774999_92.825004,2025-01-02,23.774999,92.825004,0.2123982161283493,0.2123982161283493,0.0,0.0
AIZ_GRID_051_23.774999_92.825004,2025-02-07,23.774999,92.825004,0.4359465539455414,0.4359465539455414,0.0,0.0
AIZ_GRID_051_23.774999_92.825004,2025-02-23,23.774999,92.825004,0.8609623312950134,0.8609623312950134,0.0,0.0
AIZ_GRID_051_23.774999_92.825004,2025-03-12,23.774999,92.825004,3.6048836708068848,3.6048836708068848,2.0,0.0
AIZ_GRID_051_23.774999_92.825004,2025-05-11,23.774999,92.825004,22.416065216064453,22.416065216064453,2.0,0.0
AIZ_GRID_051_23.774999_92.825004,2025-05-26,23.774999,92.825004,28.6898136138916,28.6898136138916,11.0,2.0
AIZ_GRID_051_23.774_92.848,2024-06-28,23.774,92.848,3.184234142303467,3.184234142303467,12.0,0.0
AIZ_GRID_051_23.7775_92.848333,2024-05-28,23.7775,92.848333,62.720123291015625,62.720123291015625,11.0,3.0
AIZ_GRID_051_23.777778_92.8479,2024-05-28,23.777778,92.8479,62.720123291015625,62.720123291015625,11.0,3.0
AIZ_GRID_051_23.778333_92.846667,2024-05-28,23.778333,92.846667,62.720123291015625,62.720123291015625,11.0,3.0
AIZ_GRID_052_23.761667_92.850833,2024-07-02,23.761667,92.850833,14.96131706237793,14.96131706237793,16.0,0.0
AIZ_GRID_052_23.768611_92.851389,2024-07-02,23.768611,92.851389,14.96131706237793,14.96131706237793,16.0,0.0
AIZ_GRID_052_23.774999_92.875004,2020-11-06,23.774999,92.875004,0.3712441027164459,0.3712441027164459,0.0,0.0
AIZ_GRID_052_23.774999_92.875004,2020-12-05,23.774999,92.875004,0.4343576729297638,0.4343576729297638,0.0,0.0
AIZ_GRID_052_23.774999_92.875004,2021-05-02,23.774999,92.875004,4.714128494262695,4.714128494262695,5.0,0.0
AIZ_GRID_052_23.774999_92.875004,2021-12-10,23.774999,92.875004,0.0448773689568042,0.0448773689568042,0.0,0.0
AIZ_GRID_052_23.774999_92.875004,2022-01-03,23.774999,92.875004,0.2646390497684479,0.2646390497684479,0.0,0.0
AIZ_GRID_052_23.774999_92.875004,2022-05-25,23.774999,92.875004,0.1970879435539245,0.1970879435539245,0.0,0.0
AIZ_GRID_052_23.774999_92.875004,2022-10-22,23.774999,92.875004,0.0143027519807219,0.0143027519807219,0.0,0.0
AIZ_GRID_052_23.774999_92.875004,2023-01-01,23.774999,92.875004,0.2062021344900131,0.2062021344900131,0.0,0.0
AIZ_GRID_052_23.774999_92.875004,2023-01-12,23.774999,92.875004,0.2220264673233032,0.2220264673233032,0.0,0.0
AIZ_GRID_052_23.774999_92.875004,2023-07-20,23.774999,92.875004,22.77800369262696,22.77800369262696,17.0,0.0
AIZ_GRID_052_23.774999_92.875004,2023-09-08,23.774999,92.875004,22.32979965209961,22.32979965209961,2.0,0.0
AIZ_GRID_052_23.774999_92.875004,2023-12-24,23.774999,92.875004,0.3945547342300415,0.3945547342300415,0.0,0.0
AIZ_GRID_052_23.774999_92.875004,2024-03-11,23.774999,92.875004,1.4917374849319458,1.4917374849319458,1.0,0.0
AIZ_GRID_052_23.774999_92.875004,2024-04-26,23.774999,92.875004,7.561672210693359,7.561672210693359,1.0,0.0
AIZ_GRID_052_23.774999_92.875004,2024-06-27,23.774999,92.875004,18.7551212310791,18.7551212310791,11.0,0.0
AIZ_GRID_052_23.774999_92.875004,2024-09-19,23.774999,92.875004,0.0591932721436023,0.0591932721436023,0.0,0.0
AIZ_GRID_052_23.774999_92.875004,2025-02-13,23.774999,92.875004,0.6626406311988831,0.6626406311988831,0.0,0.0
AIZ_GRID_052_23.774999_92.875004,2025-06-20,23.774999,92.875004,1.0726218223571775,1.0726218223571775,8.0,0.0
AIZ_GRID_057_23.824999_92.725004,2020-01-20,23.824999,92.725004,0.6387235522270203,0.6387235522270203,0.0,0.0
AIZ_GRID_057_23.824999_92.725004,2020-12-02,23.824999,92.725004,0.4444926679134369,0.4444926679134369,0.0,0.0
AIZ_GRID_057_23.824999_92.725004,2021-11-27,23.824999,92.725004,0.6111356616020203,0.6111356616020203,0.0,0.0
AIZ_GRID_057_23.824999_92.725004,2022-04-02,23.824999,92.725004,0.3495528399944305,0.3495528399944305,0.0,0.0
AIZ_GRID_057_23.824999_92.725004,2022-06-04,23.824999,92.725004,2.305407285690308,2.305407285690308,6.0,0.0
AIZ_GRID_057_23.824999_92.725004,2022-10-25,23.824999,92.725004,0.0226396359503269,0.0226396359503269,0.0,0.0
AIZ_GRID_057_23.824999_92.725004,2023-06-17,23.824999,92.725004,2.763312339782715,2.763312339782715,5.0,0.0
AIZ_GRID_057_23.824999_92.725004,2023-06-23,23.824999,92.725004,8.055978775024414,8.055978775024414,11.0,0.0
AIZ_GRID_057_23.824999_92.725004,2023-06-28,23.824999,92.725004,0.928601861000061,0.928601861000061,0.0,0.0
AIZ_GRID_057_23.824999_92.725004,2023-07-01,23.824999,92.725004,0.0542320311069488,0.0542320311069488,0.0,0.0
AIZ_GRID_057_23.824999_92.725004,2023-09-07,23.824999,92.725004,15.678406715393066,15.678406715393066,2.0,0.0
AIZ_GRID_057_23.824999_92.725004,2023-09-08,23.824999,92.725004,23.027507781982425,23.027507781982425,3.0,0.0
AIZ_GRID_057_23.824999_92.725004,2023-10-01,23.824999,92.725004,28.032569885253903,28.032569885253903,6.0,1.0
AIZ_GRID_057_23.824999_92.725004,2023-10-06,23.824999,92.725004,55.36446380615234,55.36446380615234,11.0,1.0
AIZ_GRID_057_23.824999_92.725004,2024-09-07,23.824999,92.725004,9.967150688171388,9.967150688171388,3.0,0.0
AIZ_GRID_057_23.824999_92.725004,2025-02-14,23.824999,92.725004,0.5010218024253845,0.5010218024253845,0.0,0.0
AIZ_GRID_057_23.824999_92.725004,2025-04-20,23.824999,92.725004,0.1116794869303703,0.1116794869303703,0.0,0.0
AIZ_GRID_057_23.828321_92.73701,2021-07-20,23.828321,92.73701,1.5783028602600098,1.5783028602600098,5.0,0.0
AIZ_GRID_057_23.829501_92.736459,2021-07-20,23.829501,92.736459,1.5783028602600098,1.5783028602600098,5.0,0.0
AIZ_GRID_059_23.807506_92.834172,2024-05-28,23.807506,92.834172,66.27948760986328,66.27948760986328,11.0,3.0
AIZ_GRID_059_23.807952_92.834037,2025-06-01,23.807952,92.834037,97.77747344970705,97.77747344970705,19.0,6.0
AIZ_GRID_059_23.824999_92.825004,2020-02-05,23.824999,92.825004,0.5056070685386658,0.5056070685386658,0.0,0.0
AIZ_GRID_059_23.824999_92.825004,2020-04-22,23.824999,92.825004,7.080223560333252,7.080223560333252,2.0,0.0
AIZ_GRID_059_23.824999_92.825004,2020-07-03,23.824999,92.825004,9.37649631500244,9.37649631500244,3.0,0.0
AIZ_GRID_059_23.824999_92.825004,2020-08-15,23.824999,92.825004,0.451685756444931,0.451685756444931,0.0,0.0
AIZ_GRID_059_23.824999_92.825004,2020-10-02,23.824999,92.825004,24.621660232543945,24.621660232543945,5.0,0.0
AIZ_GRID_059_23.824999_92.825004,2020-11-15,23.824999,92.825004,0.6766802668571472,0.6766802668571472,0.0,0.0
AIZ_GRID_059_23.824999_92.825004,2021-03-15,23.824999,92.825004,1.0900866985321045,1.0900866985321045,5.0,0.0
AIZ_GRID_059_23.824999_92.825004,2021-05-18,23.824999,92.825004,7.95857572555542,7.95857572555542,1.0,0.0
AIZ_GRID_059_23.824999_92.825004,2021-07-19,23.824999,92.825004,12.853147506713867,12.853147506713867,2.0,0.0
AIZ_GRID_059_23.824999_92.825004,2021-08-20,23.824999,92.825004,11.74653148651123,11.74653148651123,2.0,0.0
AIZ_GRID_059_23.824999_92.825004,2021-10-03,23.824999,92.825004,10.513998985290527,10.513998985290527,1.0,0.0
AIZ_GRID_059_23.824999_92.825004,2022-09-20,23.824999,92.825004,0.2078141719102859,0.2078141719102859,0.0,0.0
AIZ_GRID_059_23.824999_92.825004,2022-10-03,23.824999,92.825004,12.42104434967041,12.42104434967041,4.0,0.0
AIZ_GRID_059_23.824999_92.825004,2023-02-09,23.824999,92.825004,0.38776895403862,0.38776895403862,0.0,0.0
AIZ_GRID_059_23.824999_92.825004,2023-07-12,23.824999,92.825004,13.382926940917969,13.382926940917969,3.0,0.0
AIZ_GRID_059_23.824999_92.825004,2023-12-26,23.824999,92.825004,0.3412421941757202,0.3412421941757202,0.0,0.0
AIZ_GRID_059_23.824999_92.825004,2024-06-10,23.824999,92.825004,4.860039710998535,4.860039710998535,5.0,0.0
AIZ_GRID_059_23.824999_92.825004,2024-07-14,23.824999,92.825004,5.960444450378418,5.960444450378418,2.0,0.0
AIZ_GRID_059_23.824999_92.825004,2024-07-17,23.824999,92.825004,8.452728271484375,8.452728271484375,1.0,0.0
AIZ_GRID_059_23.824999_92.825004,2024-08-30,23.824999,92.825004,11.136720657348633,11.136720657348633,18.0,0.0
AIZ_GRID_059_23.824999_92.825004,2025-02-02,23.824999,92.825004,0.4389199912548065,0.4389199912548065,0.0,0.0
AIZ_GRID_059_23.826389_92.8325,2024-05-28,23.826389,92.8325,66.27948760986328,66.27948760986328,11.0,3.0
AIZ_GRID_059_23.832778_92.8325,2024-07-02,23.832778,92.8325,25.239282608032227,25.239282608032227,16.0,3.0
AIZ_GRID_059_23.838889_92.831944,2024-07-02,23.838889,92.831944,25.239282608032227,25.239282608032227,16.0,3.0
AIZ_GRID_059_23.847778_92.836944,2024-05-28,23.847778,92.836944,66.27948760986328,66.27948760986328,11.0,3.0
AIZ_GRID_069_23.851944_92.833056,2024-09-25,23.851944,92.833056,33.27486038208008,33.27486038208008,2.0,1.0
AIZ_GRID_069_23.862222_92.836667,2024-07-02,23.862222,92.836667,25.87597846984864,25.87597846984864,18.0,3.0
AIZ_GRID_069_23.874999_92.825004,2020-03-04,23.874999,92.825004,0.6257715225219727,0.6257715225219727,0.0,0.0
AIZ_GRID_069_23.874999_92.825004,2020-05-01,23.874999,92.825004,0.0045851212926208,0.0045851212926208,0.0,0.0
AIZ_GRID_069_23.874999_92.825004,2020-07-06,23.874999,92.825004,0.6530658006668091,0.6530658006668091,0.0,0.0
AIZ_GRID_069_23.874999_92.825004,2020-07-29,23.874999,92.825004,1.2509745359420776,1.2509745359420776,4.0,0.0
AIZ_GRID_069_23.874999_92.825004,2020-11-14,23.874999,92.825004,0.9338614344596864,0.9338614344596864,0.0,0.0
AIZ_GRID_069_23.874999_92.825004,2021-04-23,23.874999,92.825004,1.2057923078536987,1.2057923078536987,3.0,0.0
AIZ_GRID_069_23.874999_92.825004,2021-08-15,23.874999,92.825004,7.799312591552734,7.799312591552734,5.0,0.0
AIZ_GRID_069_23.874999_92.825004,2021-09-13,23.874999,92.825004,1.6889750957489014,1.6889750957489014,1.0,0.0
AIZ_GRID_069_23.874999_92.825004,2021-10-12,23.874999,92.825004,0.0285487659275531,0.0285487659275531,0.0,0.0
AIZ_GRID_069_23.874999_92.825004,2022-03-15,23.874999,92.825004,2.598241090774536,2.598241090774536,19.0,0.0
AIZ_GRID_069_23.874999_92.825004,2022-04-10,23.874999,92.825004,4.10603666305542,4.10603666305542,1.0,0.0
AIZ_GRID_069_23.874999_92.825004,2022-06-22,23.874999,92.825004,42.48160171508789,42.48160171508789,2.0,1.0
AIZ_GRID_069_23.874999_92.825004,2022-07-24,23.874999,92.825004,7.289830207824707,7.289830207824707,5.0,0.0
AIZ_GRID_069_23.874999_92.825004,2022-08-03,23.874999,92.825004,2.0680959224700928,2.0680959224700928,2.0,0.0
AIZ_GRID_069_23.874999_92.825004,2022-09-05,23.874999,92.825004,8.54751205444336,8.54751205444336,1.0,0.0
AIZ_GRID_069_23.874999_92.825004,2023-02-15,23.874999,92.825004,0.3598152697086334,0.3598152697086334,0.0,0.0
AIZ_GRID_069_23.874999_92.825004,2023-06-13,23.874999,92.825004,5.876933097839356,5.876933097839356,2.0,0.0
AIZ_GRID_069_23.874999_92.825004,2023-07-06,23.874999,92.825004,15.57435703277588,15.57435703277588,3.0,0.0
AIZ_GRID_069_23.874999_92.825004,2023-07-11,23.874999,92.825004,3.227392673492432,3.227392673492432,2.0,0.0
AIZ_GRID_069_23.874999_92.825004,2023-10-25,23.874999,92.825004,0.0867132395505905,0.0867132395505905,0.0,0.0
AIZ_GRID_069_23.874999_92.825004,2023-12-11,23.874999,92.825004,0.4874736964702606,0.4874736964702606,0.0,0.0
AIZ_GRID_069_23.874999_92.825004,2024-01-18,23.874999,92.825004,0.4901076853275299,0.4901076853275299,0.0,0.0
AIZ_GRID_069_23.874999_92.825004,2024-03-11,23.874999,92.825004,1.284832239151001,1.284832239151001,1.0,0.0
AIZ_GRID_069_23.874999_92.825004,2024-03-13,23.874999,92.825004,1.284832239151001,1.284832239151001,3.0,0.0
AIZ_GRID_069_23.874999_92.825004,2024-08-16,23.874999,92.825004,43.100528717041016,43.100528717041016,19.0,2.0
AIZ_GRID_069_23.874999_92.825004,2024-10-24,23.874999,92.825004,4.792654514312744,4.792654514312744,3.0,0.0
AIZ_GRID_069_23.874999_92.825004,2024-12-04,23.874999,92.825004,0.3982637226581573,0.3982637226581573,0.0,0.0
AIZ_GRID_069_23.874999_92.825004,2025-01-08,23.874999,92.825004,0.2700034976005554,0.2700034976005554,0.0,0.0
AIZ_GRID_069_23.874999_92.825004,2025-04-10,23.874999,92.825004,5.040532112121582,5.040532112121582,1.0,0.0
AIZ_GRID_069_23.876944_92.84,2024-07-02,23.876944,92.84,25.87597846984864,25.87597846984864,18.0,3.0
AIZ_GRID_069_23.877778_92.840833,2024-09-25,23.877778,92.840833,33.27486038208008,33.27486038208008,2.0,1.0
AIZ_GRID_069_23.891389_92.848889,2024-07-02,23.891389,92.848889,25.87597846984864,25.87597846984864,18.0,3.0
AIZ_GRID_069_23.893056_92.847222,2024-09-28,23.893056,92.847222,0.3801825046539306,0.3801825046539306,0.0,0.0
AIZ_GRID_070_23.866389_92.881389,2022-10-02,23.866389,92.881389,40.28863906860352,40.28863906860352,3.0,1.0
AIZ_GRID_070_23.869722_92.876111,2024-05-28,23.869722,92.876111,72.76567077636719,72.76567077636719,8.0,3.0
AIZ_GRID_070_23.874999_92.875004,2020-01-10,23.874999,92.875004,0.0131329344585537,0.0131329344585537,0.0,0.0
AIZ_GRID_070_23.874999_92.875004,2020-08-20,23.874999,92.875004,25.281869888305664,25.281869888305664,3.0,2.0
AIZ_GRID_070_23.874999_92.875004,2021-06-02,23.874999,92.875004,0.3481495082378387,0.3481495082378387,0.0,0.0
AIZ_GRID_070_23.874999_92.875004,2021-07-23,23.874999,92.875004,22.734508514404297,22.734508514404297,8.0,0.0
AIZ_GRID_070_23.874999_92.875004,2021-08-03,23.874999,92.875004,3.146010160446167,3.146010160446167,3.0,0.0
AIZ_GRID_070_23.874999_92.875004,2021-08-19,23.874999,92.875004,19.847511291503903,19.847511291503903,9.0,0.0
AIZ_GRID_070_23.874999_92.875004,2021-10-20,23.874999,92.875004,11.322498321533203,11.322498321533203,5.0,0.0
AIZ_GRID_070_23.874999_92.875004,2021-10-30,23.874999,92.875004,0.2607594132423401,0.2607594132423401,0.0,0.0
AIZ_GRID_070_23.874999_92.875004,2021-11-14,23.874999,92.875004,0.6587703824043274,0.6587703824043274,0.0,0.0
AIZ_GRID_070_23.874999_92.875004,2022-03-15,23.874999,92.875004,2.5438120365142822,2.5438120365142822,24.0,0.0
AIZ_GRID_070_23.874999_92.875004,2023-01-28,23.874999,92.875004,0.2646367847919464,0.2646367847919464,0.0,0.0
AIZ_GRID_070_23.874999_92.875004,2023-03-04,23.874999,92.875004,0.9061466455459596,0.9061466455459596,0.0,0.0
AIZ_GRID_070_23.874999_92.875004,2023-03-30,23.874999,92.875004,0.9130293726921082,0.9130293726921082,0.0,0.0
AIZ_GRID_070_23.874999_92.875004,2023-04-23,23.874999,92.875004,17.20013999938965,17.20013999938965,4.0,0.0
AIZ_GRID_070_23.874999_92.875004,2023-06-10,23.874999,92.875004,19.837560653686523,19.837560653686523,7.0,0.0
AIZ_GRID_070_23.874999_92.875004,2023-07-21,23.874999,92.875004,15.829607009887695,15.829607009887695,14.0,0.0
AIZ_GRID_070_23.874999_92.875004,2023-08-03,23.874999,92.875004,0.4048296213150024,0.4048296213150024,0.0,0.0
AIZ_GRID_070_23.874999_92.875004,2023-09-07,23.874999,92.875004,8.337037086486816,8.337037086486816,1.0,0.0
AIZ_GRID_070_23.874999_92.875004,2023-09-30,23.874999,92.875004,13.17381477355957,13.17381477355957,5.0,0.0
AIZ_GRID_070_23.874999_92.875004,2023-11-10,23.874999,92.875004,0.3431621491909027,0.3431621491909027,0.0,0.0
AIZ_GRID_070_23.874999_92.875004,2024-01-31,23.874999,92.875004,0.8295467495918274,0.8295467495918274,0.0,0.0
AIZ_GRID_070_23.874999_92.875004,2024-09-02,23.874999,92.875004,10.72082233428955,10.72082233428955,36.0,0.0
AIZ_GRID_070_23.874999_92.875004,2024-09-15,23.874999,92.875004,22.12007713317871,22.12007713317871,4.0,0.0
AIZ_GRID_070_23.874999_92.875004,2024-09-21,23.874999,92.875004,15.00812816619873,15.00812816619873,1.0,0.0
AIZ_GRID_070_23.874999_92.875004,2025-02-18,23.874999,92.875004,0.7323301434516907,0.7323301434516907,0.0,0.0
AIZ_GRID_070_23.874999_92.875004,2025-05-04,23.874999,92.875004,0.097262442111969,0.097262442111969,0.0,0.0
AIZ_GRID_070_23.874999_92.875004,2025-06-20,23.874999,92.875004,1.592922925949097,1.592922925949097,7.0,0.0
AIZ_GRID_070_23.883611_92.853056,2024-08-17,23.883611,92.853056,52.225868225097656,52.225868225097656,20.0,3.0
AIZ_GRID_070_23.885278_92.8575,2024-09-25,23.885278,92.8575,35.00104141235352,35.00104141235352,2.0,1.0
AIZ_GRID_070_23.885833_92.850556,2024-09-28,23.885833,92.850556,0.4619968235492706,0.4619968235492706,0.0,0.0
AIZ_GRID_070_23.892778_92.850833,2024-09-28,23.892778,92.850833,0.4619968235492706,0.4619968235492706,0.0,0.0
AIZ_GRID_111_24.174999_92.925004,2020-05-20,24.174999,92.925004,9.787097930908203,9.787097930908203,2.0,0.0
AIZ_GRID_111_24.174999_92.925004,2020-06-27,24.174999,92.925004,8.998516082763672,8.998516082763672,4.0,0.0
AIZ_GRID_111_24.174999_92.925004,2020-08-12,24.174999,92.925004,2.9996776580810547,2.9996776580810547,12.0,0.0
AIZ_GRID_111_24.174999_92.925004,2020-09-04,24.174999,92.925004,0.2206792384386062,0.2206792384386062,0.0,0.0
AIZ_GRID_111_24.174999_92.925004,2021-10-31,24.174999,92.925004,0.5228103995323181,0.5228103995323181,0.0,0.0
AIZ_GRID_111_24.174999_92.925004,2022-06-23,24.174999,92.925004,13.766654014587402,13.766654014587402,11.0,0.0
AIZ_GRID_111_24.174999_92.925004,2022-08-03,24.174999,92.925004,1.9197427034378047,1.9197427034378047,2.0,0.0
AIZ_GRID_111_24.174999_92.925004,2022-09-26,24.174999,92.925004,15.489641189575195,15.489641189575195,8.0,0.0
AIZ_GRID_111_24.174999_92.925004,2023-01-15,24.174999,92.925004,0.2208970338106155,0.2208970338106155,0.0,0.0
AIZ_GRID_111_24.174999_92.925004,2023-08-21,24.174999,92.925004,41.028900146484375,41.028900146484375,4.0,1.0
AIZ_GRID_111_24.174999_92.925004,2024-11-01,24.174999,92.925004,0.2371650785207748,0.2371650785207748,0.0,0.0
AIZ_GRID_111_24.174999_92.925004,2025-01-02,24.174999,92.925004,0.1443252116441726,0.1443252116441726,0.0,0.0
AIZ_GRID_111_24.174999_92.925004,2025-06-04,24.174999,92.925004,4.413885593414307,4.413885593414307,20.0,0.0
AIZ_GRID_111_24.182528_92.949917,2023-08-22,24.182528,92.949917,17.746906280517578,17.746906280517578,5.0,0.0
AIZ_GRID_116_24.274999_92.925004,2020-05-25,24.274999,92.925004,4.9360175132751465,4.9360175132751465,7.0,0.0
AIZ_GRID_116_24.274999_92.925004,2020-07-12,24.274999,92.925004,2.586796760559082,2.586796760559082,2.0,0.0
AIZ_GRID_116_24.274999_92.925004,2020-09-14,24.274999,92.925004,16.327219009399414,16.327219009399414,7.0,0.0
AIZ_GRID_116_24.274999_92.925004,2021-05-20,24.274999,92.925004,18.309959411621094,18.309959411621094,4.0,0.0
AIZ_GRID_116_24.274999_92.925004,2022-03-01,24.274999,92.925004,1.5304518938064575,1.5304518938064575,4.0,0.0
AIZ_GRID_116_24.274999_92.925004,2022-05-17,24.274999,92.925004,40.83788299560547,40.83788299560547,2.0,1.0
AIZ_GRID_116_24.274999_92.925004,2022-05-29,24.274999,92.925004,5.079664707183838,5.079664707183838,1.0,0.0
AIZ_GRID_116_24.274999_92.925004,2022-05-31,24.274999,92.925004,12.64674186706543,12.64674186706543,1.0,0.0
AIZ_GRID_116_24.274999_92.925004,2022-10-23,24.274999,92.925004,42.66670608520508,42.66670608520508,1.0,1.0
AIZ_GRID_116_24.274999_92.925004,2022-11-02,24.274999,92.925004,0.5166016221046448,0.5166016221046448,0.0,0.0
AIZ_GRID_116_24.274999_92.925004,2023-01-29,24.274999,92.925004,0.2573084235191345,0.2573084235191345,0.0,0.0
AIZ_GRID_116_24.274999_92.925004,2023-05-01,24.274999,92.925004,1.914772629737854,1.914772629737854,3.0,0.0
AIZ_GRID_116_24.274999_92.925004,2023-05-25,24.274999,92.925004,15.57095432281494,15.57095432281494,1.0,0.0
AIZ_GRID_116_24.274999_92.925004,2023-07-01,24.274999,92.925004,0.4454683065414428,0.4454683065414428,0.0,0.0
AIZ_GRID_116_24.274999_92.925004,2024-09-03,24.274999,92.925004,11.081768989562988,11.081768989562988,2.0,0.0
AIZ_GRID_116_24.274999_92.925004,2025-01-07,24.274999,92.925004,0.2738356292247772,0.2738356292247772,0.0,0.0
AIZ_GRID_116_24.285871_92.94599,2025-06-14,24.285871,92.94599,7.3257060050964355,7.3257060050964355,1.0,0.0
AIZ_GRID_116_24.288014_92.946017,2025-06-14,24.288014,92.946017,7.3257060050964355,7.3257060050964355,1.0,0.0
AIZ_GRID_117_24.271389_92.96,2023-07-24,24.271389,92.96,16.37427520751953,16.37427520751953,5.0,0.0
AIZ_GRID_117_24.274999_92.975004,2020-07-15,24.274999,92.975004,4.67103910446167,4.67103910446167,5.0,0.0
AIZ_GRID_117_24.274999_92.975004,2020-09-25,24.274999,92.975004,4.995300769805908,4.995300769805908,6.0,0.0
AIZ_GRID_117_24.274999_92.975004,2020-11-10,24.274999,92.975004,0.3165163993835449,0.3165163993835449,0.0,0.0
AIZ_GRID_117_24.274999_92.975004,2020-11-12,24.274999,92.975004,0.7006115317344666,0.7006115317344666,0.0,0.0
AIZ_GRID_117_24.274999_92.975004,2020-12-17,24.274999,92.975004,0.1118502989411354,0.1118502989411354,0.0,0.0
AIZ_GRID_117_24.274999_92.975004,2021-01-14,24.274999,92.975004,0.1674767285585403,0.1674767285585403,0.0,0.0
AIZ_GRID_117_24.274999_92.975004,2021-02-20,24.274999,92.975004,1.2018786668777466,1.2018786668777466,1.0,0.0
AIZ_GRID_117_24.274999_92.975004,2021-03-05,24.274999,92.975004,0.3928191363811493,0.3928191363811493,0.0,0.0
AIZ_GRID_117_24.274999_92.975004,2022-03-12,24.274999,92.975004,3.2380759716033936,3.2380759716033936,17.0,0.0
AIZ_GRID_117_24.274999_92.975004,2022-03-15,24.274999,92.975004,3.2380759716033936,3.2380759716033936,20.0,0.0
AIZ_GRID_117_24.274999_92.975004,2022-04-02,24.274999,92.975004,1.1240404844284058,1.1240404844284058,2.0,0.0
AIZ_GRID_117_24.274999_92.975004,2022-06-28,24.274999,92.975004,4.555996894836426,4.555996894836426,17.0,0.0
AIZ_GRID_117_24.274999_92.975004,2022-07-28,24.274999,92.975004,0.6725103855133057,0.6725103855133057,0.0,0.0
AIZ_GRID_117_24.274999_92.975004,2022-08-07,24.274999,92.975004,0.3974852859973907,0.3974852859973907,0.0,0.0
AIZ_GRID_117_24.274999_92.975004,2022-12-28,24.274999,92.975004,0.1017781421542167,0.1017781421542167,0.0,0.0
AIZ_GRID_117_24.274999_92.975004,2023-05-14,24.274999,92.975004,26.344724655151367,26.344724655151367,2.0,1.0
AIZ_GRID_117_24.274999_92.975004,2023-07-23,24.274999,92.975004,31.021223068237305,31.021223068237305,4.0,1.0
AIZ_GRID_117_24.274999_92.975004,2023-10-24,24.274999,92.975004,16.592729568481445,16.592729568481445,3.0,0.0
AIZ_GRID_117_24.274999_92.975004,2023-11-16,24.274999,92.975004,53.901466369628906,53.901466369628906,1.0,1.0
AIZ_GRID_117_24.274999_92.975004,2023-12-14,24.274999,92.975004,0.3933791518211365,0.3933791518211365,0.0,0.0
AIZ_GRID_117_24.274999_92.975004,2024-11-14,24.274999,92.975004,0.3908033370971679,0.3908033370971679,0.0,0.0
AIZ_GRID_117_24.274999_92.975004,2025-01-18,24.274999,92.975004,0.3133336007595062,0.3133336007595062,0.0,0.0
AIZ_GRID_117_24.274999_92.975004,2025-05-28,24.274999,92.975004,34.53525924682617,34.53525924682617,18.0,1.0
AIZ_GRID_122_24.354658_92.925511,2025-05-29,24.354658,92.925511,50.66191482543945,50.66191482543945,19.0,2.0
AIZ_GRID_122_24.365715_92.930137,2025-06-01,24.365715,92.930137,72.35950469970703,72.35950469970703,22.0,5.0
AIZ_GRID_122_24.374999_92.925004,2020-01-27,24.374999,92.925004,0.7094616293907166,0.7094616293907166,0.0,0.0
AIZ_GRID_122_24.374999_92.925004,2020-07-04,24.374999,92.925004,36.96998596191406,36.96998596191406,5.0,1.0
AIZ_GRID_122_24.374999_92.925004,2020-07-27,24.374999,92.925004,15.085005760192873,15.085005760192873,2.0,0.0
AIZ_GRID_122_24.374999_92.925004,2021-01-20,24.374999,92.925004,3.242598295211792,3.242598295211792,1.0,0.0
AIZ_GRID_122_24.374999_92.925004,2021-02-10,24.374999,92.925004,0.3299046456813812,0.3299046456813812,0.0,0.0
AIZ_GRID_122_24.374999_92.925004,2021-03-17,24.374999,92.925004,0.41290482878685,0.41290482878685,0.0,0.0
AIZ_GRID_122_24.374999_92.925004,2021-11-16,24.374999,92.925004,0.3275794982910156,0.3275794982910156,0.0,0.0
AIZ_GRID_122_24.374999_92.925004,2021-12-05,24.374999,92.925004,4.302569389343262,4.302569389343262,2.0,0.0
AIZ_GRID_122_24.374999_92.925004,2022-04-24,24.374999,92.925004,2.711956739425659,2.711956739425659,6.0,0.0
AIZ_GRID_122_24.374999_92.925004,2022-06-18,24.374999,92.925004,127.31412506103516,127.31412506103516,7.0,2.0
AIZ_GRID_122_24.374999_92.925004,2022-10-13,24.374999,92.925004,0.0035467823036015,0.0035467823036015,0.0,0.0
AIZ_GRID_122_24.374999_92.925004,2023-01-29,24.374999,92.925004,0.2514250874519348,0.2514250874519348,0.0,0.0
AIZ_GRID_122_24.374999_92.925004,2024-02-09,24.374999,92.925004,0.2771302163600921,0.2771302163600921,0.0,0.0
AIZ_GRID_122_24.374999_92.925004,2024-04-23,24.374999,92.925004,0.1527967303991317,0.1527967303991317,0.0,0.0
AIZ_GRID_122_24.374999_92.925004,2024-09-05,24.374999,92.925004,0.7209054231643677,0.7209054231643677,0.0,0.0
AIZ_GRID_122_24.374999_92.925004,2024-10-06,24.374999,92.925004,13.047494888305664,13.047494888305664,13.0,0.0
AIZ_GRID_122_24.374999_92.925004,2025-02-22,24.374999,92.925004,3.673172473907471,3.673172473907471,1.0,0.0
AIZ_GRID_122_24.374999_92.925004,2025-04-18,24.374999,92.925004,0.0713717564940452,0.0713717564940452,0.0,0.0
AIZ_GRID_122_24.374999_92.925004,2025-04-21,24.374999,92.925004,5.752243518829346,5.752243518829346,1.0,0.0
